2025-09-23 09:36:50 - __main__ - INFO - 요기요 로그인 시작...
2025-09-23 09:36:52 - __main__ - INFO - 로그인 버튼 클릭 성공: button[type="submit"]
2025-09-23 09:36:53 - __main__ - INFO - 로그인 성공 - 페이지 이동 감지
2025-09-23 09:36:53 - __main__ - INFO - 로그인 성공 (URL: https://ceo.yogiyo.co.kr/)
2025-09-23 09:36:53 - __main__ - INFO - 리뷰 페이지로 이동 중...
2025-09-23 09:36:55 - __main__ - INFO - 리뷰 페이지 이동 완료
2025-09-23 09:36:55 - __main__ - INFO - 매장 선택: 1468227
2025-09-23 09:36:55 - __main__ - INFO - 드롭다운 클릭 성공: div.StoreSelector__SelectedStore-sc-1rowjsb-13
2025-09-23 09:36:56 - __main__ - INFO - 매장 선택 완료: 1468227
2025-09-23 09:37:00 - __main__ - INFO - 미답변 탭 클릭 성공: 미답변 (1)
2025-09-23 09:37:00 - __main__ - INFO - 미답변 탭 클릭 완료
2025-09-23 09:37:00 - __main__ - INFO - 스크롤 1/15 진행 중...
2025-09-23 09:37:00 - __main__ - INFO - 리뷰 컨테이너 1개 발견
2025-09-23 09:37:00 - __main__ - INFO - 리뷰 1 추출 완료: kj** (5.0점, 2025.09.22)
2025-09-23 09:37:00 - __main__ - INFO - 페이지 추출 완료 - 전체: 1개, 수집: 1개, 답글있어서 스킵: 0개
2025-09-23 09:37:00 - __main__ - INFO - 현재 페이지에서 1개 리뷰 발견
2025-09-23 09:37:00 - __main__ - INFO - 새로 추가된 리뷰: 1개, 총 리뷰: 1개
2025-09-23 09:37:03 - __main__ - INFO - 더 이상 스크롤할 수 없어 수집을 중단합니다.
2025-09-23 09:37:03 - __main__ - INFO - 무한 스크롤 완료 - 총 1개 리뷰 수집
2025-09-23 09:37:03 - __main__ - INFO - 리뷰 저장: kj** (DSID: c0bf5ae71c3a9bda)
2025-09-23 09:37:06 - __main__ - INFO - 🎭 선택된 User-Agent: Mozilla/5.0 (Windows NT 10.0; Win64; x64) AppleWeb...
2025-09-23 09:37:06 - __main__ - INFO - [Network] 네트워크 인터셉트 활성화
2025-09-23 09:37:06 - __main__ - INFO - 🕵️ 스텔스 모드 로그인 시작...
2025-09-23 09:37:06 - __main__ - INFO - 🔍 로그인 전 브라우저 상태 검증...
2025-09-23 09:37:06 - __main__ - INFO - 페이지 제목: 
2025-09-23 09:37:06 - __main__ - INFO - WebGL 상태: 정상
2025-09-23 09:37:06 - __main__ - INFO - [Network] 네트워크 인터셉트 활성화
2025-09-23 09:37:06 - __main__ - ERROR - [Monitor] ERR 0.15s Unexpected token ';'
2025-09-23 09:37:06 - __main__ - ERROR - [Monitor] ERR 0.16s Unexpected token ';'
2025-09-23 09:37:07 - __main__ - ERROR - [Monitor] ERR 0.59s Unexpected token ';'
2025-09-23 09:37:07 - __main__ - ERROR - [Monitor] ERR 0.59s Unexpected token ';'
2025-09-23 09:37:08 - __main__ - ERROR - [Monitor] ERR 1.47s Unexpected token ';'
2025-09-23 09:37:08 - __main__ - ERROR - [Monitor] ERR 1.47s Unexpected token ';'
2025-09-23 09:37:13 - __main__ - INFO - [Monitor] 📋 클립보드 로그인 시작...
2025-09-23 09:37:13 - __main__ - INFO - [Monitor] ID 필드 랜덤 클릭: (1070.1, 202.9)
2025-09-23 09:37:17 - __main__ - INFO - [Monitor] ID 필드 재확인 클릭
2025-09-23 09:37:17 - __main__ - INFO - [Monitor] ID 입력 완료
2025-09-23 09:37:17 - __main__ - INFO - [Monitor] PW 필드 랜덤 클릭: (1075.4, 290.5)
2025-09-23 09:37:50 - __main__ - WARNING - [Monitor] 클립보드 방식 실패, JavaScript 직접 입력으로 전환: Timeout 30000ms exceeded.
2025-09-23 09:37:50 - __main__ - INFO - [Fallback] ID 필드 랜덤 클릭: (1019.6, 203.0)
2025-09-23 09:37:55 - __main__ - INFO - [Monitor] 🎯 로그인 버튼 클릭...
2025-09-23 09:37:56 - __main__ - INFO - [Monitor] ✅ 랜덤 위치 클릭: (859.9, 392.0)
2025-09-23 09:37:56 - __main__ - INFO - [Monitor] 🚀 로그인 버튼 클릭 완료 - 응답 대기 시작
2025-09-23 09:37:56 - __main__ - INFO - [Monitor] 로그인 API 응답 대기 중 (진단 기반 개선)...
2025-09-23 09:37:56 - __main__ - INFO - [Network] 로그인 API 요청 감지: POST https://store.coupangeats.com/api/v1/merchant/login
2025-09-23 09:38:04 - __main__ - WARNING - [Monitor] ⚠️ 8초 대기 완료 - 응답 지연 가능성
2025-09-23 09:38:06 - __main__ - WARNING - ❌ 로그인 실패 - 9번 더 시도 남음
2025-09-23 09:38:06 - __main__ - INFO - [Retry] 실패 유형 분석: timeout
2025-09-23 09:38:06 - __main__ - INFO - [Retry] 타임아웃 전략 적용
2025-09-23 09:38:22 - __main__ - ERROR - [Monitor] ERR 75.39s Unexpected token ';'
2025-09-23 09:38:22 - __main__ - ERROR - [Monitor] ERR 75.39s Unexpected token ';'
2025-09-23 09:38:23 - __main__ - ERROR - [Monitor] ERR 76.56s Unexpected token ';'
2025-09-23 09:38:23 - __main__ - ERROR - [Monitor] ERR 76.56s Unexpected token ';'
2025-09-23 09:38:25 - __main__ - INFO - 🕵️ 스텔스 모드 로그인 시작...
2025-09-23 09:38:25 - __main__ - INFO - 🔍 로그인 전 브라우저 상태 검증...
2025-09-23 09:38:25 - __main__ - INFO - 페이지 제목: 쿠팡이츠 사장님 포털
2025-09-23 09:38:25 - __main__ - INFO - WebGL 상태: 정상
2025-09-23 09:38:25 - __main__ - INFO - [Network] 네트워크 인터셉트 활성화
2025-09-23 09:38:25 - __main__ - ERROR - [Monitor] ERR 0.18s Unexpected token ';'
2025-09-23 09:38:25 - __main__ - ERROR - [Monitor] ERR 0.19s Unexpected token ';'
2025-09-23 09:38:25 - __main__ - ERROR - [Monitor] ERR 0.19s Unexpected token ';'
2025-09-23 09:38:25 - __main__ - ERROR - [Monitor] ERR 0.32s Unexpected token ';'
2025-09-23 09:38:25 - __main__ - ERROR - [Monitor] ERR 0.32s Unexpected token ';'
2025-09-23 09:38:25 - __main__ - ERROR - [Monitor] ERR 0.32s Unexpected token ';'
2025-09-23 09:38:26 - __main__ - ERROR - [Monitor] ERR 1.44s Unexpected token ';'
2025-09-23 09:38:26 - __main__ - ERROR - [Monitor] ERR 1.44s Unexpected token ';'
2025-09-23 09:38:26 - __main__ - ERROR - [Monitor] ERR 1.44s Unexpected token ';'
2025-09-23 09:38:32 - __main__ - INFO - [Monitor] 📋 클립보드 로그인 시작...
2025-09-23 09:38:32 - __main__ - INFO - [Monitor] ID 필드 랜덤 클릭: (1009.2, 225.0)
2025-09-23 09:38:34 - __main__ - INFO - [Monitor] Ctrl+A 두 번 누름 (인간적 실수)
2025-09-23 09:38:35 - __main__ - INFO - [Monitor] ID 입력 완료
2025-09-23 09:38:35 - __main__ - INFO - [Monitor] PW 필드 랜덤 클릭: (1067.1, 288.1)
2025-09-23 09:38:39 - __main__ - INFO - [Monitor] PW 입력 완료
2025-09-23 09:38:40 - __main__ - INFO - [Monitor] 🎯 로그인 버튼 클릭...
2025-09-23 09:38:41 - __main__ - INFO - [Monitor] ✅ 랜덤 위치 클릭: (835.2, 424.5)
2025-09-23 09:38:41 - __main__ - INFO - [Monitor] 🚀 로그인 버튼 클릭 완료 - 응답 대기 시작
2025-09-23 09:38:41 - __main__ - INFO - [Monitor] 로그인 API 응답 대기 중 (진단 기반 개선)...
2025-09-23 09:38:41 - __main__ - INFO - [Network] 로그인 API 요청 감지: POST https://store.coupangeats.com/api/v1/merchant/login
2025-09-23 09:38:49 - __main__ - WARNING - [Monitor] ⚠️ 8초 대기 완료 - 응답 지연 가능성
2025-09-23 09:38:51 - __main__ - WARNING - ❌ 로그인 실패 - 8번 더 시도 남음
2025-09-23 09:38:51 - __main__ - INFO - [Retry] 실패 유형 분석: timeout
2025-09-23 09:38:51 - __main__ - INFO - [Retry] 타임아웃 전략 적용
2025-09-23 09:39:11 - __main__ - ERROR - [Monitor] ERR 46.37s Unexpected token ';'
2025-09-23 09:39:11 - __main__ - ERROR - [Monitor] ERR 46.37s Unexpected token ';'
2025-09-23 09:39:11 - __main__ - ERROR - [Monitor] ERR 46.37s Unexpected token ';'
2025-09-23 09:39:12 - __main__ - ERROR - [Monitor] ERR 47.49s Unexpected token ';'
2025-09-23 09:39:12 - __main__ - ERROR - [Monitor] ERR 47.49s Unexpected token ';'
2025-09-23 09:39:12 - __main__ - ERROR - [Monitor] ERR 47.49s Unexpected token ';'
2025-09-23 09:39:14 - __main__ - INFO - 🕵️ 스텔스 모드 로그인 시작...
2025-09-23 09:39:14 - __main__ - INFO - 🔍 로그인 전 브라우저 상태 검증...
2025-09-23 09:39:14 - __main__ - INFO - 페이지 제목: 쿠팡이츠 사장님 포털
2025-09-23 09:39:14 - __main__ - INFO - WebGL 상태: 정상
2025-09-23 09:39:14 - __main__ - INFO - [Network] 네트워크 인터셉트 활성화
2025-09-23 09:39:14 - __main__ - ERROR - [Monitor] ERR 0.10s Unexpected token ';'
2025-09-23 09:39:14 - __main__ - ERROR - [Monitor] ERR 0.10s Unexpected token ';'
2025-09-23 09:39:14 - __main__ - ERROR - [Monitor] ERR 0.10s Unexpected token ';'
2025-09-23 09:39:14 - __main__ - ERROR - [Monitor] ERR 0.10s Unexpected token ';'
2025-09-23 09:39:15 - __main__ - ERROR - [Monitor] ERR 0.32s Unexpected token ';'
2025-09-23 09:39:15 - __main__ - ERROR - [Monitor] ERR 0.32s Unexpected token ';'
2025-09-23 09:39:15 - __main__ - ERROR - [Monitor] ERR 0.32s Unexpected token ';'
2025-09-23 09:39:15 - __main__ - ERROR - [Monitor] ERR 0.32s Unexpected token ';'
2025-09-23 09:39:16 - __main__ - ERROR - [Monitor] ERR 1.27s Unexpected token ';'
2025-09-23 09:39:16 - __main__ - ERROR - [Monitor] ERR 1.27s Unexpected token ';'
2025-09-23 09:39:16 - __main__ - ERROR - [Monitor] ERR 1.27s Unexpected token ';'
2025-09-23 09:39:16 - __main__ - ERROR - [Monitor] ERR 1.27s Unexpected token ';'
2025-09-23 09:39:22 - __main__ - INFO - [Monitor] 📋 클립보드 로그인 시작...
2025-09-23 09:39:22 - __main__ - INFO - [Monitor] ID 필드 랜덤 클릭: (984.8, 210.9)
2025-09-23 09:39:25 - __main__ - INFO - [Monitor] ID 입력 완료
2025-09-23 09:39:25 - __main__ - INFO - [Monitor] PW 필드 랜덤 클릭: (880.1, 292.7)
2025-09-23 09:39:29 - __main__ - INFO - [Monitor] PW 입력 완료
2025-09-23 09:39:30 - __main__ - INFO - [Monitor] 🎯 로그인 버튼 클릭...
2025-09-23 09:39:31 - __main__ - INFO - [Monitor] ✅ 랜덤 위치 클릭: (921.3, 425.6)
2025-09-23 09:39:31 - __main__ - INFO - [Monitor] 🚀 로그인 버튼 클릭 완료 - 응답 대기 시작
2025-09-23 09:39:31 - __main__ - INFO - [Monitor] 로그인 API 응답 대기 중 (진단 기반 개선)...
2025-09-23 09:39:39 - __main__ - WARNING - [Monitor] ⚠️ 8초 대기 완료 - 응답 지연 가능성
2025-09-23 09:39:41 - __main__ - WARNING - ❌ 로그인 실패 - 7번 더 시도 남음
2025-09-23 09:39:41 - __main__ - INFO - [Retry] 실패 유형 분석: timeout
2025-09-23 09:39:41 - __main__ - INFO - [Retry] 타임아웃 전략 적용
2025-09-23 09:40:03 - __main__ - INFO - [Network] 로그인 API 요청 감지: POST https://store.coupangeats.com/api/v1/merchant/login
2025-09-23 09:40:06 - __main__ - ERROR - [Monitor] ERR 52.01s Unexpected token ';'
2025-09-23 09:40:06 - __main__ - ERROR - [Monitor] ERR 52.01s Unexpected token ';'
2025-09-23 09:40:06 - __main__ - ERROR - [Monitor] ERR 52.01s Unexpected token ';'
2025-09-23 09:40:06 - __main__ - ERROR - [Monitor] ERR 52.01s Unexpected token ';'
2025-09-23 09:40:08 - __main__ - ERROR - [Monitor] ERR 53.26s Unexpected token ';'
2025-09-23 09:40:08 - __main__ - ERROR - [Monitor] ERR 53.26s Unexpected token ';'
2025-09-23 09:40:08 - __main__ - ERROR - [Monitor] ERR 53.26s Unexpected token ';'
2025-09-23 09:40:08 - __main__ - ERROR - [Monitor] ERR 53.26s Unexpected token ';'
2025-09-23 09:40:10 - __main__ - INFO - 🕵️ 스텔스 모드 로그인 시작...
2025-09-23 09:40:10 - __main__ - INFO - 🔍 로그인 전 브라우저 상태 검증...
2025-09-23 09:40:10 - __main__ - INFO - 페이지 제목: 쿠팡이츠 사장님 포털
2025-09-23 09:40:10 - __main__ - INFO - WebGL 상태: 정상
2025-09-23 09:40:10 - __main__ - INFO - [Network] 네트워크 인터셉트 활성화
2025-09-23 09:40:10 - __main__ - ERROR - [Monitor] ERR 0.15s Unexpected token ';'
2025-09-23 09:40:10 - __main__ - ERROR - [Monitor] ERR 0.16s Unexpected token ';'
2025-09-23 09:40:10 - __main__ - ERROR - [Monitor] ERR 0.16s Unexpected token ';'
2025-09-23 09:40:10 - __main__ - ERROR - [Monitor] ERR 0.16s Unexpected token ';'
2025-09-23 09:40:10 - __main__ - ERROR - [Monitor] ERR 0.16s Unexpected token ';'
2025-09-23 09:40:10 - __main__ - ERROR - [Monitor] ERR 0.47s Unexpected token ';'
2025-09-23 09:40:10 - __main__ - ERROR - [Monitor] ERR 0.47s Unexpected token ';'
2025-09-23 09:40:10 - __main__ - ERROR - [Monitor] ERR 0.47s Unexpected token ';'
2025-09-23 09:40:10 - __main__ - ERROR - [Monitor] ERR 0.47s Unexpected token ';'
2025-09-23 09:40:10 - __main__ - ERROR - [Monitor] ERR 0.47s Unexpected token ';'
2025-09-23 09:40:11 - __main__ - ERROR - [Monitor] ERR 1.43s Unexpected token ';'
2025-09-23 09:40:11 - __main__ - ERROR - [Monitor] ERR 1.43s Unexpected token ';'
2025-09-23 09:40:11 - __main__ - ERROR - [Monitor] ERR 1.43s Unexpected token ';'
2025-09-23 09:40:11 - __main__ - ERROR - [Monitor] ERR 1.43s Unexpected token ';'
2025-09-23 09:40:11 - __main__ - ERROR - [Monitor] ERR 1.43s Unexpected token ';'
2025-09-23 09:40:17 - __main__ - INFO - [Monitor] 📋 클립보드 로그인 시작...
2025-09-23 09:40:17 - __main__ - INFO - [Monitor] ID 필드 랜덤 클릭: (901.3, 197.4)
2025-09-23 09:40:19 - __main__ - INFO - [Monitor] ID 입력 완료
2025-09-23 09:40:19 - __main__ - INFO - [Monitor] PW 필드 랜덤 클릭: (931.1, 287.3)
2025-09-23 09:40:22 - __main__ - INFO - [Monitor] PW 입력 완료
2025-09-23 09:40:24 - __main__ - INFO - [Monitor] 🎯 로그인 버튼 클릭...
2025-09-23 09:40:25 - __main__ - INFO - [Monitor] ✅ 랜덤 위치 클릭: (978.5, 419.2)
2025-09-23 09:40:25 - __main__ - INFO - [Monitor] 🚀 로그인 버튼 클릭 완료 - 응답 대기 시작
2025-09-23 09:40:25 - __main__ - INFO - [Monitor] 로그인 API 응답 대기 중 (진단 기반 개선)...
2025-09-23 09:40:25 - __main__ - INFO - [Network] 로그인 API 요청 감지: POST https://store.coupangeats.com/api/v1/merchant/login
2025-09-23 09:40:25 - __main__ - ERROR - [Monitor] ERR 15.39s Unexpected token ';'
2025-09-23 09:40:25 - __main__ - ERROR - [Monitor] ERR 15.39s Unexpected token ';'
2025-09-23 09:40:25 - __main__ - ERROR - [Monitor] ERR 15.40s Unexpected token ';'
2025-09-23 09:40:25 - __main__ - ERROR - [Monitor] ERR 15.40s Unexpected token ';'
2025-09-23 09:40:25 - __main__ - ERROR - [Monitor] ERR 15.40s Unexpected token ';'
2025-09-23 09:40:26 - __main__ - INFO - [Monitor] ✅ URL 변경 감지! 로그인 성공: https://store.coupangeats.com/merchant/management
2025-09-23 09:40:26 - __main__ - INFO - [Monitor] ✅ 로그인 성공 확인됨
2025-09-23 09:40:26 - __main__ - INFO - ✅ 로그인 성공! (4번째 시도)
2025-09-23 09:40:26 - __main__ - INFO - [Retry] 성공 패턴 기록: 시도 4회 만에 성공
2025-09-23 09:40:26 - __main__ - INFO - 리뷰 페이지로 이동...
2025-09-23 09:40:26 - __main__ - ERROR - [Monitor] ERR 16.12s Unexpected token ';'
2025-09-23 09:40:26 - __main__ - ERROR - [Monitor] ERR 16.12s Unexpected token ';'
2025-09-23 09:40:26 - __main__ - ERROR - [Monitor] ERR 16.13s Unexpected token ';'
2025-09-23 09:40:26 - __main__ - ERROR - [Monitor] ERR 16.13s Unexpected token ';'
2025-09-23 09:40:26 - __main__ - ERROR - [Monitor] ERR 16.13s Unexpected token ';'
2025-09-23 09:40:27 - __main__ - ERROR - [Monitor] ERR 17.66s Unexpected token ';'
2025-09-23 09:40:27 - __main__ - ERROR - [Monitor] ERR 17.66s Unexpected token ';'
2025-09-23 09:40:27 - __main__ - ERROR - [Monitor] ERR 17.66s Unexpected token ';'
2025-09-23 09:40:27 - __main__ - ERROR - [Monitor] ERR 17.66s Unexpected token ';'
2025-09-23 09:40:27 - __main__ - ERROR - [Monitor] ERR 17.66s Unexpected token ';'
2025-09-23 09:40:29 - __main__ - INFO - 리뷰 페이지 이동 완료
2025-09-23 09:40:31 - __main__ - INFO - 모달 창 탐지 및 닫기 시작...
2025-09-23 09:40:31 - __main__ - INFO - 셀레니움 검증된 버튼 없음 - 다른 방법 시도
2025-09-23 09:40:31 - __main__ - INFO - ESC 키로 모달 닫기 시도...
2025-09-23 09:40:32 - __main__ - INFO - 빈 공간 클릭 시도...
2025-09-23 09:40:33 - __main__ - INFO - 기본 모달 닫기 시도 완료
2025-09-23 09:40:33 - __main__ - INFO - ✅ 모달 창 닫기 성공: button:has(svg)
2025-09-23 09:40:35 - __main__ - INFO - 모달 창 탐지 및 닫기 시작...
2025-09-23 09:40:35 - __main__ - INFO - 셀레니움 검증된 버튼 없음 - 다른 방법 시도
2025-09-23 09:40:35 - __main__ - INFO - ESC 키로 모달 닫기 시도...
2025-09-23 09:40:36 - __main__ - INFO - 빈 공간 클릭 시도...
2025-09-23 09:40:37 - __main__ - INFO - 기본 모달 닫기 시도 완료
2025-09-23 09:40:37 - __main__ - INFO - ✅ 모달 창 닫기 성공: button:has(svg)
2025-09-23 09:40:38 - __main__ - INFO - 매장 선택: 349040
2025-09-23 09:40:38 - __main__ - INFO - 드롭다운 버튼 발견: .button:has(svg)
2025-09-23 09:40:40 - __main__ - INFO - 매장 옵션 발견: .options li, 1개
2025-09-23 09:40:40 - __main__ - INFO - 매장 선택 완료: 탕화쿵푸마라탕 무실점 (349040)
2025-09-23 09:40:42 - __main__ - INFO - 날짜 필터 적용: 최근 7일
2025-09-23 09:40:42 - __main__ - INFO - 날짜 드롭다운 발견: .css-1rkgd7l.eylfi1j5
2025-09-23 09:40:44 - __main__ - INFO - 날짜 라디오 버튼 발견 (보임): label:has(input[type="radio"][value="1"])
2025-09-23 09:40:44 - __main__ - INFO - ✅ 최근 1주일 선택 클릭 성공
2025-09-23 09:40:46 - __main__ - INFO - ✅ 최근 1주일 선택 확인됨
2025-09-23 09:40:46 - __main__ - INFO - 미답변 탭 클릭
2025-09-23 09:40:46 - __main__ - INFO - 미답변 탭 발견: strong:has-text("미답변")
2025-09-23 09:40:46 - __main__ - INFO - 미답변 탭 클릭 완료
2025-09-23 09:40:49 - __main__ - INFO - 페이지 1 리뷰 수집 중...
2025-09-23 09:40:49 - __main__ - INFO - 테이블 기반 리뷰 추출 시작...
2025-09-23 09:40:49 - __main__ - INFO - tbody 요소 1개 발견
2025-09-23 09:40:49 - __main__ - INFO - tbody 내 tr 요소 3개 발견
2025-09-23 09:40:49 - __main__ - INFO - 리뷰 TR 1 발견: 윤**5회 주문
2025-09-22
	

마라는 탕화

주문메뉴

마라탕

주문번호

0NTCC2ㆍ2025-09-22(주문일)

수령방식

배달

사장님 댓글 등록하기...
2025-09-23 09:40:49 - __main__ - INFO - 리뷰 TR 2 발견: 최**3회 주문
2025-09-22
	
주문메뉴

계란볶음밥鸡蛋炒fan ㆍ마라탕

주문번호

0YAHC2ㆍ2025-09-21(주문일)

수령방식

배달

사장님 댓글 등록하기...
2025-09-23 09:40:49 - __main__ - INFO - 리뷰 TR 3 발견: 김**4회 주문
2025-09-22
	
주문메뉴

마라탕

주문번호

1BPDCZㆍ2025-09-18(주문일)

수령방식

배달

사장님 댓글 등록하기...
2025-09-23 09:40:49 - __main__ - INFO - 총 3개의 리뷰 TR 발견
2025-09-23 09:40:49 - __main__ - INFO - TR 리뷰 1 추출 완료: 윤** (5점) - 마라는 탕화...
2025-09-23 09:40:49 - __main__ - INFO - TR 리뷰 2 추출 완료: 최** (5점) - 계란볶음밥鸡蛋炒fan ㆍ마라탕...
2025-09-23 09:40:49 - __main__ - INFO - TR 리뷰 3 추출 완료: 김** (5점) - 마라탕...
2025-09-23 09:40:49 - __main__ - INFO - 페이지 1에서 3개 리뷰 수집
2025-09-23 09:40:49 - __main__ - INFO - 다음 페이지 버튼을 찾을 수 없습니다.
2025-09-23 09:40:49 - __main__ - INFO - 다음 페이지가 없습니다.
2025-09-23 09:40:49 - __main__ - INFO - 총 3개 리뷰 수집 완료
2025-09-23 09:40:50 - __main__ - INFO - 매장 UUID: bbb9c0ca-77c0-4db6-a804-fcb91d7f50e5
2025-09-23 09:40:50 - __main__ - INFO - 리뷰 저장 완료: 윤** (ID: 0NTCC2)
2025-09-23 09:40:50 - __main__ - INFO - 리뷰 저장 완료: 최** (ID: 0YAHC2)
2025-09-23 09:40:50 - __main__ - INFO - 리뷰 저장 완료: 김** (ID: 1BPDCZ)
2025-09-23 09:40:50 - __main__ - INFO - 총 3개 리뷰 저장 완료
2025-09-23 09:42:06 - backend.core.coupang_reply_poster - INFO - ⏰ 현재 시각: 2025-09-23T09:42:06.555413
2025-09-23 09:42:06 - backend.core.coupang_reply_poster - INFO - ✅ 답글 등록 시간 도달: 1BPDCZ (예정: 2025-09-23T00:00:00)
2025-09-23 09:42:06 - backend.core.coupang_reply_poster - INFO - ✅ 답글 등록 시간 도달: 0YAHC2 (예정: 2025-09-23T00:00:00)
2025-09-23 09:42:06 - backend.core.coupang_reply_poster - INFO - ✅ 답글 등록 시간 도달: 0NTCC2 (예정: 2025-09-23T00:00:00)
2025-09-23 09:42:06 - backend.core.coupang_reply_poster - INFO - 📋 schedulable_reply_date 필터링 결과:
2025-09-23 09:42:06 - backend.core.coupang_reply_poster - INFO -     - 전체 조회: 3개
2025-09-23 09:42:06 - backend.core.coupang_reply_poster - INFO -     - 즉시 처리: 3개
2025-09-23 09:42:06 - backend.core.coupang_reply_poster - INFO -     - 예약 대기: 0개
2025-09-23 09:42:06 - backend.core.coupang_reply_poster - INFO - 답글이 필요한 리뷰: 3개
2025-09-23 09:42:06 - backend.core.coupang_reply_poster - INFO - 🛡️ 중복 방지 시스템 활성화 - 현재 세션 리뷰 목록 저장 완료
2025-09-23 09:42:06 - backend.core.coupang_reply_poster - INFO - 🌐 연결 방식: 직접 연결 (프록시 비활성화)
2025-09-23 09:42:06 - backend.core.coupang_reply_poster - INFO - 🎭 User-Agent: 브라우저 기본값 사용
2025-09-23 09:42:07 - backend.core.coupang_reply_poster - INFO - 로그인 시도 1/5
2025-09-23 09:42:07 - backend.core.coupang_reply_poster - INFO - 🚀 Enhanced 쿠팡잇츠 로그인 시작...
2025-09-23 09:42:07 - backend.core.coupang_reply_poster - INFO - 로그인 페이지로 이동 중...
2025-09-23 09:42:13 - backend.core.coupang_reply_poster - INFO - [ReplyPoster] 📋 클립보드 로그인 시작...
2025-09-23 09:42:13 - backend.core.coupang_reply_poster - INFO - [ReplyPoster] ID 입력 완료
2025-09-23 09:42:13 - backend.core.coupang_reply_poster - INFO - [ReplyPoster] PW 입력 완료
2025-09-23 09:42:13 - backend.core.coupang_reply_poster - INFO - [ReplyPoster] 🎯 로그인 버튼 클릭...
2025-09-23 09:42:14 - backend.core.coupang_reply_poster - INFO - [ReplyPoster] ✅ 랜덤 위치 클릭: (798.9, 428.0)
2025-09-23 09:42:14 - backend.core.coupang_reply_poster - INFO - [ReplyPoster] 🚀 로그인 버튼 클릭 완료 - 응답 대기 시작
2025-09-23 09:42:14 - backend.core.coupang_reply_poster - INFO - [ReplyPoster] 빠른 실패 감지 중 (3초)...
2025-09-23 09:42:15 - backend.core.coupang_reply_poster - INFO - [ReplyPoster] URL 변경 감지! 성공 가능성 있음: https://store.coupangeats.com/merchant/management
2025-09-23 09:42:15 - backend.core.coupang_reply_poster - INFO - [ReplyPoster] 로그인 후 최종 URL: https://store.coupangeats.com/merchant/management
2025-09-23 09:42:15 - backend.core.coupang_reply_poster - INFO - [ReplyPoster] 로그인 성공 (URL 기준)
2025-09-23 09:42:15 - backend.core.coupang_reply_poster - INFO - 🎉 로그인 성공! (시도 1번째)
2025-09-23 09:42:15 - backend.core.coupang_reply_poster - INFO - 리뷰 페이지로 이동...
2025-09-23 09:42:17 - backend.core.coupang_reply_poster - INFO - 리뷰 페이지 이동 완료
2025-09-23 09:42:19 - backend.core.coupang_reply_poster - INFO - 모달 창 탐지 및 닫기 시작...
2025-09-23 09:42:19 - backend.core.coupang_reply_poster - INFO - 셀레니움 검증된 버튼 없음 - 다른 방법 시도
2025-09-23 09:42:19 - backend.core.coupang_reply_poster - INFO - ESC 키로 모달 닫기 시도...
2025-09-23 09:42:20 - backend.core.coupang_reply_poster - INFO - 빈 공간 클릭 시도...
2025-09-23 09:42:21 - backend.core.coupang_reply_poster - INFO - 기본 모달 닫기 시도 완료
2025-09-23 09:42:21 - backend.core.coupang_reply_poster - INFO - ✅ 모달 창 닫기 성공: button:has(svg)
2025-09-23 09:42:23 - backend.core.coupang_reply_poster - INFO - 모달 창 탐지 및 닫기 시작...
2025-09-23 09:42:23 - backend.core.coupang_reply_poster - INFO - 셀레니움 검증된 버튼 없음 - 다른 방법 시도
2025-09-23 09:42:23 - backend.core.coupang_reply_poster - INFO - ESC 키로 모달 닫기 시도...
2025-09-23 09:42:24 - backend.core.coupang_reply_poster - INFO - 빈 공간 클릭 시도...
2025-09-23 09:42:25 - backend.core.coupang_reply_poster - INFO - 기본 모달 닫기 시도 완료
2025-09-23 09:42:25 - backend.core.coupang_reply_poster - INFO - ✅ 모달 창 닫기 성공: button:has(svg)
2025-09-23 09:42:27 - backend.core.coupang_reply_poster - INFO - 모달 창 탐지 및 닫기 시작...
2025-09-23 09:42:27 - backend.core.coupang_reply_poster - INFO - 셀레니움 검증된 버튼 없음 - 다른 방법 시도
2025-09-23 09:42:27 - backend.core.coupang_reply_poster - INFO - ESC 키로 모달 닫기 시도...
2025-09-23 09:42:28 - backend.core.coupang_reply_poster - INFO - 빈 공간 클릭 시도...
2025-09-23 09:42:29 - backend.core.coupang_reply_poster - INFO - 기본 모달 닫기 시도 완료
2025-09-23 09:42:29 - backend.core.coupang_reply_poster - INFO - ✅ 모달 창 닫기 성공: button:has(svg)
2025-09-23 09:42:31 - backend.core.coupang_reply_poster - INFO - 모달 창 탐지 및 닫기 시작...
2025-09-23 09:42:31 - backend.core.coupang_reply_poster - INFO - 셀레니움 검증된 버튼 없음 - 다른 방법 시도
2025-09-23 09:42:31 - backend.core.coupang_reply_poster - INFO - ESC 키로 모달 닫기 시도...
2025-09-23 09:42:32 - backend.core.coupang_reply_poster - INFO - 빈 공간 클릭 시도...
2025-09-23 09:42:33 - backend.core.coupang_reply_poster - INFO - 기본 모달 닫기 시도 완료
2025-09-23 09:42:33 - backend.core.coupang_reply_poster - INFO - ✅ 모달 창 닫기 성공: button:has(svg)
2025-09-23 09:42:34 - backend.core.coupang_reply_poster - INFO - 매장 선택: 349040
2025-09-23 09:42:35 - backend.core.coupang_reply_poster - INFO - 매장 선택 완료: 탕화쿵푸마라탕 무실점 (349040)
2025-09-23 09:42:36 - backend.core.coupang_reply_poster - INFO - 날짜 필터 적용: 최근 7일
2025-09-23 09:42:36 - backend.core.coupang_reply_poster - INFO - 날짜 드롭다운 발견: .css-1rkgd7l.eylfi1j5
2025-09-23 09:42:38 - backend.core.coupang_reply_poster - INFO - 날짜 라디오 버튼 발견 (보임): label:has(input[type="radio"][value="1"])
2025-09-23 09:42:38 - backend.core.coupang_reply_poster - INFO - ✅ 최근 1주일 선택 클릭 성공
2025-09-23 09:42:40 - backend.core.coupang_reply_poster - INFO - 미답변 탭 클릭
2025-09-23 09:42:40 - backend.core.coupang_reply_poster - INFO - 미답변 탭 발견: strong:has-text("미답변")
2025-09-23 09:42:40 - backend.core.coupang_reply_poster - INFO - ✅ 미답변 탭 클릭 성공
2025-09-23 09:42:43 - backend.core.coupang_reply_poster - INFO - 🔄 리뷰 처리 시작: 1BPDCZ (총 처리 중: 1개)
2025-09-23 09:42:43 - backend.core.coupang_reply_poster - INFO - 답글 포스팅 시작: 김** (ID: 1BPDCZ)
2025-09-23 09:42:43 - backend.core.coupang_reply_poster - INFO - 리뷰 검색 시작: ID=1BPDCZ, 이름=김**
2025-09-23 09:42:43 - backend.core.coupang_reply_poster - INFO - 페이지 1에서 리뷰 검색 중...
2025-09-23 09:42:43 - backend.core.coupang_reply_poster - INFO - ✅ 주문번호 정확 매칭 성공: 1BPDCZ
2025-09-23 09:42:43 - backend.core.coupang_reply_poster - INFO - ✅ 테이블 행에서 답글 버튼 발견! (레벨 4)
2025-09-23 09:42:43 - backend.core.coupang_reply_poster - INFO - ✅ 리뷰 발견: 페이지 1
2025-09-23 09:42:45 - backend.core.coupang_reply_poster - INFO - 쿠팡이츠 등록 버튼 클릭 완료 (span:has-text("등록")): 1BPDCZ
2025-09-23 09:42:48 - backend.core.coupang_reply_poster - INFO - 🔍 쿠팡이츠 금지어 팝업 확인 중...
2025-09-23 09:42:48 - backend.core.coupang_reply_poster - INFO - ✅ 쿠팡이츠 금지어 팝업 없음 - 등록 성공 검증 중...
2025-09-23 09:42:48 - backend.core.coupang_reply_poster - INFO - 답글 상태 업데이트 완료: 47583734-bf66-404f-9a7f-1efc79e0f6a9 -> sent
2025-09-23 09:42:48 - backend.core.coupang_reply_poster - INFO - ✅ 답글 등록 완료: 김**
2025-09-23 09:42:48 - backend.core.coupang_reply_poster - INFO - 답글 등록 완료: 김**
2025-09-23 09:42:48 - backend.core.coupang_reply_poster - INFO - ✅ 리뷰 처리 완료: 1BPDCZ
2025-09-23 09:42:48 - backend.core.coupang_reply_poster - INFO - 🔄 리뷰 처리 시작: 0YAHC2 (총 처리 중: 2개)
2025-09-23 09:42:48 - backend.core.coupang_reply_poster - INFO - 답글 포스팅 시작: 최** (ID: 0YAHC2)
2025-09-23 09:42:48 - backend.core.coupang_reply_poster - INFO - 리뷰 검색 시작: ID=0YAHC2, 이름=최**
2025-09-23 09:42:48 - backend.core.coupang_reply_poster - INFO - 페이지 1에서 리뷰 검색 중...
2025-09-23 09:42:48 - backend.core.coupang_reply_poster - INFO - ✅ 주문번호 정확 매칭 성공: 0YAHC2
2025-09-23 09:42:48 - backend.core.coupang_reply_poster - INFO - ✅ 테이블 행에서 답글 버튼 발견! (레벨 4)
2025-09-23 09:42:48 - backend.core.coupang_reply_poster - INFO - ✅ 리뷰 발견: 페이지 1
2025-09-23 09:42:50 - backend.core.coupang_reply_poster - INFO - 쿠팡이츠 등록 버튼 클릭 완료 (span:has-text("등록")): 0YAHC2
2025-09-23 09:42:53 - backend.core.coupang_reply_poster - INFO - 🔍 쿠팡이츠 금지어 팝업 확인 중...
2025-09-23 09:42:53 - backend.core.coupang_reply_poster - INFO - ✅ 쿠팡이츠 금지어 팝업 없음 - 등록 성공 검증 중...
2025-09-23 09:42:53 - backend.core.coupang_reply_poster - INFO - 답글 상태 업데이트 완료: a7994d99-1e92-4583-aa6d-ab075e3a5b76 -> sent
2025-09-23 09:42:53 - backend.core.coupang_reply_poster - INFO - ✅ 답글 등록 완료: 최**
2025-09-23 09:42:53 - backend.core.coupang_reply_poster - INFO - 답글 등록 완료: 최**
2025-09-23 09:42:53 - backend.core.coupang_reply_poster - INFO - ✅ 리뷰 처리 완료: 0YAHC2
2025-09-23 09:42:53 - backend.core.coupang_reply_poster - INFO - 🔄 리뷰 처리 시작: 0NTCC2 (총 처리 중: 3개)
2025-09-23 09:42:53 - backend.core.coupang_reply_poster - INFO - 답글 포스팅 시작: 윤** (ID: 0NTCC2)
2025-09-23 09:42:53 - backend.core.coupang_reply_poster - INFO - 리뷰 검색 시작: ID=0NTCC2, 이름=윤**
2025-09-23 09:42:53 - backend.core.coupang_reply_poster - INFO - 페이지 1에서 리뷰 검색 중...
2025-09-23 09:42:53 - backend.core.coupang_reply_poster - INFO - ✅ 주문번호 정확 매칭 성공: 0NTCC2
2025-09-23 09:42:53 - backend.core.coupang_reply_poster - INFO - ✅ 테이블 행에서 답글 버튼 발견! (레벨 4)
2025-09-23 09:42:53 - backend.core.coupang_reply_poster - INFO - ✅ 리뷰 발견: 페이지 1
2025-09-23 09:42:55 - backend.core.coupang_reply_poster - INFO - 쿠팡이츠 등록 버튼 클릭 완료 (span:has-text("등록")): 0NTCC2
2025-09-23 09:42:58 - backend.core.coupang_reply_poster - INFO - 🔍 쿠팡이츠 금지어 팝업 확인 중...
2025-09-23 09:42:58 - backend.core.coupang_reply_poster - INFO - ✅ 쿠팡이츠 금지어 팝업 없음 - 등록 성공 검증 중...
2025-09-23 09:42:58 - backend.core.coupang_reply_poster - INFO - 답글 상태 업데이트 완료: c893517d-2acd-4dac-af43-535f577f3648 -> sent
2025-09-23 09:42:58 - backend.core.coupang_reply_poster - INFO - ✅ 답글 등록 완료: 윤**
2025-09-23 09:42:58 - backend.core.coupang_reply_poster - INFO - 답글 등록 완료: 윤**
2025-09-23 09:42:58 - backend.core.coupang_reply_poster - INFO - ✅ 리뷰 처리 완료: 0NTCC2
2025-09-23 10:18:51 - __main__ - INFO - 요기요 로그인 시작...
2025-09-23 10:18:53 - __main__ - INFO - 로그인 버튼 클릭 성공: button[type="submit"]
2025-09-23 10:18:54 - __main__ - INFO - 로그인 성공 - 페이지 이동 감지
2025-09-23 10:18:54 - __main__ - INFO - 로그인 성공 (URL: https://ceo.yogiyo.co.kr/)
2025-09-23 10:18:54 - __main__ - INFO - 리뷰 페이지로 이동 중...
2025-09-23 10:18:56 - __main__ - INFO - 리뷰 페이지 이동 완료
2025-09-23 10:18:56 - __main__ - INFO - 매장 선택: 1468227
2025-09-23 10:18:56 - __main__ - INFO - 드롭다운 클릭 성공: div.StoreSelector__SelectedStore-sc-1rowjsb-13
2025-09-23 10:18:57 - __main__ - INFO - 매장 선택 완료: 1468227
2025-09-23 10:19:01 - __main__ - INFO - 미답변 탭 클릭 성공: 미답변 (0)
2025-09-23 10:19:01 - __main__ - INFO - 미답변 탭 클릭 완료
2025-09-23 10:19:01 - __main__ - INFO - 스크롤 1/15 진행 중...
2025-09-23 10:19:01 - __main__ - INFO - 리뷰 컨테이너 0개 발견
2025-09-23 10:19:01 - __main__ - INFO - 페이지 추출 완료 - 전체: 0개, 수집: 0개, 답글있어서 스킵: 0개
2025-09-23 10:19:01 - __main__ - INFO - 현재 페이지에서 0개 리뷰 발견
2025-09-23 10:19:01 - __main__ - INFO - 새로 추가된 리뷰: 0개, 총 리뷰: 0개
2025-09-23 10:19:04 - __main__ - INFO - 더 이상 스크롤할 수 없어 수집을 중단합니다.
2025-09-23 10:19:04 - __main__ - INFO - 무한 스크롤 완료 - 총 0개 리뷰 수집
2025-09-23 10:19:06 - __main__ - INFO - 🎭 선택된 User-Agent: Mozilla/5.0 (Windows NT 10.0; Win64; x64) AppleWeb...
2025-09-23 10:19:07 - __main__ - INFO - [Network] 네트워크 인터셉트 활성화
2025-09-23 10:19:07 - __main__ - INFO - 🕵️ 스텔스 모드 로그인 시작...
2025-09-23 10:19:07 - __main__ - INFO - 🔍 로그인 전 브라우저 상태 검증...
2025-09-23 10:19:07 - __main__ - INFO - 페이지 제목: 
2025-09-23 10:19:07 - __main__ - INFO - WebGL 상태: 정상
2025-09-23 10:19:07 - __main__ - INFO - [Network] 네트워크 인터셉트 활성화
2025-09-23 10:19:07 - __main__ - ERROR - [Monitor] ERR 0.15s Unexpected token ';'
2025-09-23 10:19:07 - __main__ - ERROR - [Monitor] ERR 0.16s Unexpected token ';'
2025-09-23 10:19:07 - __main__ - ERROR - [Monitor] ERR 0.55s Unexpected token ';'
2025-09-23 10:19:07 - __main__ - ERROR - [Monitor] ERR 0.55s Unexpected token ';'
2025-09-23 10:19:08 - __main__ - ERROR - [Monitor] ERR 1.43s Unexpected token ';'
2025-09-23 10:19:08 - __main__ - ERROR - [Monitor] ERR 1.43s Unexpected token ';'
2025-09-23 10:19:15 - __main__ - INFO - [Monitor] 📋 클립보드 로그인 시작...
2025-09-23 10:19:15 - __main__ - INFO - [Monitor] ID 필드 랜덤 클릭: (1063.7, 201.2)
2025-09-23 10:19:18 - __main__ - INFO - [Monitor] ID 입력 완료
2025-09-23 10:19:18 - __main__ - INFO - [Monitor] PW 필드 랜덤 클릭: (961.8, 271.7)
2025-09-23 10:19:21 - __main__ - INFO - [Monitor] PW 입력 완료
2025-09-23 10:19:24 - __main__ - INFO - [Monitor] 🎯 로그인 버튼 클릭...
2025-09-23 10:19:24 - __main__ - INFO - [Monitor] ✅ 랜덤 위치 클릭: (907.4, 405.9)
2025-09-23 10:19:24 - __main__ - INFO - [Monitor] 🚀 로그인 버튼 클릭 완료 - 응답 대기 시작
2025-09-23 10:19:24 - __main__ - INFO - [Monitor] 로그인 API 응답 대기 중 (진단 기반 개선)...
2025-09-23 10:19:24 - __main__ - INFO - [Network] 로그인 API 요청 감지: POST https://store.coupangeats.com/api/v1/merchant/login
2025-09-23 10:19:25 - __main__ - ERROR - [Monitor] ERR 18.05s Unexpected token ';'
2025-09-23 10:19:25 - __main__ - ERROR - [Monitor] ERR 18.06s Unexpected token ';'
2025-09-23 10:19:25 - __main__ - INFO - [Monitor] ✅ URL 변경 감지! 로그인 성공: https://store.coupangeats.com/merchant/management
2025-09-23 10:19:25 - __main__ - INFO - [Monitor] ✅ 로그인 성공 확인됨
2025-09-23 10:19:25 - __main__ - INFO - ✅ 로그인 성공! (1번째 시도)
2025-09-23 10:19:25 - __main__ - INFO - [Retry] 성공 패턴 기록: 시도 1회 만에 성공
2025-09-23 10:19:25 - __main__ - INFO - 리뷰 페이지로 이동...
2025-09-23 10:19:26 - __main__ - ERROR - [Monitor] ERR 18.82s Unexpected token ';'
2025-09-23 10:19:26 - __main__ - ERROR - [Monitor] ERR 18.82s Unexpected token ';'
2025-09-23 10:19:27 - __main__ - ERROR - [Monitor] ERR 20.11s Unexpected token ';'
2025-09-23 10:19:27 - __main__ - ERROR - [Monitor] ERR 20.11s Unexpected token ';'
2025-09-23 10:19:29 - __main__ - INFO - 리뷰 페이지 이동 완료
2025-09-23 10:19:30 - __main__ - INFO - 모달 창 탐지 및 닫기 시작...
2025-09-23 10:19:30 - __main__ - INFO - 셀레니움 검증된 버튼 없음 - 다른 방법 시도
2025-09-23 10:19:30 - __main__ - INFO - ESC 키로 모달 닫기 시도...
2025-09-23 10:19:31 - __main__ - INFO - 빈 공간 클릭 시도...
2025-09-23 10:19:32 - __main__ - INFO - 기본 모달 닫기 시도 완료
2025-09-23 10:19:33 - __main__ - INFO - ✅ 모달 창 닫기 성공: button:has(svg)
2025-09-23 10:19:34 - __main__ - INFO - 모달 창 탐지 및 닫기 시작...
2025-09-23 10:19:34 - __main__ - INFO - 셀레니움 검증된 버튼 없음 - 다른 방법 시도
2025-09-23 10:19:34 - __main__ - INFO - ESC 키로 모달 닫기 시도...
2025-09-23 10:19:35 - __main__ - INFO - 빈 공간 클릭 시도...
2025-09-23 10:19:36 - __main__ - INFO - 기본 모달 닫기 시도 완료
2025-09-23 10:19:36 - __main__ - INFO - ✅ 모달 창 닫기 성공: button:has(svg)
2025-09-23 10:19:37 - __main__ - INFO - 매장 선택: 796094
2025-09-23 10:19:37 - __main__ - INFO - 드롭다운 버튼 발견: .button:has(svg)
2025-09-23 10:19:39 - __main__ - INFO - 매장 옵션 발견: .options li, 1개
2025-09-23 10:19:39 - __main__ - INFO - 매장 선택 완료: 큰손닭강정 직영점(796094)
2025-09-23 10:19:41 - __main__ - INFO - 날짜 필터 적용: 최근 7일
2025-09-23 10:19:41 - __main__ - INFO - 날짜 드롭다운 발견: .css-1rkgd7l.eylfi1j5
2025-09-23 10:19:43 - __main__ - INFO - 날짜 라디오 버튼 발견 (보임): label:has(input[type="radio"][value="1"])
2025-09-23 10:19:43 - __main__ - INFO - ✅ 최근 1주일 선택 클릭 성공
2025-09-23 10:19:46 - __main__ - INFO - ✅ 최근 1주일 선택 확인됨
2025-09-23 10:19:46 - __main__ - INFO - 미답변 탭 클릭
2025-09-23 10:19:46 - __main__ - INFO - 미답변 탭 발견: strong:has-text("미답변")
2025-09-23 10:19:46 - __main__ - INFO - 미답변 탭 클릭 완료
2025-09-23 10:19:49 - __main__ - INFO - 페이지 1 리뷰 수집 중...
2025-09-23 10:19:49 - __main__ - INFO - 테이블 기반 리뷰 추출 시작...
2025-09-23 10:19:49 - __main__ - INFO - tbody 요소 1개 발견
2025-09-23 10:19:49 - __main__ - INFO - tbody 내 tr 요소 5개 발견
2025-09-23 10:19:49 - __main__ - INFO - 리뷰 TR 1 발견: 강**1회 주문
2025-09-23
	
주문메뉴

(1인 세트) 바삭한 순살치킨 10가지맛 닭강정

주문번호

0DB83Zㆍ2025-09-22(주문일)

수령방식

배달

사장님 ...
2025-09-23 10:19:49 - __main__ - INFO - 리뷰 TR 2 발견: 이**1회 주문
2025-09-22
	

후라이드 간이 딱입니다! 양념도 적당히 매콤한게 맛있게 잘 먹었습니다~ 번창하세요!

주문메뉴

[3~4인 반반세트] 12가지 맛 선택 닭...
2025-09-23 10:19:49 - __main__ - INFO - 리뷰 TR 3 발견: 김**1회 주문
2025-09-22
	

맛있어요! 갑자기 야식으로 생각났는데도 시간이고 뭐고 맛있게 먹었습니다

주문메뉴

[3~4인 반반세트] 12가지 맛 선택 닭다리살 닭강정...
2025-09-23 10:19:49 - __main__ - INFO - 리뷰 TR 4 발견: 김**2회 주문
2025-09-22
	

맛잇음

주문메뉴

2~3인 세트) 부드럽고 싱싱한 100%닭다리살 닭강정

주문번호

00YSBKㆍ2025-09-22(주문일)

수령방식...
2025-09-23 10:19:49 - __main__ - INFO - 리뷰 TR 5 발견: 정**1회 주문
2025-09-22
	

1인셋트 시켰는데 양도 적당하고 맛있었어요 닭도 겉은 바삭하고 속은 야들야들 떡도 튀긴 정도가 좋았습니다.

주문메뉴

(1인 세트) 바삭...
2025-09-23 10:19:49 - __main__ - INFO - 총 5개의 리뷰 TR 발견
2025-09-23 10:19:49 - __main__ - INFO - TR 리뷰 1 추출 완료: 강** (5점) - (1인 세트) 바삭한 순살치킨 10가지맛 닭강정...
2025-09-23 10:19:49 - __main__ - INFO - TR 리뷰 2 추출 완료: 이** (5점) - 후라이드 간이 딱입니다! 양념도 적당히 매콤한게 맛있게...
2025-09-23 10:19:49 - __main__ - INFO - TR 리뷰 3 추출 완료: 김** (5점) - 맛있어요! 갑자기 야식으로 생각났는데도 시간이고 뭐고 ...
2025-09-23 10:19:49 - __main__ - INFO - TR 리뷰 4 추출 완료: 김** (5점) - 맛잇음...
2025-09-23 10:19:49 - __main__ - INFO - TR 리뷰 5 추출 완료: 정** (5점) - 1인셋트 시켰는데 양도 적당하고 맛있었어요 닭도 겉은 ...
2025-09-23 10:19:49 - __main__ - INFO - 페이지 1에서 5개 리뷰 수집
2025-09-23 10:19:51 - __main__ - INFO - 다음 페이지로 이동
2025-09-23 10:19:53 - __main__ - INFO - 페이지 2 리뷰 수집 중...
2025-09-23 10:19:53 - __main__ - INFO - 테이블 기반 리뷰 추출 시작...
2025-09-23 10:19:53 - __main__ - INFO - tbody 요소 1개 발견
2025-09-23 10:19:53 - __main__ - INFO - tbody 내 tr 요소 5개 발견
2025-09-23 10:19:53 - __main__ - INFO - 리뷰 TR 1 발견: 김**15회 주문
2025-09-22
	
주문메뉴

2~3인 세트) 부드럽고 싱싱한 100%닭다리살 닭강정

주문번호

2HK1N7ㆍ2025-09-19(주문일)

수령방식

배달
...
2025-09-23 10:19:53 - __main__ - INFO - 리뷰 TR 2 발견: 심**3회 주문
2025-09-22
	

무슨말이 더 필요합니까 너무 맛있어요

주문메뉴

[大 두 마리 세트] 특제소스 수제명품닭강정 큰손닭강정

주문번호

06VGUHㆍ2025...
2025-09-23 10:19:53 - __main__ - INFO - 리뷰 TR 3 발견: 황**1회 주문
2025-09-22
	

맛있게 잘 먹었습니다 다음에 또 주문할게요 ㅎㅎ

주문메뉴

2~3인 세트) 부드럽고 싱싱한 100%닭다리살 닭강정

주문번호

0T3UD...
2025-09-23 10:19:53 - __main__ - INFO - 리뷰 TR 4 발견: 한**2회 주문
2025-09-22
	

푸짐하고 맛있어요 감사합니다

주문메뉴

[3~4인 반반세트] 12가지 맛 선택 닭다리살 닭강정

주문번호

0G437Vㆍ2025-09-2...
2025-09-23 10:19:53 - __main__ - INFO - 리뷰 TR 5 발견: 김**8회 주문
2025-09-22
	

맛있게 잘 먹었습니다

주문메뉴

(1인 세트) 바삭한 순살치킨 10가지맛 닭강정

주문번호

0W6WARㆍ2025-09-21(주문일)

...
2025-09-23 10:19:53 - __main__ - INFO - 총 5개의 리뷰 TR 발견
2025-09-23 10:19:53 - __main__ - INFO - TR 리뷰 1 추출 완료: 김** (5점) - 2~3인 세트) 부드럽고 싱싱한 100%닭다리살 닭강정...
2025-09-23 10:19:53 - __main__ - INFO - TR 리뷰 2 추출 완료: 심** (5점) - 무슨말이 더 필요합니까 너무 맛있어요...
2025-09-23 10:19:53 - __main__ - INFO - TR 리뷰 3 추출 완료: 황** (5점) - 맛있게 잘 먹었습니다 다음에 또 주문할게요 ㅎㅎ...
2025-09-23 10:19:54 - __main__ - INFO - TR 리뷰 4 추출 완료: 한** (5점) - 푸짐하고 맛있어요 감사합니다...
2025-09-23 10:19:54 - __main__ - INFO - TR 리뷰 5 추출 완료: 김** (5점) - 맛있게 잘 먹었습니다...
2025-09-23 10:19:54 - __main__ - INFO - 페이지 2에서 5개 리뷰 수집
2025-09-23 10:19:56 - __main__ - INFO - 다음 페이지로 이동
2025-09-23 10:19:58 - __main__ - INFO - 페이지 3 리뷰 수집 중...
2025-09-23 10:19:58 - __main__ - INFO - 테이블 기반 리뷰 추출 시작...
2025-09-23 10:19:58 - __main__ - INFO - tbody 요소 1개 발견
2025-09-23 10:19:58 - __main__ - INFO - tbody 내 tr 요소 5개 발견
2025-09-23 10:19:58 - __main__ - INFO - 리뷰 TR 1 발견: 최**1회 주문
2025-09-22
	

너무 부드럽고 고기가 잡내도 안나고 정말 맛있네요 ♡♥︎

주문메뉴

[3~4인 단품세트] 12가지 맛 선택 닭다리살 닭강정

주문번호

...
2025-09-23 10:19:58 - __main__ - INFO - 리뷰 TR 2 발견: 김**5회 주문
2025-09-22
	
주문메뉴

[大 두 마리 세트] 특제소스 수제명품닭강정 큰손닭강정

주문번호

1TCZWNㆍ2025-09-19(주문일)

수령방식

배달

...
2025-09-23 10:19:58 - __main__ - INFO - 리뷰 TR 3 발견: 유**1회 주문
2025-09-22
	

핫치즈 닭강정 너무 맛있어요!! 역시 시그니처 맞네요 ㅎㅎ👍🏻

주문메뉴

[핫 치즈] 반반 빅손순살 3~4인세트

주문번호

01EUJW...
2025-09-23 10:19:58 - __main__ - INFO - 리뷰 TR 4 발견: 신**1회 주문
2025-09-22
	

맛있게 잘 먹었어요 쫄깃 쫄깃 하니 맛 있네요

주문메뉴

(1인 세트) 바삭한 순살치킨 10가지맛 닭강정

주문번호

17KVRUㆍ202...
2025-09-23 10:19:58 - __main__ - INFO - 리뷰 TR 5 발견: 강**1회 주문
2025-09-22
	

맛있어요

주문메뉴

[핫 치즈] 빅손순살 2~3인세트(대)

주문번호

15LGDKㆍ2025-09-22(주문일)

수령방식

배달

사장...
2025-09-23 10:19:58 - __main__ - INFO - 총 5개의 리뷰 TR 발견
2025-09-23 10:19:58 - __main__ - INFO - TR 리뷰 1 추출 완료: 최** (5점) - 너무 부드럽고 고기가 잡내도 안나고 정말 맛있네요 ♡♥...
2025-09-23 10:19:58 - __main__ - INFO - TR 리뷰 2 추출 완료: 김** (5점) - [大 두 마리 세트] 특제소스 수제명품닭강정 큰손닭강정...
2025-09-23 10:19:58 - __main__ - INFO - TR 리뷰 3 추출 완료: 유** (5점) - 핫치즈 닭강정 너무 맛있어요!! 역시 시그니처 맞네요 ...
2025-09-23 10:19:58 - __main__ - INFO - TR 리뷰 4 추출 완료: 신** (5점) - 맛있게 잘 먹었어요 쫄깃 쫄깃 하니 맛 있네요...
2025-09-23 10:19:58 - __main__ - INFO - TR 리뷰 5 추출 완료: 강** (5점) - 맛있어요...
2025-09-23 10:19:58 - __main__ - INFO - 페이지 3에서 5개 리뷰 수집
2025-09-23 10:20:00 - __main__ - INFO - 다음 페이지로 이동
2025-09-23 10:20:02 - __main__ - INFO - 페이지 4 리뷰 수집 중...
2025-09-23 10:20:02 - __main__ - INFO - 테이블 기반 리뷰 추출 시작...
2025-09-23 10:20:02 - __main__ - INFO - tbody 요소 1개 발견
2025-09-23 10:20:02 - __main__ - INFO - tbody 내 tr 요소 4개 발견
2025-09-23 10:20:02 - __main__ - INFO - 리뷰 TR 1 발견: 윤**2회 주문
2025-09-22
	

어제 먹고 너무 맛있어서 이틀연속 시킵니당 ㅎㅎ 이번에는 후라이드랑 반반 시켰는데 후라이드는 아무것도 안 찍어먹어도 맛있었습니다 양념자체가...
2025-09-23 10:20:02 - __main__ - INFO - 리뷰 TR 2 발견: 고**1회 주문
2025-09-22
	

대 존 맛!!

주문메뉴

[핫 치즈] 빅손순살 1인세트(중)

주문번호

0A6JAYㆍ2025-09-22(주문일)

수령방식

배달

사...
2025-09-23 10:20:02 - __main__ - INFO - 리뷰 TR 3 발견: 김**2회 주문
2025-09-21
	

두번째로 주문입니다. 다른 맛으로 시켜봤는데 나쁘지 않은 것 같아요. 다음에 또 다른 맛으로 시킬예정입니다!

주문메뉴

(1인 세트) 바...
2025-09-23 10:20:02 - __main__ - INFO - 리뷰 TR 4 발견: 이**4회 주문
2025-09-21
	
주문메뉴

(1인 세트) 바삭한 순살치킨 10가지맛 닭강정

주문번호

13UJ8Kㆍ2025-09-14(주문일)

수령방식

배달

사장님 ...
2025-09-23 10:20:02 - __main__ - INFO - 총 4개의 리뷰 TR 발견
2025-09-23 10:20:02 - __main__ - INFO - TR 리뷰 1 추출 완료: 윤** (5점) - 어제 먹고 너무 맛있어서 이틀연속 시킵니당 ㅎㅎ 이번에...
2025-09-23 10:20:02 - __main__ - INFO - TR 리뷰 2 추출 완료: 고** (5점) - 대 존 맛!!...
2025-09-23 10:20:02 - __main__ - INFO - TR 리뷰 3 추출 완료: 김** (5점) - 두번째로 주문입니다. 다른 맛으로 시켜봤는데 나쁘지 않...
2025-09-23 10:20:02 - __main__ - INFO - TR 리뷰 4 추출 완료: 이** (5점) - (1인 세트) 바삭한 순살치킨 10가지맛 닭강정...
2025-09-23 10:20:02 - __main__ - INFO - 페이지 4에서 4개 리뷰 수집
2025-09-23 10:20:02 - __main__ - INFO - 다음 페이지 버튼을 찾을 수 없습니다.
2025-09-23 10:20:02 - __main__ - INFO - 다음 페이지가 없습니다.
2025-09-23 10:20:02 - __main__ - INFO - 총 19개 리뷰 수집 완료
2025-09-23 10:20:03 - __main__ - INFO - 매장 UUID: 10447e32-328a-4f83-94b4-bb824ced5c75
2025-09-23 10:20:03 - __main__ - INFO - 리뷰 저장 완료: 강** (ID: 0DB83Z)
2025-09-23 10:20:03 - __main__ - INFO - 리뷰 저장 완료: 이** (ID: 06G5G0)
2025-09-23 10:20:03 - __main__ - INFO - 리뷰 저장 완료: 김** (ID: 0T7FTR)
2025-09-23 10:20:03 - __main__ - INFO - 리뷰 저장 완료: 김** (ID: 00YSBK)
2025-09-23 10:20:03 - __main__ - INFO - 리뷰 저장 완료: 정** (ID: 000MV5)
2025-09-23 10:20:03 - __main__ - INFO - 리뷰 저장 완료: 김** (ID: 2HK1N7)
2025-09-23 10:20:03 - __main__ - INFO - 리뷰 저장 완료: 심** (ID: 06VGUH)
2025-09-23 10:20:03 - __main__ - INFO - 리뷰 저장 완료: 황** (ID: 0T3UD7)
2025-09-23 10:20:03 - __main__ - INFO - 리뷰 저장 완료: 한** (ID: 0G437V)
2025-09-23 10:20:03 - __main__ - INFO - 리뷰 저장 완료: 김** (ID: 0W6WAR)
2025-09-23 10:20:03 - __main__ - INFO - 리뷰 저장 완료: 최** (ID: 0GRN97)
2025-09-23 10:20:03 - __main__ - INFO - 리뷰 저장 완료: 김** (ID: 1TCZWN)
2025-09-23 10:20:03 - __main__ - INFO - 리뷰 저장 완료: 유** (ID: 01EUJW)
2025-09-23 10:20:03 - __main__ - INFO - 리뷰 저장 완료: 신** (ID: 17KVRU)
2025-09-23 10:20:03 - __main__ - INFO - 리뷰 저장 완료: 강** (ID: 15LGDK)
2025-09-23 10:20:03 - __main__ - INFO - 리뷰 저장 완료: 윤** (ID: 1UA98S)
2025-09-23 10:20:03 - __main__ - INFO - 리뷰 저장 완료: 고** (ID: 0A6JAY)
2025-09-23 10:20:03 - __main__ - INFO - 리뷰 저장 완료: 김** (ID: 193S0P)
2025-09-23 10:20:03 - __main__ - INFO - 리뷰 저장 완료: 이** (ID: 13UJ8K)
2025-09-23 10:20:03 - __main__ - INFO - 총 19개 리뷰 저장 완료
2025-09-23 10:20:55 - backend.core.coupang_reply_poster - INFO - ⏰ 현재 시각: 2025-09-23T10:20:55.037455
2025-09-23 10:20:55 - backend.core.coupang_reply_poster - INFO - ✅ 답글 등록 시간 도달: 0A6JAY (예정: 2025-09-23T00:00:00)
2025-09-23 10:20:55 - backend.core.coupang_reply_poster - INFO - ✅ 답글 등록 시간 도달: 193S0P (예정: 2025-09-22T00:00:00)
2025-09-23 10:20:55 - backend.core.coupang_reply_poster - INFO - ✅ 답글 등록 시간 도달: 13UJ8K (예정: 2025-09-22T00:00:00)
2025-09-23 10:20:55 - backend.core.coupang_reply_poster - INFO - ✅ 답글 등록 시간 도달: 00YSBK (예정: 2025-09-23T00:00:00)
2025-09-23 10:20:55 - backend.core.coupang_reply_poster - INFO - ✅ 답글 등록 시간 도달: 06VGUH (예정: 2025-09-23T00:00:00)
2025-09-23 10:20:55 - backend.core.coupang_reply_poster - INFO - ✅ 답글 등록 시간 도달: 2HK1N7 (예정: 2025-09-23T00:00:00)
2025-09-23 10:20:55 - backend.core.coupang_reply_poster - INFO - ✅ 답글 등록 시간 도달: 0T3UD7 (예정: 2025-09-23T00:00:00)
2025-09-23 10:20:55 - backend.core.coupang_reply_poster - INFO - ✅ 답글 등록 시간 도달: 1TCZWN (예정: 2025-09-23T00:00:00)
2025-09-23 10:20:55 - backend.core.coupang_reply_poster - INFO - ✅ 답글 등록 시간 도달: 06G5G0 (예정: 2025-09-23T00:00:00)
2025-09-23 10:20:55 - backend.core.coupang_reply_poster - INFO - ✅ 답글 등록 시간 도달: 1UA98S (예정: 2025-09-23T00:00:00)
2025-09-23 10:20:55 - backend.core.coupang_reply_poster - INFO - ✅ 답글 등록 시간 도달: 0T7FTR (예정: 2025-09-23T00:00:00)
2025-09-23 10:20:55 - backend.core.coupang_reply_poster - INFO - ✅ 답글 등록 시간 도달: 000MV5 (예정: 2025-09-23T00:00:00)
2025-09-23 10:20:55 - backend.core.coupang_reply_poster - INFO - ✅ 답글 등록 시간 도달: 0W6WAR (예정: 2025-09-23T00:00:00)
2025-09-23 10:20:55 - backend.core.coupang_reply_poster - INFO - ✅ 답글 등록 시간 도달: 0G437V (예정: 2025-09-23T00:00:00)
2025-09-23 10:20:55 - backend.core.coupang_reply_poster - INFO - ✅ 답글 등록 시간 도달: 17KVRU (예정: 2025-09-23T00:00:00)
2025-09-23 10:20:55 - backend.core.coupang_reply_poster - INFO - ⏳ 답글 등록 대기: 0DB83Z (남은 시간: 13:39:04.962545)
2025-09-23 10:20:55 - backend.core.coupang_reply_poster - INFO - ✅ 답글 등록 시간 도달: 0GRN97 (예정: 2025-09-23T00:00:00)
2025-09-23 10:20:55 - backend.core.coupang_reply_poster - INFO - ✅ 답글 등록 시간 도달: 15LGDK (예정: 2025-09-23T00:00:00)
2025-09-23 10:20:55 - backend.core.coupang_reply_poster - INFO - ✅ 답글 등록 시간 도달: 01EUJW (예정: 2025-09-23T00:00:00)
2025-09-23 10:20:55 - backend.core.coupang_reply_poster - INFO - 📋 schedulable_reply_date 필터링 결과:
2025-09-23 10:20:55 - backend.core.coupang_reply_poster - INFO -     - 전체 조회: 19개
2025-09-23 10:20:55 - backend.core.coupang_reply_poster - INFO -     - 즉시 처리: 18개
2025-09-23 10:20:55 - backend.core.coupang_reply_poster - INFO -     - 예약 대기: 1개
2025-09-23 10:20:55 - backend.core.coupang_reply_poster - INFO - 답글이 필요한 리뷰: 18개
2025-09-23 10:20:55 - backend.core.coupang_reply_poster - INFO - 🛡️ 중복 방지 시스템 활성화 - 현재 세션 리뷰 목록 저장 완료
2025-09-23 10:20:55 - backend.core.coupang_reply_poster - INFO - 🌐 연결 방식: 직접 연결 (프록시 비활성화)
2025-09-23 10:20:55 - backend.core.coupang_reply_poster - INFO - 🎭 User-Agent: 브라우저 기본값 사용
2025-09-23 10:20:56 - backend.core.coupang_reply_poster - INFO - 로그인 시도 1/5
2025-09-23 10:20:56 - backend.core.coupang_reply_poster - INFO - 🚀 Enhanced 쿠팡잇츠 로그인 시작...
2025-09-23 10:20:56 - backend.core.coupang_reply_poster - INFO - 로그인 페이지로 이동 중...
2025-09-23 10:21:00 - backend.core.coupang_reply_poster - INFO - [ReplyPoster] 📋 클립보드 로그인 시작...
2025-09-23 10:21:01 - backend.core.coupang_reply_poster - INFO - [ReplyPoster] ID 입력 완료
2025-09-23 10:21:01 - backend.core.coupang_reply_poster - INFO - [ReplyPoster] PW 입력 완료
2025-09-23 10:21:01 - backend.core.coupang_reply_poster - INFO - [ReplyPoster] 🎯 로그인 버튼 클릭...
2025-09-23 10:21:01 - backend.core.coupang_reply_poster - INFO - [ReplyPoster] ✅ 랜덤 위치 클릭: (868.1, 404.1)
2025-09-23 10:21:01 - backend.core.coupang_reply_poster - INFO - [ReplyPoster] 🚀 로그인 버튼 클릭 완료 - 응답 대기 시작
2025-09-23 10:21:01 - backend.core.coupang_reply_poster - INFO - [ReplyPoster] 빠른 실패 감지 중 (3초)...
2025-09-23 10:21:02 - backend.core.coupang_reply_poster - INFO - [ReplyPoster] URL 변경 감지! 성공 가능성 있음: https://store.coupangeats.com/merchant/management
2025-09-23 10:21:03 - backend.core.coupang_reply_poster - INFO - [ReplyPoster] 로그인 후 최종 URL: https://store.coupangeats.com/merchant/management
2025-09-23 10:21:03 - backend.core.coupang_reply_poster - INFO - [ReplyPoster] 로그인 성공 (URL 기준)
2025-09-23 10:21:03 - backend.core.coupang_reply_poster - INFO - 🎉 로그인 성공! (시도 1번째)
2025-09-23 10:21:03 - backend.core.coupang_reply_poster - INFO - 리뷰 페이지로 이동...
2025-09-23 10:21:05 - backend.core.coupang_reply_poster - INFO - 리뷰 페이지 이동 완료
2025-09-23 10:21:06 - backend.core.coupang_reply_poster - INFO - 모달 창 탐지 및 닫기 시작...
2025-09-23 10:21:06 - backend.core.coupang_reply_poster - INFO - 셀레니움 검증된 버튼 없음 - 다른 방법 시도
2025-09-23 10:21:06 - backend.core.coupang_reply_poster - INFO - ESC 키로 모달 닫기 시도...
2025-09-23 10:21:07 - backend.core.coupang_reply_poster - INFO - 빈 공간 클릭 시도...
2025-09-23 10:21:09 - backend.core.coupang_reply_poster - INFO - 기본 모달 닫기 시도 완료
2025-09-23 10:21:09 - backend.core.coupang_reply_poster - INFO - ✅ 모달 창 닫기 성공: button:has(svg)
2025-09-23 10:21:10 - backend.core.coupang_reply_poster - INFO - 모달 창 탐지 및 닫기 시작...
2025-09-23 10:21:10 - backend.core.coupang_reply_poster - INFO - 셀레니움 검증된 버튼 없음 - 다른 방법 시도
2025-09-23 10:21:10 - backend.core.coupang_reply_poster - INFO - ESC 키로 모달 닫기 시도...
2025-09-23 10:21:11 - backend.core.coupang_reply_poster - INFO - 빈 공간 클릭 시도...
2025-09-23 10:21:12 - backend.core.coupang_reply_poster - INFO - 기본 모달 닫기 시도 완료
2025-09-23 10:21:12 - backend.core.coupang_reply_poster - INFO - ✅ 모달 창 닫기 성공: button:has(svg)
2025-09-23 10:21:15 - backend.core.coupang_reply_poster - INFO - 모달 창 탐지 및 닫기 시작...
2025-09-23 10:21:15 - backend.core.coupang_reply_poster - INFO - 셀레니움 검증된 버튼 없음 - 다른 방법 시도
2025-09-23 10:21:15 - backend.core.coupang_reply_poster - INFO - ESC 키로 모달 닫기 시도...
2025-09-23 10:21:16 - backend.core.coupang_reply_poster - INFO - 빈 공간 클릭 시도...
2025-09-23 10:21:17 - backend.core.coupang_reply_poster - INFO - 기본 모달 닫기 시도 완료
2025-09-23 10:21:17 - backend.core.coupang_reply_poster - INFO - ✅ 모달 창 닫기 성공: button:has(svg)
2025-09-23 10:21:19 - backend.core.coupang_reply_poster - INFO - 모달 창 탐지 및 닫기 시작...
2025-09-23 10:21:19 - backend.core.coupang_reply_poster - INFO - 셀레니움 검증된 버튼 없음 - 다른 방법 시도
2025-09-23 10:21:19 - backend.core.coupang_reply_poster - INFO - ESC 키로 모달 닫기 시도...
2025-09-23 10:21:20 - backend.core.coupang_reply_poster - INFO - 빈 공간 클릭 시도...
2025-09-23 10:21:21 - backend.core.coupang_reply_poster - INFO - 기본 모달 닫기 시도 완료
2025-09-23 10:21:21 - backend.core.coupang_reply_poster - INFO - ✅ 모달 창 닫기 성공: button:has(svg)
2025-09-23 10:21:22 - backend.core.coupang_reply_poster - INFO - 매장 선택: 796094
2025-09-23 10:21:23 - backend.core.coupang_reply_poster - INFO - 매장 선택 완료: 큰손닭강정 직영점(796094)
2025-09-23 10:21:24 - backend.core.coupang_reply_poster - INFO - 날짜 필터 적용: 최근 7일
2025-09-23 10:21:24 - backend.core.coupang_reply_poster - INFO - 날짜 드롭다운 발견: .css-1rkgd7l.eylfi1j5
2025-09-23 10:21:26 - backend.core.coupang_reply_poster - INFO - 날짜 라디오 버튼 발견 (보임): label:has(input[type="radio"][value="1"])
2025-09-23 10:21:26 - backend.core.coupang_reply_poster - INFO - ✅ 최근 1주일 선택 클릭 성공
2025-09-23 10:21:28 - backend.core.coupang_reply_poster - INFO - 미답변 탭 클릭
2025-09-23 10:21:28 - backend.core.coupang_reply_poster - INFO - 미답변 탭 발견: strong:has-text("미답변")
2025-09-23 10:21:28 - backend.core.coupang_reply_poster - INFO - ✅ 미답변 탭 클릭 성공
2025-09-23 10:21:31 - backend.core.coupang_reply_poster - INFO - 🔄 리뷰 처리 시작: 0A6JAY (총 처리 중: 1개)
2025-09-23 10:21:31 - backend.core.coupang_reply_poster - INFO - 답글 포스팅 시작: 고** (ID: 0A6JAY)
2025-09-23 10:21:31 - backend.core.coupang_reply_poster - INFO - 리뷰 검색 시작: ID=0A6JAY, 이름=고**
2025-09-23 10:21:31 - backend.core.coupang_reply_poster - INFO - 페이지 1에서 리뷰 검색 중...
2025-09-23 10:21:31 - backend.core.coupang_reply_poster - INFO - === 페이지네이션 분석 시작 ===
2025-09-23 10:21:31 - backend.core.coupang_reply_poster - INFO - 페이지네이션 요소 개수: 55
2025-09-23 10:21:31 - backend.core.coupang_reply_poster - INFO -   버튼 27: 'POS 설치' (class: , data-at: , visible: True, enabled: True)
2025-09-23 10:21:31 - backend.core.coupang_reply_poster - INFO -   버튼 28: '휴대폰 앱 설치' (class: , data-at: , visible: True, enabled: True)
2025-09-23 10:21:31 - backend.core.coupang_reply_poster - INFO -   버튼 29: '약관 및 정책' (class: , data-at: , visible: True, enabled: True)
2025-09-23 10:21:31 - backend.core.coupang_reply_poster - INFO -   버튼 30: 'FAQ 보기' (class: , data-at: , visible: True, enabled: True)
2025-09-23 10:21:32 - backend.core.coupang_reply_poster - INFO -   버튼 48: '' (class: pagination-btn first-page-btn hide-btn, data-at: first-page-btn, visible: False, enabled: True)
2025-09-23 10:21:32 - backend.core.coupang_reply_poster - INFO -   버튼 49: '' (class: pagination-btn prev-btn hide-btn, data-at: prev-btn, visible: False, enabled: True)
2025-09-23 10:21:32 - backend.core.coupang_reply_poster - INFO -   버튼 50: '1' (class: active, data-at: , visible: True, enabled: True)
2025-09-23 10:21:32 - backend.core.coupang_reply_poster - INFO -   버튼 51: '2' (class: , data-at: , visible: True, enabled: True)
2025-09-23 10:21:32 - backend.core.coupang_reply_poster - INFO -   버튼 52: '3' (class: , data-at: , visible: True, enabled: True)
2025-09-23 10:21:32 - backend.core.coupang_reply_poster - INFO -   버튼 53: '4' (class: , data-at: , visible: True, enabled: True)
2025-09-23 10:21:32 - backend.core.coupang_reply_poster - INFO -   버튼 54: '' (class: pagination-btn next-btn , data-at: next-btn, visible: True, enabled: True)
2025-09-23 10:21:32 - backend.core.coupang_reply_poster - INFO -   ✅ 사용 가능한 다음 페이지 버튼 발견!
2025-09-23 10:21:32 - backend.core.coupang_reply_poster - INFO -   버튼 55: '' (class: pagination-btn last-page-btn hide-btn, data-at: last-page-btn, visible: False, enabled: True)
2025-09-23 10:21:32 - backend.core.coupang_reply_poster - INFO - 현재 페이지: 1
2025-09-23 10:21:32 - backend.core.coupang_reply_poster - INFO - 사용 가능한 페이지들: [1, 2, 3, 4]
2025-09-23 10:21:32 - backend.core.coupang_reply_poster - INFO - 다음 페이지 버튼 사용 가능: True
2025-09-23 10:21:32 - backend.core.coupang_reply_poster - INFO - 숫자 버튼으로 페이지 2로 이동
2025-09-23 10:21:35 - backend.core.coupang_reply_poster - INFO - 다음 페이지로 이동 성공 (숫자 버튼)
2025-09-23 10:21:37 - backend.core.coupang_reply_poster - INFO - 페이지 2에서 리뷰 검색 중...
2025-09-23 10:21:37 - backend.core.coupang_reply_poster - INFO - === 페이지네이션 분석 시작 ===
2025-09-23 10:21:37 - backend.core.coupang_reply_poster - INFO - 페이지네이션 요소 개수: 55
2025-09-23 10:21:37 - backend.core.coupang_reply_poster - INFO -   버튼 27: 'POS 설치' (class: , data-at: , visible: True, enabled: True)
2025-09-23 10:21:37 - backend.core.coupang_reply_poster - INFO -   버튼 28: '휴대폰 앱 설치' (class: , data-at: , visible: True, enabled: True)
2025-09-23 10:21:37 - backend.core.coupang_reply_poster - INFO -   버튼 29: '약관 및 정책' (class: , data-at: , visible: True, enabled: True)
2025-09-23 10:21:37 - backend.core.coupang_reply_poster - INFO -   버튼 30: 'FAQ 보기' (class: , data-at: , visible: True, enabled: True)
2025-09-23 10:21:37 - backend.core.coupang_reply_poster - INFO -   버튼 48: '' (class: pagination-btn first-page-btn hide-btn, data-at: first-page-btn, visible: False, enabled: True)
2025-09-23 10:21:37 - backend.core.coupang_reply_poster - INFO -   버튼 49: '' (class: pagination-btn prev-btn , data-at: prev-btn, visible: True, enabled: True)
2025-09-23 10:21:37 - backend.core.coupang_reply_poster - INFO -   버튼 50: '1' (class: , data-at: , visible: True, enabled: True)
2025-09-23 10:21:37 - backend.core.coupang_reply_poster - INFO -   버튼 51: '2' (class: active, data-at: , visible: True, enabled: True)
2025-09-23 10:21:37 - backend.core.coupang_reply_poster - INFO -   버튼 52: '3' (class: , data-at: , visible: True, enabled: True)
2025-09-23 10:21:37 - backend.core.coupang_reply_poster - INFO -   버튼 53: '4' (class: , data-at: , visible: True, enabled: True)
2025-09-23 10:21:37 - backend.core.coupang_reply_poster - INFO -   버튼 54: '' (class: pagination-btn next-btn , data-at: next-btn, visible: True, enabled: True)
2025-09-23 10:21:37 - backend.core.coupang_reply_poster - INFO -   ✅ 사용 가능한 다음 페이지 버튼 발견!
2025-09-23 10:21:37 - backend.core.coupang_reply_poster - INFO -   버튼 55: '' (class: pagination-btn last-page-btn hide-btn, data-at: last-page-btn, visible: False, enabled: True)
2025-09-23 10:21:37 - backend.core.coupang_reply_poster - INFO - 현재 페이지: 2
2025-09-23 10:21:37 - backend.core.coupang_reply_poster - INFO - 사용 가능한 페이지들: [1, 2, 3, 4]
2025-09-23 10:21:37 - backend.core.coupang_reply_poster - INFO - 다음 페이지 버튼 사용 가능: True
2025-09-23 10:21:37 - backend.core.coupang_reply_poster - INFO - 숫자 버튼으로 페이지 3로 이동
2025-09-23 10:21:41 - backend.core.coupang_reply_poster - INFO - 다음 페이지로 이동 성공 (숫자 버튼)
2025-09-23 10:21:43 - backend.core.coupang_reply_poster - INFO - 페이지 3에서 리뷰 검색 중...
2025-09-23 10:21:43 - backend.core.coupang_reply_poster - INFO - === 페이지네이션 분석 시작 ===
2025-09-23 10:21:43 - backend.core.coupang_reply_poster - INFO - 페이지네이션 요소 개수: 55
2025-09-23 10:21:43 - backend.core.coupang_reply_poster - INFO -   버튼 27: 'POS 설치' (class: , data-at: , visible: True, enabled: True)
2025-09-23 10:21:43 - backend.core.coupang_reply_poster - INFO -   버튼 28: '휴대폰 앱 설치' (class: , data-at: , visible: True, enabled: True)
2025-09-23 10:21:43 - backend.core.coupang_reply_poster - INFO -   버튼 29: '약관 및 정책' (class: , data-at: , visible: True, enabled: True)
2025-09-23 10:21:43 - backend.core.coupang_reply_poster - INFO -   버튼 30: 'FAQ 보기' (class: , data-at: , visible: True, enabled: True)
2025-09-23 10:21:43 - backend.core.coupang_reply_poster - INFO -   버튼 48: '' (class: pagination-btn first-page-btn hide-btn, data-at: first-page-btn, visible: False, enabled: True)
2025-09-23 10:21:43 - backend.core.coupang_reply_poster - INFO -   버튼 49: '' (class: pagination-btn prev-btn , data-at: prev-btn, visible: True, enabled: True)
2025-09-23 10:21:43 - backend.core.coupang_reply_poster - INFO -   버튼 50: '1' (class: , data-at: , visible: True, enabled: True)
2025-09-23 10:21:43 - backend.core.coupang_reply_poster - INFO -   버튼 51: '2' (class: , data-at: , visible: True, enabled: True)
2025-09-23 10:21:43 - backend.core.coupang_reply_poster - INFO -   버튼 52: '3' (class: active, data-at: , visible: True, enabled: True)
2025-09-23 10:21:43 - backend.core.coupang_reply_poster - INFO -   버튼 53: '4' (class: , data-at: , visible: True, enabled: True)
2025-09-23 10:21:43 - backend.core.coupang_reply_poster - INFO -   버튼 54: '' (class: pagination-btn next-btn , data-at: next-btn, visible: True, enabled: True)
2025-09-23 10:21:43 - backend.core.coupang_reply_poster - INFO -   ✅ 사용 가능한 다음 페이지 버튼 발견!
2025-09-23 10:21:43 - backend.core.coupang_reply_poster - INFO -   버튼 55: '' (class: pagination-btn last-page-btn hide-btn, data-at: last-page-btn, visible: False, enabled: True)
2025-09-23 10:21:43 - backend.core.coupang_reply_poster - INFO - 현재 페이지: 3
2025-09-23 10:21:43 - backend.core.coupang_reply_poster - INFO - 사용 가능한 페이지들: [1, 2, 3, 4]
2025-09-23 10:21:43 - backend.core.coupang_reply_poster - INFO - 다음 페이지 버튼 사용 가능: True
2025-09-23 10:21:43 - backend.core.coupang_reply_poster - INFO - 숫자 버튼으로 페이지 4로 이동
2025-09-23 10:21:46 - backend.core.coupang_reply_poster - INFO - 다음 페이지로 이동 성공 (숫자 버튼)
2025-09-23 10:21:48 - backend.core.coupang_reply_poster - INFO - 페이지 4에서 리뷰 검색 중...
2025-09-23 10:21:48 - backend.core.coupang_reply_poster - INFO - ✅ 주문번호 정확 매칭 성공: 0A6JAY
2025-09-23 10:21:48 - backend.core.coupang_reply_poster - INFO - ✅ 테이블 행에서 답글 버튼 발견! (레벨 4)
2025-09-23 10:21:48 - backend.core.coupang_reply_poster - INFO - ✅ 리뷰 발견: 페이지 4
2025-09-23 10:21:50 - backend.core.coupang_reply_poster - INFO - 쿠팡이츠 등록 버튼 클릭 완료 (button.button.button-size--small.button--primaryContained:has-text("등록")): 0A6JAY
2025-09-23 10:21:50 - backend.core.coupang_reply_poster - INFO - 등록 버튼 클릭 완료, DOM 변화 확인 중...
2025-09-23 10:21:51 - backend.core.coupang_reply_poster - INFO - ✅ Form이 사라짐 - 답글 등록 진행 확인 (0.5초)
2025-09-23 10:21:52 - backend.core.coupang_reply_poster - INFO - 🔍 쿠팡이츠 금지어 팝업 확인 중...
2025-09-23 10:21:52 - backend.core.coupang_reply_poster - INFO - ✅ 쿠팡이츠 금지어 팝업 없음 - 최종 등록 확인 중...
2025-09-23 10:21:52 - backend.core.coupang_reply_poster - INFO - 📱 최종 확인을 위해 페이지 새로고침...
2025-09-23 10:21:55 - backend.core.coupang_reply_poster - ERROR - ❌ 최종 확인 실패: 답글이 실제로 등록되지 않음
2025-09-23 10:21:56 - backend.core.coupang_reply_poster - INFO - 답글 상태 업데이트 완료: 71b1a835-914c-4f19-9015-d46e304afb8b -> failed
2025-09-23 10:21:56 - backend.core.coupang_reply_poster - INFO - 재시도 준비 중: 0A6JAY
2025-09-23 10:21:56 - backend.core.coupang_reply_poster - INFO - 🔁 재시도 1/2: 0A6JAY
2025-09-23 10:21:58 - backend.core.coupang_reply_poster - INFO - 답글 포스팅 시작: 고** (ID: 0A6JAY)
2025-09-23 10:21:58 - backend.core.coupang_reply_poster - INFO - 리뷰 검색 시작: ID=0A6JAY, 이름=고**
2025-09-23 10:21:58 - backend.core.coupang_reply_poster - INFO - 페이지 1에서 리뷰 검색 중...
2025-09-23 10:21:58 - backend.core.coupang_reply_poster - INFO - === 페이지네이션 분석 시작 ===
2025-09-23 10:21:58 - backend.core.coupang_reply_poster - INFO - 페이지네이션 요소 개수: 40
2025-09-23 10:21:58 - backend.core.coupang_reply_poster - INFO -   버튼 27: 'POS 설치' (class: , data-at: , visible: True, enabled: True)
2025-09-23 10:21:58 - backend.core.coupang_reply_poster - INFO -   버튼 28: '휴대폰 앱 설치' (class: , data-at: , visible: True, enabled: True)
2025-09-23 10:21:58 - backend.core.coupang_reply_poster - INFO -   버튼 29: '약관 및 정책' (class: , data-at: , visible: True, enabled: True)
2025-09-23 10:21:58 - backend.core.coupang_reply_poster - INFO -   버튼 30: 'FAQ 보기' (class: , data-at: , visible: True, enabled: True)
2025-09-23 10:21:58 - backend.core.coupang_reply_poster - INFO -   버튼 36: '' (class: pagination-btn first-page-btn hide-btn, data-at: first-page-btn, visible: False, enabled: True)
2025-09-23 10:21:58 - backend.core.coupang_reply_poster - INFO -   버튼 37: '' (class: pagination-btn prev-btn hide-btn, data-at: prev-btn, visible: False, enabled: True)
2025-09-23 10:21:58 - backend.core.coupang_reply_poster - INFO -   버튼 38: '1' (class: active, data-at: , visible: True, enabled: True)
2025-09-23 10:21:58 - backend.core.coupang_reply_poster - INFO -   버튼 39: '' (class: pagination-btn next-btn hide-btn, data-at: next-btn, visible: False, enabled: True)
2025-09-23 10:21:58 - backend.core.coupang_reply_poster - INFO -   버튼 40: '' (class: pagination-btn last-page-btn hide-btn, data-at: last-page-btn, visible: False, enabled: True)
2025-09-23 10:21:58 - backend.core.coupang_reply_poster - INFO - 현재 페이지: 1
2025-09-23 10:21:58 - backend.core.coupang_reply_poster - INFO - 사용 가능한 페이지들: [1]
2025-09-23 10:21:58 - backend.core.coupang_reply_poster - INFO - 다음 페이지 버튼 사용 가능: False
2025-09-23 10:21:58 - backend.core.coupang_reply_poster - INFO - === 페이지네이션 분석 완료 ===
2025-09-23 10:21:58 - backend.core.coupang_reply_poster - INFO - 더 이상 페이지가 없습니다.
2025-09-23 10:21:58 - backend.core.coupang_reply_poster - INFO - 더 이상 페이지가 없습니다.
2025-09-23 10:21:58 - backend.core.coupang_reply_poster - WARNING - 모든 페이지에서 리뷰를 찾을 수 없음: 0A6JAY
2025-09-23 10:21:58 - backend.core.coupang_reply_poster - WARNING - 리뷰 요소를 찾을 수 없습니다: 0A6JAY
2025-09-23 10:21:58 - backend.core.coupang_reply_poster - INFO - 재시도 준비 중: 0A6JAY
2025-09-23 10:21:58 - backend.core.coupang_reply_poster - INFO - 🔁 재시도 2/2: 0A6JAY
2025-09-23 10:22:02 - backend.core.coupang_reply_poster - INFO - 답글 포스팅 시작: 고** (ID: 0A6JAY)
2025-09-23 10:22:02 - backend.core.coupang_reply_poster - INFO - 리뷰 검색 시작: ID=0A6JAY, 이름=고**
2025-09-23 10:22:02 - backend.core.coupang_reply_poster - INFO - 페이지 1에서 리뷰 검색 중...
2025-09-23 10:22:02 - backend.core.coupang_reply_poster - INFO - === 페이지네이션 분석 시작 ===
2025-09-23 10:22:02 - backend.core.coupang_reply_poster - INFO - 페이지네이션 요소 개수: 40
2025-09-23 10:22:02 - backend.core.coupang_reply_poster - INFO -   버튼 27: 'POS 설치' (class: , data-at: , visible: True, enabled: True)
2025-09-23 10:22:02 - backend.core.coupang_reply_poster - INFO -   버튼 28: '휴대폰 앱 설치' (class: , data-at: , visible: True, enabled: True)
2025-09-23 10:22:02 - backend.core.coupang_reply_poster - INFO -   버튼 29: '약관 및 정책' (class: , data-at: , visible: True, enabled: True)
2025-09-23 10:22:02 - backend.core.coupang_reply_poster - INFO -   버튼 30: 'FAQ 보기' (class: , data-at: , visible: True, enabled: True)
2025-09-23 10:22:02 - backend.core.coupang_reply_poster - INFO -   버튼 36: '' (class: pagination-btn first-page-btn hide-btn, data-at: first-page-btn, visible: False, enabled: True)
2025-09-23 10:22:02 - backend.core.coupang_reply_poster - INFO -   버튼 37: '' (class: pagination-btn prev-btn hide-btn, data-at: prev-btn, visible: False, enabled: True)
2025-09-23 10:22:02 - backend.core.coupang_reply_poster - INFO -   버튼 38: '1' (class: active, data-at: , visible: True, enabled: True)
2025-09-23 10:22:02 - backend.core.coupang_reply_poster - INFO -   버튼 39: '' (class: pagination-btn next-btn hide-btn, data-at: next-btn, visible: False, enabled: True)
2025-09-23 10:22:02 - backend.core.coupang_reply_poster - INFO -   버튼 40: '' (class: pagination-btn last-page-btn hide-btn, data-at: last-page-btn, visible: False, enabled: True)
2025-09-23 10:22:02 - backend.core.coupang_reply_poster - INFO - 현재 페이지: 1
2025-09-23 10:22:02 - backend.core.coupang_reply_poster - INFO - 사용 가능한 페이지들: [1]
2025-09-23 10:22:02 - backend.core.coupang_reply_poster - INFO - 다음 페이지 버튼 사용 가능: False
2025-09-23 10:22:02 - backend.core.coupang_reply_poster - INFO - === 페이지네이션 분석 완료 ===
2025-09-23 10:22:02 - backend.core.coupang_reply_poster - INFO - 더 이상 페이지가 없습니다.
2025-09-23 10:22:02 - backend.core.coupang_reply_poster - INFO - 더 이상 페이지가 없습니다.
2025-09-23 10:22:02 - backend.core.coupang_reply_poster - WARNING - 모든 페이지에서 리뷰를 찾을 수 없음: 0A6JAY
2025-09-23 10:22:02 - backend.core.coupang_reply_poster - WARNING - 리뷰 요소를 찾을 수 없습니다: 0A6JAY
2025-09-23 10:22:02 - backend.core.coupang_reply_poster - WARNING - ❌ 리뷰 처리 실패: 0A6JAY - 결과 없음
2025-09-23 10:22:02 - backend.core.coupang_reply_poster - INFO - 🔄 리뷰 처리 시작: 193S0P (총 처리 중: 2개)
2025-09-23 10:22:02 - backend.core.coupang_reply_poster - INFO - 답글 포스팅 시작: 김** (ID: 193S0P)
2025-09-23 10:22:02 - backend.core.coupang_reply_poster - INFO - 리뷰 검색 시작: ID=193S0P, 이름=김**
2025-09-23 10:22:02 - backend.core.coupang_reply_poster - INFO - 페이지 1에서 리뷰 검색 중...
2025-09-23 10:22:02 - backend.core.coupang_reply_poster - INFO - === 페이지네이션 분석 시작 ===
2025-09-23 10:22:02 - backend.core.coupang_reply_poster - INFO - 페이지네이션 요소 개수: 40
2025-09-23 10:22:02 - backend.core.coupang_reply_poster - INFO -   버튼 27: 'POS 설치' (class: , data-at: , visible: True, enabled: True)
2025-09-23 10:22:02 - backend.core.coupang_reply_poster - INFO -   버튼 28: '휴대폰 앱 설치' (class: , data-at: , visible: True, enabled: True)
2025-09-23 10:22:03 - backend.core.coupang_reply_poster - INFO -   버튼 29: '약관 및 정책' (class: , data-at: , visible: True, enabled: True)
2025-09-23 10:22:03 - backend.core.coupang_reply_poster - INFO -   버튼 30: 'FAQ 보기' (class: , data-at: , visible: True, enabled: True)
2025-09-23 10:22:03 - backend.core.coupang_reply_poster - INFO -   버튼 36: '' (class: pagination-btn first-page-btn hide-btn, data-at: first-page-btn, visible: False, enabled: True)
2025-09-23 10:22:03 - backend.core.coupang_reply_poster - INFO -   버튼 37: '' (class: pagination-btn prev-btn hide-btn, data-at: prev-btn, visible: False, enabled: True)
2025-09-23 10:22:03 - backend.core.coupang_reply_poster - INFO -   버튼 38: '1' (class: active, data-at: , visible: True, enabled: True)
2025-09-23 10:22:03 - backend.core.coupang_reply_poster - INFO -   버튼 39: '' (class: pagination-btn next-btn hide-btn, data-at: next-btn, visible: False, enabled: True)
2025-09-23 10:22:03 - backend.core.coupang_reply_poster - INFO -   버튼 40: '' (class: pagination-btn last-page-btn hide-btn, data-at: last-page-btn, visible: False, enabled: True)
2025-09-23 10:22:03 - backend.core.coupang_reply_poster - INFO - 현재 페이지: 1
2025-09-23 10:22:03 - backend.core.coupang_reply_poster - INFO - 사용 가능한 페이지들: [1]
2025-09-23 10:22:03 - backend.core.coupang_reply_poster - INFO - 다음 페이지 버튼 사용 가능: False
2025-09-23 10:22:03 - backend.core.coupang_reply_poster - INFO - === 페이지네이션 분석 완료 ===
2025-09-23 10:22:03 - backend.core.coupang_reply_poster - INFO - 더 이상 페이지가 없습니다.
2025-09-23 10:22:03 - backend.core.coupang_reply_poster - INFO - 더 이상 페이지가 없습니다.
2025-09-23 10:22:03 - backend.core.coupang_reply_poster - WARNING - 모든 페이지에서 리뷰를 찾을 수 없음: 193S0P
2025-09-23 10:22:03 - backend.core.coupang_reply_poster - WARNING - 리뷰 요소를 찾을 수 없습니다: 193S0P
2025-09-23 10:22:03 - backend.core.coupang_reply_poster - INFO - 재시도 준비 중: 193S0P
2025-09-23 10:22:03 - backend.core.coupang_reply_poster - INFO - 🔁 재시도 1/2: 193S0P
2025-09-23 10:22:05 - backend.core.coupang_reply_poster - INFO - 답글 포스팅 시작: 김** (ID: 193S0P)
2025-09-23 10:22:05 - backend.core.coupang_reply_poster - INFO - 리뷰 검색 시작: ID=193S0P, 이름=김**
2025-09-23 10:22:05 - backend.core.coupang_reply_poster - INFO - 페이지 1에서 리뷰 검색 중...
2025-09-23 10:22:05 - backend.core.coupang_reply_poster - INFO - === 페이지네이션 분석 시작 ===
2025-09-23 10:22:05 - backend.core.coupang_reply_poster - INFO - 페이지네이션 요소 개수: 40
2025-09-23 10:22:05 - backend.core.coupang_reply_poster - INFO -   버튼 27: 'POS 설치' (class: , data-at: , visible: True, enabled: True)
2025-09-23 10:22:05 - backend.core.coupang_reply_poster - INFO -   버튼 28: '휴대폰 앱 설치' (class: , data-at: , visible: True, enabled: True)
2025-09-23 10:22:05 - backend.core.coupang_reply_poster - INFO -   버튼 29: '약관 및 정책' (class: , data-at: , visible: True, enabled: True)
2025-09-23 10:22:05 - backend.core.coupang_reply_poster - INFO -   버튼 30: 'FAQ 보기' (class: , data-at: , visible: True, enabled: True)
2025-09-23 10:22:05 - backend.core.coupang_reply_poster - INFO -   버튼 36: '' (class: pagination-btn first-page-btn hide-btn, data-at: first-page-btn, visible: False, enabled: True)
2025-09-23 10:22:05 - backend.core.coupang_reply_poster - INFO -   버튼 37: '' (class: pagination-btn prev-btn hide-btn, data-at: prev-btn, visible: False, enabled: True)
2025-09-23 10:22:05 - backend.core.coupang_reply_poster - INFO -   버튼 38: '1' (class: active, data-at: , visible: True, enabled: True)
2025-09-23 10:22:05 - backend.core.coupang_reply_poster - INFO -   버튼 39: '' (class: pagination-btn next-btn hide-btn, data-at: next-btn, visible: False, enabled: True)
2025-09-23 10:22:05 - backend.core.coupang_reply_poster - INFO -   버튼 40: '' (class: pagination-btn last-page-btn hide-btn, data-at: last-page-btn, visible: False, enabled: True)
2025-09-23 10:22:05 - backend.core.coupang_reply_poster - INFO - 현재 페이지: 1
2025-09-23 10:22:05 - backend.core.coupang_reply_poster - INFO - 사용 가능한 페이지들: [1]
2025-09-23 10:22:05 - backend.core.coupang_reply_poster - INFO - 다음 페이지 버튼 사용 가능: False
2025-09-23 10:22:05 - backend.core.coupang_reply_poster - INFO - === 페이지네이션 분석 완료 ===
2025-09-23 10:22:05 - backend.core.coupang_reply_poster - INFO - 더 이상 페이지가 없습니다.
2025-09-23 10:22:05 - backend.core.coupang_reply_poster - INFO - 더 이상 페이지가 없습니다.
2025-09-23 10:22:05 - backend.core.coupang_reply_poster - WARNING - 모든 페이지에서 리뷰를 찾을 수 없음: 193S0P
2025-09-23 10:22:05 - backend.core.coupang_reply_poster - WARNING - 리뷰 요소를 찾을 수 없습니다: 193S0P
2025-09-23 10:22:05 - backend.core.coupang_reply_poster - INFO - 재시도 준비 중: 193S0P
2025-09-23 10:22:05 - backend.core.coupang_reply_poster - INFO - 🔁 재시도 2/2: 193S0P
2025-09-23 10:22:09 - backend.core.coupang_reply_poster - INFO - 답글 포스팅 시작: 김** (ID: 193S0P)
2025-09-23 10:22:09 - backend.core.coupang_reply_poster - INFO - 리뷰 검색 시작: ID=193S0P, 이름=김**
2025-09-23 10:22:09 - backend.core.coupang_reply_poster - INFO - 페이지 1에서 리뷰 검색 중...
2025-09-23 10:22:09 - backend.core.coupang_reply_poster - INFO - === 페이지네이션 분석 시작 ===
2025-09-23 10:22:09 - backend.core.coupang_reply_poster - INFO - 페이지네이션 요소 개수: 40
2025-09-23 10:22:09 - backend.core.coupang_reply_poster - INFO -   버튼 27: 'POS 설치' (class: , data-at: , visible: True, enabled: True)
2025-09-23 10:22:09 - backend.core.coupang_reply_poster - INFO -   버튼 28: '휴대폰 앱 설치' (class: , data-at: , visible: True, enabled: True)
2025-09-23 10:22:09 - backend.core.coupang_reply_poster - INFO -   버튼 29: '약관 및 정책' (class: , data-at: , visible: True, enabled: True)
2025-09-23 10:22:09 - backend.core.coupang_reply_poster - INFO -   버튼 30: 'FAQ 보기' (class: , data-at: , visible: True, enabled: True)
2025-09-23 10:22:09 - backend.core.coupang_reply_poster - INFO -   버튼 36: '' (class: pagination-btn first-page-btn hide-btn, data-at: first-page-btn, visible: False, enabled: True)
2025-09-23 10:22:09 - backend.core.coupang_reply_poster - INFO -   버튼 37: '' (class: pagination-btn prev-btn hide-btn, data-at: prev-btn, visible: False, enabled: True)
2025-09-23 10:22:09 - backend.core.coupang_reply_poster - INFO -   버튼 38: '1' (class: active, data-at: , visible: True, enabled: True)
2025-09-23 10:22:09 - backend.core.coupang_reply_poster - INFO -   버튼 39: '' (class: pagination-btn next-btn hide-btn, data-at: next-btn, visible: False, enabled: True)
2025-09-23 10:22:09 - backend.core.coupang_reply_poster - INFO -   버튼 40: '' (class: pagination-btn last-page-btn hide-btn, data-at: last-page-btn, visible: False, enabled: True)
2025-09-23 10:22:09 - backend.core.coupang_reply_poster - INFO - 현재 페이지: 1
2025-09-23 10:22:09 - backend.core.coupang_reply_poster - INFO - 사용 가능한 페이지들: [1]
2025-09-23 10:22:09 - backend.core.coupang_reply_poster - INFO - 다음 페이지 버튼 사용 가능: False
2025-09-23 10:22:10 - backend.core.coupang_reply_poster - INFO - === 페이지네이션 분석 완료 ===
2025-09-23 10:22:10 - backend.core.coupang_reply_poster - INFO - 더 이상 페이지가 없습니다.
2025-09-23 10:22:10 - backend.core.coupang_reply_poster - INFO - 더 이상 페이지가 없습니다.
2025-09-23 10:22:10 - backend.core.coupang_reply_poster - WARNING - 모든 페이지에서 리뷰를 찾을 수 없음: 193S0P
2025-09-23 10:22:10 - backend.core.coupang_reply_poster - WARNING - 리뷰 요소를 찾을 수 없습니다: 193S0P
2025-09-23 10:22:10 - backend.core.coupang_reply_poster - WARNING - ❌ 리뷰 처리 실패: 193S0P - 결과 없음
2025-09-23 10:22:10 - backend.core.coupang_reply_poster - INFO - 🔄 리뷰 처리 시작: 13UJ8K (총 처리 중: 3개)
2025-09-23 10:22:10 - backend.core.coupang_reply_poster - INFO - 답글 포스팅 시작: 이** (ID: 13UJ8K)
2025-09-23 10:22:10 - backend.core.coupang_reply_poster - INFO - 리뷰 검색 시작: ID=13UJ8K, 이름=이**
2025-09-23 10:22:10 - backend.core.coupang_reply_poster - INFO - 페이지 1에서 리뷰 검색 중...
2025-09-23 10:22:10 - backend.core.coupang_reply_poster - INFO - === 페이지네이션 분석 시작 ===
2025-09-23 10:22:10 - backend.core.coupang_reply_poster - INFO - 페이지네이션 요소 개수: 40
2025-09-23 10:22:10 - backend.core.coupang_reply_poster - INFO -   버튼 27: 'POS 설치' (class: , data-at: , visible: True, enabled: True)
2025-09-23 10:22:10 - backend.core.coupang_reply_poster - INFO -   버튼 28: '휴대폰 앱 설치' (class: , data-at: , visible: True, enabled: True)
2025-09-23 10:22:10 - backend.core.coupang_reply_poster - INFO -   버튼 29: '약관 및 정책' (class: , data-at: , visible: True, enabled: True)
2025-09-23 10:22:10 - backend.core.coupang_reply_poster - INFO -   버튼 30: 'FAQ 보기' (class: , data-at: , visible: True, enabled: True)
2025-09-23 10:22:10 - backend.core.coupang_reply_poster - INFO -   버튼 36: '' (class: pagination-btn first-page-btn hide-btn, data-at: first-page-btn, visible: False, enabled: True)
2025-09-23 10:22:10 - backend.core.coupang_reply_poster - INFO -   버튼 37: '' (class: pagination-btn prev-btn hide-btn, data-at: prev-btn, visible: False, enabled: True)
2025-09-23 10:22:10 - backend.core.coupang_reply_poster - INFO -   버튼 38: '1' (class: active, data-at: , visible: True, enabled: True)
2025-09-23 10:22:10 - backend.core.coupang_reply_poster - INFO -   버튼 39: '' (class: pagination-btn next-btn hide-btn, data-at: next-btn, visible: False, enabled: True)
2025-09-23 10:22:10 - backend.core.coupang_reply_poster - INFO -   버튼 40: '' (class: pagination-btn last-page-btn hide-btn, data-at: last-page-btn, visible: False, enabled: True)
2025-09-23 10:22:10 - backend.core.coupang_reply_poster - INFO - 현재 페이지: 1
2025-09-23 10:22:10 - backend.core.coupang_reply_poster - INFO - 사용 가능한 페이지들: [1]
2025-09-23 10:22:10 - backend.core.coupang_reply_poster - INFO - 다음 페이지 버튼 사용 가능: False
2025-09-23 10:22:10 - backend.core.coupang_reply_poster - INFO - === 페이지네이션 분석 완료 ===
2025-09-23 10:22:10 - backend.core.coupang_reply_poster - INFO - 더 이상 페이지가 없습니다.
2025-09-23 10:22:10 - backend.core.coupang_reply_poster - INFO - 더 이상 페이지가 없습니다.
2025-09-23 10:22:10 - backend.core.coupang_reply_poster - WARNING - 모든 페이지에서 리뷰를 찾을 수 없음: 13UJ8K
2025-09-23 10:22:10 - backend.core.coupang_reply_poster - WARNING - 리뷰 요소를 찾을 수 없습니다: 13UJ8K
2025-09-23 10:22:10 - backend.core.coupang_reply_poster - INFO - 재시도 준비 중: 13UJ8K
2025-09-23 10:22:10 - backend.core.coupang_reply_poster - INFO - 🔁 재시도 1/2: 13UJ8K
2025-09-23 10:22:12 - backend.core.coupang_reply_poster - INFO - 답글 포스팅 시작: 이** (ID: 13UJ8K)
2025-09-23 10:22:12 - backend.core.coupang_reply_poster - INFO - 리뷰 검색 시작: ID=13UJ8K, 이름=이**
2025-09-23 10:22:12 - backend.core.coupang_reply_poster - INFO - 페이지 1에서 리뷰 검색 중...
2025-09-23 10:22:12 - backend.core.coupang_reply_poster - INFO - === 페이지네이션 분석 시작 ===
2025-09-23 10:22:12 - backend.core.coupang_reply_poster - INFO - 페이지네이션 요소 개수: 40
2025-09-23 10:22:12 - backend.core.coupang_reply_poster - INFO -   버튼 27: 'POS 설치' (class: , data-at: , visible: True, enabled: True)
2025-09-23 10:22:12 - backend.core.coupang_reply_poster - INFO -   버튼 28: '휴대폰 앱 설치' (class: , data-at: , visible: True, enabled: True)
2025-09-23 10:22:12 - backend.core.coupang_reply_poster - INFO -   버튼 29: '약관 및 정책' (class: , data-at: , visible: True, enabled: True)
2025-09-23 10:22:12 - backend.core.coupang_reply_poster - INFO -   버튼 30: 'FAQ 보기' (class: , data-at: , visible: True, enabled: True)
2025-09-23 10:22:12 - backend.core.coupang_reply_poster - INFO -   버튼 36: '' (class: pagination-btn first-page-btn hide-btn, data-at: first-page-btn, visible: False, enabled: True)
2025-09-23 10:22:12 - backend.core.coupang_reply_poster - INFO -   버튼 37: '' (class: pagination-btn prev-btn hide-btn, data-at: prev-btn, visible: False, enabled: True)
2025-09-23 10:22:12 - backend.core.coupang_reply_poster - INFO -   버튼 38: '1' (class: active, data-at: , visible: True, enabled: True)
2025-09-23 10:22:12 - backend.core.coupang_reply_poster - INFO -   버튼 39: '' (class: pagination-btn next-btn hide-btn, data-at: next-btn, visible: False, enabled: True)
2025-09-23 10:22:12 - backend.core.coupang_reply_poster - INFO -   버튼 40: '' (class: pagination-btn last-page-btn hide-btn, data-at: last-page-btn, visible: False, enabled: True)
2025-09-23 10:22:12 - backend.core.coupang_reply_poster - INFO - 현재 페이지: 1
2025-09-23 10:22:12 - backend.core.coupang_reply_poster - INFO - 사용 가능한 페이지들: [1]
2025-09-23 10:22:12 - backend.core.coupang_reply_poster - INFO - 다음 페이지 버튼 사용 가능: False
2025-09-23 10:22:12 - backend.core.coupang_reply_poster - INFO - === 페이지네이션 분석 완료 ===
2025-09-23 10:22:12 - backend.core.coupang_reply_poster - INFO - 더 이상 페이지가 없습니다.
2025-09-23 10:22:12 - backend.core.coupang_reply_poster - INFO - 더 이상 페이지가 없습니다.
2025-09-23 10:22:12 - backend.core.coupang_reply_poster - WARNING - 모든 페이지에서 리뷰를 찾을 수 없음: 13UJ8K
2025-09-23 10:22:12 - backend.core.coupang_reply_poster - WARNING - 리뷰 요소를 찾을 수 없습니다: 13UJ8K
2025-09-23 10:22:12 - backend.core.coupang_reply_poster - INFO - 재시도 준비 중: 13UJ8K
2025-09-23 10:22:12 - backend.core.coupang_reply_poster - INFO - 🔁 재시도 2/2: 13UJ8K
2025-09-23 10:22:16 - backend.core.coupang_reply_poster - INFO - 답글 포스팅 시작: 이** (ID: 13UJ8K)
2025-09-23 10:22:16 - backend.core.coupang_reply_poster - INFO - 리뷰 검색 시작: ID=13UJ8K, 이름=이**
2025-09-23 10:22:16 - backend.core.coupang_reply_poster - INFO - 페이지 1에서 리뷰 검색 중...
2025-09-23 10:22:16 - backend.core.coupang_reply_poster - INFO - === 페이지네이션 분석 시작 ===
2025-09-23 10:22:16 - backend.core.coupang_reply_poster - INFO - 페이지네이션 요소 개수: 40
2025-09-23 10:22:16 - backend.core.coupang_reply_poster - INFO -   버튼 27: 'POS 설치' (class: , data-at: , visible: True, enabled: True)
2025-09-23 10:22:16 - backend.core.coupang_reply_poster - INFO -   버튼 28: '휴대폰 앱 설치' (class: , data-at: , visible: True, enabled: True)
2025-09-23 10:22:17 - backend.core.coupang_reply_poster - INFO -   버튼 29: '약관 및 정책' (class: , data-at: , visible: True, enabled: True)
2025-09-23 10:22:17 - backend.core.coupang_reply_poster - INFO -   버튼 30: 'FAQ 보기' (class: , data-at: , visible: True, enabled: True)
2025-09-23 10:22:17 - backend.core.coupang_reply_poster - INFO -   버튼 36: '' (class: pagination-btn first-page-btn hide-btn, data-at: first-page-btn, visible: False, enabled: True)
2025-09-23 10:22:17 - backend.core.coupang_reply_poster - INFO -   버튼 37: '' (class: pagination-btn prev-btn hide-btn, data-at: prev-btn, visible: False, enabled: True)
2025-09-23 10:22:17 - backend.core.coupang_reply_poster - INFO -   버튼 38: '1' (class: active, data-at: , visible: True, enabled: True)
2025-09-23 10:22:17 - backend.core.coupang_reply_poster - INFO -   버튼 39: '' (class: pagination-btn next-btn hide-btn, data-at: next-btn, visible: False, enabled: True)
2025-09-23 10:22:17 - backend.core.coupang_reply_poster - INFO -   버튼 40: '' (class: pagination-btn last-page-btn hide-btn, data-at: last-page-btn, visible: False, enabled: True)
2025-09-23 10:22:17 - backend.core.coupang_reply_poster - INFO - 현재 페이지: 1
2025-09-23 10:22:17 - backend.core.coupang_reply_poster - INFO - 사용 가능한 페이지들: [1]
2025-09-23 10:22:17 - backend.core.coupang_reply_poster - INFO - 다음 페이지 버튼 사용 가능: False
2025-09-23 10:22:17 - backend.core.coupang_reply_poster - INFO - === 페이지네이션 분석 완료 ===
2025-09-23 10:22:17 - backend.core.coupang_reply_poster - INFO - 더 이상 페이지가 없습니다.
2025-09-23 10:22:17 - backend.core.coupang_reply_poster - INFO - 더 이상 페이지가 없습니다.
2025-09-23 10:22:17 - backend.core.coupang_reply_poster - WARNING - 모든 페이지에서 리뷰를 찾을 수 없음: 13UJ8K
2025-09-23 10:22:17 - backend.core.coupang_reply_poster - WARNING - 리뷰 요소를 찾을 수 없습니다: 13UJ8K
2025-09-23 10:22:17 - backend.core.coupang_reply_poster - WARNING - ❌ 리뷰 처리 실패: 13UJ8K - 결과 없음
2025-09-23 10:22:17 - backend.core.coupang_reply_poster - INFO - 🔄 리뷰 처리 시작: 00YSBK (총 처리 중: 4개)
2025-09-23 10:22:17 - backend.core.coupang_reply_poster - INFO - 답글 포스팅 시작: 김** (ID: 00YSBK)
2025-09-23 10:22:17 - backend.core.coupang_reply_poster - INFO - 리뷰 검색 시작: ID=00YSBK, 이름=김**
2025-09-23 10:22:17 - backend.core.coupang_reply_poster - INFO - 페이지 1에서 리뷰 검색 중...
2025-09-23 10:22:17 - backend.core.coupang_reply_poster - INFO - === 페이지네이션 분석 시작 ===
2025-09-23 10:22:17 - backend.core.coupang_reply_poster - INFO - 페이지네이션 요소 개수: 40
2025-09-23 10:22:17 - backend.core.coupang_reply_poster - INFO -   버튼 27: 'POS 설치' (class: , data-at: , visible: True, enabled: True)
2025-09-23 10:22:17 - backend.core.coupang_reply_poster - INFO -   버튼 28: '휴대폰 앱 설치' (class: , data-at: , visible: True, enabled: True)
2025-09-23 10:22:17 - backend.core.coupang_reply_poster - INFO -   버튼 29: '약관 및 정책' (class: , data-at: , visible: True, enabled: True)
2025-09-23 10:22:17 - backend.core.coupang_reply_poster - INFO -   버튼 30: 'FAQ 보기' (class: , data-at: , visible: True, enabled: True)
2025-09-23 10:22:17 - backend.core.coupang_reply_poster - INFO -   버튼 36: '' (class: pagination-btn first-page-btn hide-btn, data-at: first-page-btn, visible: False, enabled: True)
2025-09-23 10:22:17 - backend.core.coupang_reply_poster - INFO -   버튼 37: '' (class: pagination-btn prev-btn hide-btn, data-at: prev-btn, visible: False, enabled: True)
2025-09-23 10:22:17 - backend.core.coupang_reply_poster - INFO -   버튼 38: '1' (class: active, data-at: , visible: True, enabled: True)
2025-09-23 10:22:17 - backend.core.coupang_reply_poster - INFO -   버튼 39: '' (class: pagination-btn next-btn hide-btn, data-at: next-btn, visible: False, enabled: True)
2025-09-23 10:22:17 - backend.core.coupang_reply_poster - INFO -   버튼 40: '' (class: pagination-btn last-page-btn hide-btn, data-at: last-page-btn, visible: False, enabled: True)
2025-09-23 10:22:17 - backend.core.coupang_reply_poster - INFO - 현재 페이지: 1
2025-09-23 10:22:17 - backend.core.coupang_reply_poster - INFO - 사용 가능한 페이지들: [1]
2025-09-23 10:22:17 - backend.core.coupang_reply_poster - INFO - 다음 페이지 버튼 사용 가능: False
2025-09-23 10:22:17 - backend.core.coupang_reply_poster - INFO - === 페이지네이션 분석 완료 ===
2025-09-23 10:22:17 - backend.core.coupang_reply_poster - INFO - 더 이상 페이지가 없습니다.
2025-09-23 10:22:17 - backend.core.coupang_reply_poster - INFO - 더 이상 페이지가 없습니다.
2025-09-23 10:22:17 - backend.core.coupang_reply_poster - WARNING - 모든 페이지에서 리뷰를 찾을 수 없음: 00YSBK
2025-09-23 10:22:17 - backend.core.coupang_reply_poster - WARNING - 리뷰 요소를 찾을 수 없습니다: 00YSBK
2025-09-23 10:22:17 - backend.core.coupang_reply_poster - INFO - 재시도 준비 중: 00YSBK
2025-09-23 10:22:17 - backend.core.coupang_reply_poster - INFO - 🔁 재시도 1/2: 00YSBK
2025-09-23 10:22:19 - backend.core.coupang_reply_poster - INFO - 답글 포스팅 시작: 김** (ID: 00YSBK)
2025-09-23 10:22:19 - backend.core.coupang_reply_poster - INFO - 리뷰 검색 시작: ID=00YSBK, 이름=김**
2025-09-23 10:22:19 - backend.core.coupang_reply_poster - INFO - 페이지 1에서 리뷰 검색 중...
2025-09-23 10:22:19 - backend.core.coupang_reply_poster - INFO - === 페이지네이션 분석 시작 ===
2025-09-23 10:22:19 - backend.core.coupang_reply_poster - INFO - 페이지네이션 요소 개수: 40
2025-09-23 10:22:19 - backend.core.coupang_reply_poster - INFO -   버튼 27: 'POS 설치' (class: , data-at: , visible: True, enabled: True)
2025-09-23 10:22:19 - backend.core.coupang_reply_poster - INFO -   버튼 28: '휴대폰 앱 설치' (class: , data-at: , visible: True, enabled: True)
2025-09-23 10:22:19 - backend.core.coupang_reply_poster - INFO -   버튼 29: '약관 및 정책' (class: , data-at: , visible: True, enabled: True)
2025-09-23 10:22:19 - backend.core.coupang_reply_poster - INFO -   버튼 30: 'FAQ 보기' (class: , data-at: , visible: True, enabled: True)
2025-09-23 10:22:19 - backend.core.coupang_reply_poster - INFO -   버튼 36: '' (class: pagination-btn first-page-btn hide-btn, data-at: first-page-btn, visible: False, enabled: True)
2025-09-23 10:22:19 - backend.core.coupang_reply_poster - INFO -   버튼 37: '' (class: pagination-btn prev-btn hide-btn, data-at: prev-btn, visible: False, enabled: True)
2025-09-23 10:22:19 - backend.core.coupang_reply_poster - INFO -   버튼 38: '1' (class: active, data-at: , visible: True, enabled: True)
2025-09-23 10:22:19 - backend.core.coupang_reply_poster - INFO -   버튼 39: '' (class: pagination-btn next-btn hide-btn, data-at: next-btn, visible: False, enabled: True)
2025-09-23 10:22:19 - backend.core.coupang_reply_poster - INFO -   버튼 40: '' (class: pagination-btn last-page-btn hide-btn, data-at: last-page-btn, visible: False, enabled: True)
2025-09-23 10:22:19 - backend.core.coupang_reply_poster - INFO - 현재 페이지: 1
2025-09-23 10:22:19 - backend.core.coupang_reply_poster - INFO - 사용 가능한 페이지들: [1]
2025-09-23 10:22:19 - backend.core.coupang_reply_poster - INFO - 다음 페이지 버튼 사용 가능: False
2025-09-23 10:22:20 - backend.core.coupang_reply_poster - INFO - === 페이지네이션 분석 완료 ===
2025-09-23 10:22:20 - backend.core.coupang_reply_poster - INFO - 더 이상 페이지가 없습니다.
2025-09-23 10:22:20 - backend.core.coupang_reply_poster - INFO - 더 이상 페이지가 없습니다.
2025-09-23 10:22:20 - backend.core.coupang_reply_poster - WARNING - 모든 페이지에서 리뷰를 찾을 수 없음: 00YSBK
2025-09-23 10:22:20 - backend.core.coupang_reply_poster - WARNING - 리뷰 요소를 찾을 수 없습니다: 00YSBK
2025-09-23 10:22:20 - backend.core.coupang_reply_poster - INFO - 재시도 준비 중: 00YSBK
2025-09-23 10:22:20 - backend.core.coupang_reply_poster - INFO - 🔁 재시도 2/2: 00YSBK
2025-09-23 10:22:24 - backend.core.coupang_reply_poster - INFO - 답글 포스팅 시작: 김** (ID: 00YSBK)
2025-09-23 10:22:24 - backend.core.coupang_reply_poster - INFO - 리뷰 검색 시작: ID=00YSBK, 이름=김**
2025-09-23 10:22:24 - backend.core.coupang_reply_poster - INFO - 페이지 1에서 리뷰 검색 중...
2025-09-23 10:22:24 - backend.core.coupang_reply_poster - INFO - === 페이지네이션 분석 시작 ===
2025-09-23 10:22:24 - backend.core.coupang_reply_poster - INFO - 페이지네이션 요소 개수: 40
2025-09-23 10:22:24 - backend.core.coupang_reply_poster - INFO -   버튼 27: 'POS 설치' (class: , data-at: , visible: True, enabled: True)
2025-09-23 10:22:24 - backend.core.coupang_reply_poster - INFO -   버튼 28: '휴대폰 앱 설치' (class: , data-at: , visible: True, enabled: True)
2025-09-23 10:22:24 - backend.core.coupang_reply_poster - INFO -   버튼 29: '약관 및 정책' (class: , data-at: , visible: True, enabled: True)
2025-09-23 10:22:24 - backend.core.coupang_reply_poster - INFO -   버튼 30: 'FAQ 보기' (class: , data-at: , visible: True, enabled: True)
2025-09-23 10:22:24 - backend.core.coupang_reply_poster - INFO -   버튼 36: '' (class: pagination-btn first-page-btn hide-btn, data-at: first-page-btn, visible: False, enabled: True)
2025-09-23 10:22:24 - backend.core.coupang_reply_poster - INFO -   버튼 37: '' (class: pagination-btn prev-btn hide-btn, data-at: prev-btn, visible: False, enabled: True)
2025-09-23 10:22:24 - backend.core.coupang_reply_poster - INFO -   버튼 38: '1' (class: active, data-at: , visible: True, enabled: True)
2025-09-23 10:22:24 - backend.core.coupang_reply_poster - INFO -   버튼 39: '' (class: pagination-btn next-btn hide-btn, data-at: next-btn, visible: False, enabled: True)
2025-09-23 10:22:24 - backend.core.coupang_reply_poster - INFO -   버튼 40: '' (class: pagination-btn last-page-btn hide-btn, data-at: last-page-btn, visible: False, enabled: True)
2025-09-23 10:22:24 - backend.core.coupang_reply_poster - INFO - 현재 페이지: 1
2025-09-23 10:22:24 - backend.core.coupang_reply_poster - INFO - 사용 가능한 페이지들: [1]
2025-09-23 10:22:24 - backend.core.coupang_reply_poster - INFO - 다음 페이지 버튼 사용 가능: False
2025-09-23 10:22:24 - backend.core.coupang_reply_poster - INFO - === 페이지네이션 분석 완료 ===
2025-09-23 10:22:24 - backend.core.coupang_reply_poster - INFO - 더 이상 페이지가 없습니다.
2025-09-23 10:22:24 - backend.core.coupang_reply_poster - INFO - 더 이상 페이지가 없습니다.
2025-09-23 10:22:24 - backend.core.coupang_reply_poster - WARNING - 모든 페이지에서 리뷰를 찾을 수 없음: 00YSBK
2025-09-23 10:22:24 - backend.core.coupang_reply_poster - WARNING - 리뷰 요소를 찾을 수 없습니다: 00YSBK
2025-09-23 10:22:24 - backend.core.coupang_reply_poster - WARNING - ❌ 리뷰 처리 실패: 00YSBK - 결과 없음
2025-09-23 10:22:24 - backend.core.coupang_reply_poster - INFO - 🔄 리뷰 처리 시작: 06VGUH (총 처리 중: 5개)
2025-09-23 10:22:24 - backend.core.coupang_reply_poster - INFO - 답글 포스팅 시작: 심** (ID: 06VGUH)
2025-09-23 10:22:24 - backend.core.coupang_reply_poster - INFO - 리뷰 검색 시작: ID=06VGUH, 이름=심**
2025-09-23 10:22:24 - backend.core.coupang_reply_poster - INFO - 페이지 1에서 리뷰 검색 중...
2025-09-23 10:22:24 - backend.core.coupang_reply_poster - INFO - === 페이지네이션 분석 시작 ===
2025-09-23 10:22:24 - backend.core.coupang_reply_poster - INFO - 페이지네이션 요소 개수: 40
2025-09-23 10:22:24 - backend.core.coupang_reply_poster - INFO -   버튼 27: 'POS 설치' (class: , data-at: , visible: True, enabled: True)
2025-09-23 10:22:24 - backend.core.coupang_reply_poster - INFO -   버튼 28: '휴대폰 앱 설치' (class: , data-at: , visible: True, enabled: True)
2025-09-23 10:22:24 - backend.core.coupang_reply_poster - INFO -   버튼 29: '약관 및 정책' (class: , data-at: , visible: True, enabled: True)
2025-09-23 10:22:24 - backend.core.coupang_reply_poster - INFO -   버튼 30: 'FAQ 보기' (class: , data-at: , visible: True, enabled: True)
2025-09-23 10:22:24 - backend.core.coupang_reply_poster - INFO -   버튼 36: '' (class: pagination-btn first-page-btn hide-btn, data-at: first-page-btn, visible: False, enabled: True)
2025-09-23 10:22:24 - backend.core.coupang_reply_poster - INFO -   버튼 37: '' (class: pagination-btn prev-btn hide-btn, data-at: prev-btn, visible: False, enabled: True)
2025-09-23 10:22:24 - backend.core.coupang_reply_poster - INFO -   버튼 38: '1' (class: active, data-at: , visible: True, enabled: True)
2025-09-23 10:22:24 - backend.core.coupang_reply_poster - INFO -   버튼 39: '' (class: pagination-btn next-btn hide-btn, data-at: next-btn, visible: False, enabled: True)
2025-09-23 10:22:24 - backend.core.coupang_reply_poster - INFO -   버튼 40: '' (class: pagination-btn last-page-btn hide-btn, data-at: last-page-btn, visible: False, enabled: True)
2025-09-23 10:22:24 - backend.core.coupang_reply_poster - INFO - 현재 페이지: 1
2025-09-23 10:22:24 - backend.core.coupang_reply_poster - INFO - 사용 가능한 페이지들: [1]
2025-09-23 10:22:24 - backend.core.coupang_reply_poster - INFO - 다음 페이지 버튼 사용 가능: False
2025-09-23 10:22:24 - backend.core.coupang_reply_poster - INFO - === 페이지네이션 분석 완료 ===
2025-09-23 10:22:24 - backend.core.coupang_reply_poster - INFO - 더 이상 페이지가 없습니다.
2025-09-23 10:22:24 - backend.core.coupang_reply_poster - INFO - 더 이상 페이지가 없습니다.
2025-09-23 10:22:24 - backend.core.coupang_reply_poster - WARNING - 모든 페이지에서 리뷰를 찾을 수 없음: 06VGUH
2025-09-23 10:22:24 - backend.core.coupang_reply_poster - WARNING - 리뷰 요소를 찾을 수 없습니다: 06VGUH
2025-09-23 10:22:24 - backend.core.coupang_reply_poster - INFO - 재시도 준비 중: 06VGUH
2025-09-23 10:22:24 - backend.core.coupang_reply_poster - INFO - 🔁 재시도 1/2: 06VGUH
2025-09-23 10:22:26 - backend.core.coupang_reply_poster - INFO - 답글 포스팅 시작: 심** (ID: 06VGUH)
2025-09-23 10:22:26 - backend.core.coupang_reply_poster - INFO - 리뷰 검색 시작: ID=06VGUH, 이름=심**
2025-09-23 10:22:26 - backend.core.coupang_reply_poster - INFO - 페이지 1에서 리뷰 검색 중...
2025-09-23 10:22:26 - backend.core.coupang_reply_poster - INFO - === 페이지네이션 분석 시작 ===
2025-09-23 10:22:26 - backend.core.coupang_reply_poster - INFO - 페이지네이션 요소 개수: 40
2025-09-23 10:22:27 - backend.core.coupang_reply_poster - INFO -   버튼 27: 'POS 설치' (class: , data-at: , visible: True, enabled: True)
2025-09-23 10:22:27 - backend.core.coupang_reply_poster - INFO -   버튼 28: '휴대폰 앱 설치' (class: , data-at: , visible: True, enabled: True)
2025-09-23 10:22:27 - backend.core.coupang_reply_poster - INFO -   버튼 29: '약관 및 정책' (class: , data-at: , visible: True, enabled: True)
2025-09-23 10:22:27 - backend.core.coupang_reply_poster - INFO -   버튼 30: 'FAQ 보기' (class: , data-at: , visible: True, enabled: True)
2025-09-23 10:22:27 - backend.core.coupang_reply_poster - INFO -   버튼 36: '' (class: pagination-btn first-page-btn hide-btn, data-at: first-page-btn, visible: False, enabled: True)
2025-09-23 10:22:27 - backend.core.coupang_reply_poster - INFO -   버튼 37: '' (class: pagination-btn prev-btn hide-btn, data-at: prev-btn, visible: False, enabled: True)
2025-09-23 10:22:27 - backend.core.coupang_reply_poster - INFO -   버튼 38: '1' (class: active, data-at: , visible: True, enabled: True)
2025-09-23 10:22:27 - backend.core.coupang_reply_poster - INFO -   버튼 39: '' (class: pagination-btn next-btn hide-btn, data-at: next-btn, visible: False, enabled: True)
2025-09-23 10:22:27 - backend.core.coupang_reply_poster - INFO -   버튼 40: '' (class: pagination-btn last-page-btn hide-btn, data-at: last-page-btn, visible: False, enabled: True)
2025-09-23 10:22:27 - backend.core.coupang_reply_poster - INFO - 현재 페이지: 1
2025-09-23 10:22:27 - backend.core.coupang_reply_poster - INFO - 사용 가능한 페이지들: [1]
2025-09-23 10:22:27 - backend.core.coupang_reply_poster - INFO - 다음 페이지 버튼 사용 가능: False
2025-09-23 10:22:27 - backend.core.coupang_reply_poster - INFO - === 페이지네이션 분석 완료 ===
2025-09-23 10:22:27 - backend.core.coupang_reply_poster - INFO - 더 이상 페이지가 없습니다.
2025-09-23 10:22:27 - backend.core.coupang_reply_poster - INFO - 더 이상 페이지가 없습니다.
2025-09-23 10:22:27 - backend.core.coupang_reply_poster - WARNING - 모든 페이지에서 리뷰를 찾을 수 없음: 06VGUH
2025-09-23 10:22:27 - backend.core.coupang_reply_poster - WARNING - 리뷰 요소를 찾을 수 없습니다: 06VGUH
2025-09-23 10:22:27 - backend.core.coupang_reply_poster - INFO - 재시도 준비 중: 06VGUH
2025-09-23 10:22:27 - backend.core.coupang_reply_poster - INFO - 🔁 재시도 2/2: 06VGUH
2025-09-23 10:22:31 - backend.core.coupang_reply_poster - INFO - 답글 포스팅 시작: 심** (ID: 06VGUH)
2025-09-23 10:22:31 - backend.core.coupang_reply_poster - INFO - 리뷰 검색 시작: ID=06VGUH, 이름=심**
2025-09-23 10:22:31 - backend.core.coupang_reply_poster - INFO - 페이지 1에서 리뷰 검색 중...
2025-09-23 10:22:31 - backend.core.coupang_reply_poster - INFO - === 페이지네이션 분석 시작 ===
2025-09-23 10:22:31 - backend.core.coupang_reply_poster - INFO - 페이지네이션 요소 개수: 40
2025-09-23 10:22:31 - backend.core.coupang_reply_poster - INFO -   버튼 27: 'POS 설치' (class: , data-at: , visible: True, enabled: True)
2025-09-23 10:22:31 - backend.core.coupang_reply_poster - INFO -   버튼 28: '휴대폰 앱 설치' (class: , data-at: , visible: True, enabled: True)
2025-09-23 10:22:31 - backend.core.coupang_reply_poster - INFO -   버튼 29: '약관 및 정책' (class: , data-at: , visible: True, enabled: True)
2025-09-23 10:22:31 - backend.core.coupang_reply_poster - INFO -   버튼 30: 'FAQ 보기' (class: , data-at: , visible: True, enabled: True)
2025-09-23 10:22:31 - backend.core.coupang_reply_poster - INFO -   버튼 36: '' (class: pagination-btn first-page-btn hide-btn, data-at: first-page-btn, visible: False, enabled: True)
2025-09-23 10:22:31 - backend.core.coupang_reply_poster - INFO -   버튼 37: '' (class: pagination-btn prev-btn hide-btn, data-at: prev-btn, visible: False, enabled: True)
2025-09-23 10:22:31 - backend.core.coupang_reply_poster - INFO -   버튼 38: '1' (class: active, data-at: , visible: True, enabled: True)
2025-09-23 10:22:31 - backend.core.coupang_reply_poster - INFO -   버튼 39: '' (class: pagination-btn next-btn hide-btn, data-at: next-btn, visible: False, enabled: True)
2025-09-23 10:22:31 - backend.core.coupang_reply_poster - INFO -   버튼 40: '' (class: pagination-btn last-page-btn hide-btn, data-at: last-page-btn, visible: False, enabled: True)
2025-09-23 10:22:31 - backend.core.coupang_reply_poster - INFO - 현재 페이지: 1
2025-09-23 10:22:31 - backend.core.coupang_reply_poster - INFO - 사용 가능한 페이지들: [1]
2025-09-23 10:22:31 - backend.core.coupang_reply_poster - INFO - 다음 페이지 버튼 사용 가능: False
2025-09-23 10:22:31 - backend.core.coupang_reply_poster - INFO - === 페이지네이션 분석 완료 ===
2025-09-23 10:22:31 - backend.core.coupang_reply_poster - INFO - 더 이상 페이지가 없습니다.
2025-09-23 10:22:31 - backend.core.coupang_reply_poster - INFO - 더 이상 페이지가 없습니다.
2025-09-23 10:22:31 - backend.core.coupang_reply_poster - WARNING - 모든 페이지에서 리뷰를 찾을 수 없음: 06VGUH
2025-09-23 10:22:31 - backend.core.coupang_reply_poster - WARNING - 리뷰 요소를 찾을 수 없습니다: 06VGUH
2025-09-23 10:22:31 - backend.core.coupang_reply_poster - WARNING - ❌ 리뷰 처리 실패: 06VGUH - 결과 없음
2025-09-23 10:22:31 - backend.core.coupang_reply_poster - INFO - 🔄 리뷰 처리 시작: 2HK1N7 (총 처리 중: 6개)
2025-09-23 10:22:31 - backend.core.coupang_reply_poster - INFO - 답글 포스팅 시작: 김** (ID: 2HK1N7)
2025-09-23 10:22:31 - backend.core.coupang_reply_poster - INFO - 리뷰 검색 시작: ID=2HK1N7, 이름=김**
2025-09-23 10:22:31 - backend.core.coupang_reply_poster - INFO - 페이지 1에서 리뷰 검색 중...
2025-09-23 10:22:31 - backend.core.coupang_reply_poster - INFO - === 페이지네이션 분석 시작 ===
2025-09-23 10:22:31 - backend.core.coupang_reply_poster - INFO - 페이지네이션 요소 개수: 40
2025-09-23 10:22:31 - backend.core.coupang_reply_poster - INFO -   버튼 27: 'POS 설치' (class: , data-at: , visible: True, enabled: True)
2025-09-23 10:22:31 - backend.core.coupang_reply_poster - INFO -   버튼 28: '휴대폰 앱 설치' (class: , data-at: , visible: True, enabled: True)
2025-09-23 10:22:31 - backend.core.coupang_reply_poster - INFO -   버튼 29: '약관 및 정책' (class: , data-at: , visible: True, enabled: True)
2025-09-23 10:22:31 - backend.core.coupang_reply_poster - INFO -   버튼 30: 'FAQ 보기' (class: , data-at: , visible: True, enabled: True)
2025-09-23 10:22:31 - backend.core.coupang_reply_poster - INFO -   버튼 36: '' (class: pagination-btn first-page-btn hide-btn, data-at: first-page-btn, visible: False, enabled: True)
2025-09-23 10:22:31 - backend.core.coupang_reply_poster - INFO -   버튼 37: '' (class: pagination-btn prev-btn hide-btn, data-at: prev-btn, visible: False, enabled: True)
2025-09-23 10:22:31 - backend.core.coupang_reply_poster - INFO -   버튼 38: '1' (class: active, data-at: , visible: True, enabled: True)
2025-09-23 10:22:31 - backend.core.coupang_reply_poster - INFO -   버튼 39: '' (class: pagination-btn next-btn hide-btn, data-at: next-btn, visible: False, enabled: True)
2025-09-23 10:22:31 - backend.core.coupang_reply_poster - INFO -   버튼 40: '' (class: pagination-btn last-page-btn hide-btn, data-at: last-page-btn, visible: False, enabled: True)
2025-09-23 10:22:31 - backend.core.coupang_reply_poster - INFO - 현재 페이지: 1
2025-09-23 10:22:31 - backend.core.coupang_reply_poster - INFO - 사용 가능한 페이지들: [1]
2025-09-23 10:22:31 - backend.core.coupang_reply_poster - INFO - 다음 페이지 버튼 사용 가능: False
2025-09-23 10:22:32 - backend.core.coupang_reply_poster - INFO - === 페이지네이션 분석 완료 ===
2025-09-23 10:22:32 - backend.core.coupang_reply_poster - INFO - 더 이상 페이지가 없습니다.
2025-09-23 10:22:32 - backend.core.coupang_reply_poster - INFO - 더 이상 페이지가 없습니다.
2025-09-23 10:22:32 - backend.core.coupang_reply_poster - WARNING - 모든 페이지에서 리뷰를 찾을 수 없음: 2HK1N7
2025-09-23 10:22:32 - backend.core.coupang_reply_poster - WARNING - 리뷰 요소를 찾을 수 없습니다: 2HK1N7
2025-09-23 10:22:32 - backend.core.coupang_reply_poster - INFO - 재시도 준비 중: 2HK1N7
2025-09-23 10:22:32 - backend.core.coupang_reply_poster - INFO - 🔁 재시도 1/2: 2HK1N7
2025-09-23 10:22:34 - backend.core.coupang_reply_poster - INFO - 답글 포스팅 시작: 김** (ID: 2HK1N7)
2025-09-23 10:22:34 - backend.core.coupang_reply_poster - INFO - 리뷰 검색 시작: ID=2HK1N7, 이름=김**
2025-09-23 10:22:34 - backend.core.coupang_reply_poster - INFO - 페이지 1에서 리뷰 검색 중...
2025-09-23 10:22:34 - backend.core.coupang_reply_poster - INFO - === 페이지네이션 분석 시작 ===
2025-09-23 10:22:34 - backend.core.coupang_reply_poster - INFO - 페이지네이션 요소 개수: 40
2025-09-23 10:22:34 - backend.core.coupang_reply_poster - INFO -   버튼 27: 'POS 설치' (class: , data-at: , visible: True, enabled: True)
2025-09-23 10:22:34 - backend.core.coupang_reply_poster - INFO -   버튼 28: '휴대폰 앱 설치' (class: , data-at: , visible: True, enabled: True)
2025-09-23 10:22:34 - backend.core.coupang_reply_poster - INFO -   버튼 29: '약관 및 정책' (class: , data-at: , visible: True, enabled: True)
2025-09-23 10:22:34 - backend.core.coupang_reply_poster - INFO -   버튼 30: 'FAQ 보기' (class: , data-at: , visible: True, enabled: True)
2025-09-23 10:22:34 - backend.core.coupang_reply_poster - INFO -   버튼 36: '' (class: pagination-btn first-page-btn hide-btn, data-at: first-page-btn, visible: False, enabled: True)
2025-09-23 10:22:34 - backend.core.coupang_reply_poster - INFO -   버튼 37: '' (class: pagination-btn prev-btn hide-btn, data-at: prev-btn, visible: False, enabled: True)
2025-09-23 10:22:34 - backend.core.coupang_reply_poster - INFO -   버튼 38: '1' (class: active, data-at: , visible: True, enabled: True)
2025-09-23 10:22:34 - backend.core.coupang_reply_poster - INFO -   버튼 39: '' (class: pagination-btn next-btn hide-btn, data-at: next-btn, visible: False, enabled: True)
2025-09-23 10:22:34 - backend.core.coupang_reply_poster - INFO -   버튼 40: '' (class: pagination-btn last-page-btn hide-btn, data-at: last-page-btn, visible: False, enabled: True)
2025-09-23 10:22:34 - backend.core.coupang_reply_poster - INFO - 현재 페이지: 1
2025-09-23 10:22:34 - backend.core.coupang_reply_poster - INFO - 사용 가능한 페이지들: [1]
2025-09-23 10:22:34 - backend.core.coupang_reply_poster - INFO - 다음 페이지 버튼 사용 가능: False
2025-09-23 10:22:34 - backend.core.coupang_reply_poster - INFO - === 페이지네이션 분석 완료 ===
2025-09-23 10:22:34 - backend.core.coupang_reply_poster - INFO - 더 이상 페이지가 없습니다.
2025-09-23 10:22:34 - backend.core.coupang_reply_poster - INFO - 더 이상 페이지가 없습니다.
2025-09-23 10:22:34 - backend.core.coupang_reply_poster - WARNING - 모든 페이지에서 리뷰를 찾을 수 없음: 2HK1N7
2025-09-23 10:22:34 - backend.core.coupang_reply_poster - WARNING - 리뷰 요소를 찾을 수 없습니다: 2HK1N7
2025-09-23 10:22:34 - backend.core.coupang_reply_poster - INFO - 재시도 준비 중: 2HK1N7
2025-09-23 10:22:34 - backend.core.coupang_reply_poster - INFO - 🔁 재시도 2/2: 2HK1N7
2025-09-23 10:22:38 - backend.core.coupang_reply_poster - INFO - 답글 포스팅 시작: 김** (ID: 2HK1N7)
2025-09-23 10:22:38 - backend.core.coupang_reply_poster - INFO - 리뷰 검색 시작: ID=2HK1N7, 이름=김**
2025-09-23 10:22:38 - backend.core.coupang_reply_poster - INFO - 페이지 1에서 리뷰 검색 중...
2025-09-23 10:22:38 - backend.core.coupang_reply_poster - INFO - === 페이지네이션 분석 시작 ===
2025-09-23 10:22:38 - backend.core.coupang_reply_poster - INFO - 페이지네이션 요소 개수: 40
2025-09-23 10:22:38 - backend.core.coupang_reply_poster - INFO -   버튼 27: 'POS 설치' (class: , data-at: , visible: True, enabled: True)
2025-09-23 10:22:38 - backend.core.coupang_reply_poster - INFO -   버튼 28: '휴대폰 앱 설치' (class: , data-at: , visible: True, enabled: True)
2025-09-23 10:22:38 - backend.core.coupang_reply_poster - INFO -   버튼 29: '약관 및 정책' (class: , data-at: , visible: True, enabled: True)
2025-09-23 10:22:38 - backend.core.coupang_reply_poster - INFO -   버튼 30: 'FAQ 보기' (class: , data-at: , visible: True, enabled: True)
2025-09-23 10:22:38 - backend.core.coupang_reply_poster - INFO -   버튼 36: '' (class: pagination-btn first-page-btn hide-btn, data-at: first-page-btn, visible: False, enabled: True)
2025-09-23 10:22:38 - backend.core.coupang_reply_poster - INFO -   버튼 37: '' (class: pagination-btn prev-btn hide-btn, data-at: prev-btn, visible: False, enabled: True)
2025-09-23 10:22:38 - backend.core.coupang_reply_poster - INFO -   버튼 38: '1' (class: active, data-at: , visible: True, enabled: True)
2025-09-23 10:22:38 - backend.core.coupang_reply_poster - INFO -   버튼 39: '' (class: pagination-btn next-btn hide-btn, data-at: next-btn, visible: False, enabled: True)
2025-09-23 10:22:38 - backend.core.coupang_reply_poster - INFO -   버튼 40: '' (class: pagination-btn last-page-btn hide-btn, data-at: last-page-btn, visible: False, enabled: True)
2025-09-23 10:22:38 - backend.core.coupang_reply_poster - INFO - 현재 페이지: 1
2025-09-23 10:22:38 - backend.core.coupang_reply_poster - INFO - 사용 가능한 페이지들: [1]
2025-09-23 10:22:38 - backend.core.coupang_reply_poster - INFO - 다음 페이지 버튼 사용 가능: False
2025-09-23 10:22:38 - backend.core.coupang_reply_poster - INFO - === 페이지네이션 분석 완료 ===
2025-09-23 10:22:38 - backend.core.coupang_reply_poster - INFO - 더 이상 페이지가 없습니다.
2025-09-23 10:22:38 - backend.core.coupang_reply_poster - INFO - 더 이상 페이지가 없습니다.
2025-09-23 10:22:38 - backend.core.coupang_reply_poster - WARNING - 모든 페이지에서 리뷰를 찾을 수 없음: 2HK1N7
2025-09-23 10:22:38 - backend.core.coupang_reply_poster - WARNING - 리뷰 요소를 찾을 수 없습니다: 2HK1N7
2025-09-23 10:22:38 - backend.core.coupang_reply_poster - WARNING - ❌ 리뷰 처리 실패: 2HK1N7 - 결과 없음
2025-09-23 10:22:38 - backend.core.coupang_reply_poster - INFO - 🔄 리뷰 처리 시작: 0T3UD7 (총 처리 중: 7개)
2025-09-23 10:22:38 - backend.core.coupang_reply_poster - INFO - 답글 포스팅 시작: 황** (ID: 0T3UD7)
2025-09-23 10:22:38 - backend.core.coupang_reply_poster - INFO - 리뷰 검색 시작: ID=0T3UD7, 이름=황**
2025-09-23 10:22:38 - backend.core.coupang_reply_poster - INFO - 페이지 1에서 리뷰 검색 중...
2025-09-23 10:22:38 - backend.core.coupang_reply_poster - INFO - === 페이지네이션 분석 시작 ===
2025-09-23 10:22:38 - backend.core.coupang_reply_poster - INFO - 페이지네이션 요소 개수: 40
2025-09-23 10:22:38 - backend.core.coupang_reply_poster - INFO -   버튼 27: 'POS 설치' (class: , data-at: , visible: True, enabled: True)
2025-09-23 10:22:38 - backend.core.coupang_reply_poster - INFO -   버튼 28: '휴대폰 앱 설치' (class: , data-at: , visible: True, enabled: True)
2025-09-23 10:22:38 - backend.core.coupang_reply_poster - INFO -   버튼 29: '약관 및 정책' (class: , data-at: , visible: True, enabled: True)
2025-09-23 10:22:38 - backend.core.coupang_reply_poster - INFO -   버튼 30: 'FAQ 보기' (class: , data-at: , visible: True, enabled: True)
2025-09-23 10:22:39 - backend.core.coupang_reply_poster - INFO -   버튼 36: '' (class: pagination-btn first-page-btn hide-btn, data-at: first-page-btn, visible: False, enabled: True)
2025-09-23 10:22:39 - backend.core.coupang_reply_poster - INFO -   버튼 37: '' (class: pagination-btn prev-btn hide-btn, data-at: prev-btn, visible: False, enabled: True)
2025-09-23 10:22:39 - backend.core.coupang_reply_poster - INFO -   버튼 38: '1' (class: active, data-at: , visible: True, enabled: True)
2025-09-23 10:22:39 - backend.core.coupang_reply_poster - INFO -   버튼 39: '' (class: pagination-btn next-btn hide-btn, data-at: next-btn, visible: False, enabled: True)
2025-09-23 10:22:39 - backend.core.coupang_reply_poster - INFO -   버튼 40: '' (class: pagination-btn last-page-btn hide-btn, data-at: last-page-btn, visible: False, enabled: True)
2025-09-23 10:22:39 - backend.core.coupang_reply_poster - INFO - 현재 페이지: 1
2025-09-23 10:22:39 - backend.core.coupang_reply_poster - INFO - 사용 가능한 페이지들: [1]
2025-09-23 10:22:39 - backend.core.coupang_reply_poster - INFO - 다음 페이지 버튼 사용 가능: False
2025-09-23 10:22:39 - backend.core.coupang_reply_poster - INFO - === 페이지네이션 분석 완료 ===
2025-09-23 10:22:39 - backend.core.coupang_reply_poster - INFO - 더 이상 페이지가 없습니다.
2025-09-23 10:22:39 - backend.core.coupang_reply_poster - INFO - 더 이상 페이지가 없습니다.
2025-09-23 10:22:39 - backend.core.coupang_reply_poster - WARNING - 모든 페이지에서 리뷰를 찾을 수 없음: 0T3UD7
2025-09-23 10:22:39 - backend.core.coupang_reply_poster - WARNING - 리뷰 요소를 찾을 수 없습니다: 0T3UD7
2025-09-23 10:22:39 - backend.core.coupang_reply_poster - INFO - 재시도 준비 중: 0T3UD7
2025-09-23 10:22:39 - backend.core.coupang_reply_poster - INFO - 🔁 재시도 1/2: 0T3UD7
2025-09-23 10:22:41 - backend.core.coupang_reply_poster - INFO - 답글 포스팅 시작: 황** (ID: 0T3UD7)
2025-09-23 10:22:41 - backend.core.coupang_reply_poster - INFO - 리뷰 검색 시작: ID=0T3UD7, 이름=황**
2025-09-23 10:22:41 - backend.core.coupang_reply_poster - INFO - 페이지 1에서 리뷰 검색 중...
2025-09-23 10:22:41 - backend.core.coupang_reply_poster - INFO - === 페이지네이션 분석 시작 ===
2025-09-23 10:22:41 - backend.core.coupang_reply_poster - INFO - 페이지네이션 요소 개수: 40
2025-09-23 10:22:41 - backend.core.coupang_reply_poster - INFO -   버튼 27: 'POS 설치' (class: , data-at: , visible: True, enabled: True)
2025-09-23 10:22:41 - backend.core.coupang_reply_poster - INFO -   버튼 28: '휴대폰 앱 설치' (class: , data-at: , visible: True, enabled: True)
2025-09-23 10:22:41 - backend.core.coupang_reply_poster - INFO -   버튼 29: '약관 및 정책' (class: , data-at: , visible: True, enabled: True)
2025-09-23 10:22:41 - backend.core.coupang_reply_poster - INFO -   버튼 30: 'FAQ 보기' (class: , data-at: , visible: True, enabled: True)
2025-09-23 10:22:41 - backend.core.coupang_reply_poster - INFO -   버튼 36: '' (class: pagination-btn first-page-btn hide-btn, data-at: first-page-btn, visible: False, enabled: True)
2025-09-23 10:22:41 - backend.core.coupang_reply_poster - INFO -   버튼 37: '' (class: pagination-btn prev-btn hide-btn, data-at: prev-btn, visible: False, enabled: True)
2025-09-23 10:22:41 - backend.core.coupang_reply_poster - INFO -   버튼 38: '1' (class: active, data-at: , visible: True, enabled: True)
2025-09-23 10:22:41 - backend.core.coupang_reply_poster - INFO -   버튼 39: '' (class: pagination-btn next-btn hide-btn, data-at: next-btn, visible: False, enabled: True)
2025-09-23 10:22:41 - backend.core.coupang_reply_poster - INFO -   버튼 40: '' (class: pagination-btn last-page-btn hide-btn, data-at: last-page-btn, visible: False, enabled: True)
2025-09-23 10:22:41 - backend.core.coupang_reply_poster - INFO - 현재 페이지: 1
2025-09-23 10:22:41 - backend.core.coupang_reply_poster - INFO - 사용 가능한 페이지들: [1]
2025-09-23 10:22:41 - backend.core.coupang_reply_poster - INFO - 다음 페이지 버튼 사용 가능: False
2025-09-23 10:22:41 - backend.core.coupang_reply_poster - INFO - === 페이지네이션 분석 완료 ===
2025-09-23 10:22:41 - backend.core.coupang_reply_poster - INFO - 더 이상 페이지가 없습니다.
2025-09-23 10:22:41 - backend.core.coupang_reply_poster - INFO - 더 이상 페이지가 없습니다.
2025-09-23 10:22:41 - backend.core.coupang_reply_poster - WARNING - 모든 페이지에서 리뷰를 찾을 수 없음: 0T3UD7
2025-09-23 10:22:41 - backend.core.coupang_reply_poster - WARNING - 리뷰 요소를 찾을 수 없습니다: 0T3UD7
2025-09-23 10:22:41 - backend.core.coupang_reply_poster - INFO - 재시도 준비 중: 0T3UD7
2025-09-23 10:22:41 - backend.core.coupang_reply_poster - INFO - 🔁 재시도 2/2: 0T3UD7
2025-09-23 10:22:45 - backend.core.coupang_reply_poster - INFO - 답글 포스팅 시작: 황** (ID: 0T3UD7)
2025-09-23 10:22:45 - backend.core.coupang_reply_poster - INFO - 리뷰 검색 시작: ID=0T3UD7, 이름=황**
2025-09-23 10:22:45 - backend.core.coupang_reply_poster - INFO - 페이지 1에서 리뷰 검색 중...
2025-09-23 10:22:45 - backend.core.coupang_reply_poster - INFO - === 페이지네이션 분석 시작 ===
2025-09-23 10:22:45 - backend.core.coupang_reply_poster - INFO - 페이지네이션 요소 개수: 40
2025-09-23 10:22:45 - backend.core.coupang_reply_poster - INFO -   버튼 27: 'POS 설치' (class: , data-at: , visible: True, enabled: True)
2025-09-23 10:22:45 - backend.core.coupang_reply_poster - INFO -   버튼 28: '휴대폰 앱 설치' (class: , data-at: , visible: True, enabled: True)
2025-09-23 10:22:45 - backend.core.coupang_reply_poster - INFO -   버튼 29: '약관 및 정책' (class: , data-at: , visible: True, enabled: True)
2025-09-23 10:22:45 - backend.core.coupang_reply_poster - INFO -   버튼 30: 'FAQ 보기' (class: , data-at: , visible: True, enabled: True)
2025-09-23 10:22:45 - backend.core.coupang_reply_poster - INFO -   버튼 36: '' (class: pagination-btn first-page-btn hide-btn, data-at: first-page-btn, visible: False, enabled: True)
2025-09-23 10:22:45 - backend.core.coupang_reply_poster - INFO -   버튼 37: '' (class: pagination-btn prev-btn hide-btn, data-at: prev-btn, visible: False, enabled: True)
2025-09-23 10:22:45 - backend.core.coupang_reply_poster - INFO -   버튼 38: '1' (class: active, data-at: , visible: True, enabled: True)
2025-09-23 10:22:45 - backend.core.coupang_reply_poster - INFO -   버튼 39: '' (class: pagination-btn next-btn hide-btn, data-at: next-btn, visible: False, enabled: True)
2025-09-23 10:22:46 - backend.core.coupang_reply_poster - INFO -   버튼 40: '' (class: pagination-btn last-page-btn hide-btn, data-at: last-page-btn, visible: False, enabled: True)
2025-09-23 10:22:46 - backend.core.coupang_reply_poster - INFO - 현재 페이지: 1
2025-09-23 10:22:46 - backend.core.coupang_reply_poster - INFO - 사용 가능한 페이지들: [1]
2025-09-23 10:22:46 - backend.core.coupang_reply_poster - INFO - 다음 페이지 버튼 사용 가능: False
2025-09-23 10:22:46 - backend.core.coupang_reply_poster - INFO - === 페이지네이션 분석 완료 ===
2025-09-23 10:22:46 - backend.core.coupang_reply_poster - INFO - 더 이상 페이지가 없습니다.
2025-09-23 10:22:46 - backend.core.coupang_reply_poster - INFO - 더 이상 페이지가 없습니다.
2025-09-23 10:22:46 - backend.core.coupang_reply_poster - WARNING - 모든 페이지에서 리뷰를 찾을 수 없음: 0T3UD7
2025-09-23 10:22:46 - backend.core.coupang_reply_poster - WARNING - 리뷰 요소를 찾을 수 없습니다: 0T3UD7
2025-09-23 10:22:46 - backend.core.coupang_reply_poster - WARNING - ❌ 리뷰 처리 실패: 0T3UD7 - 결과 없음
2025-09-23 10:22:46 - backend.core.coupang_reply_poster - INFO - 🔄 리뷰 처리 시작: 1TCZWN (총 처리 중: 8개)
2025-09-23 10:22:46 - backend.core.coupang_reply_poster - INFO - 답글 포스팅 시작: 김** (ID: 1TCZWN)
2025-09-23 10:22:46 - backend.core.coupang_reply_poster - INFO - 리뷰 검색 시작: ID=1TCZWN, 이름=김**
2025-09-23 10:22:46 - backend.core.coupang_reply_poster - INFO - 페이지 1에서 리뷰 검색 중...
2025-09-23 10:22:46 - backend.core.coupang_reply_poster - INFO - === 페이지네이션 분석 시작 ===
2025-09-23 10:22:46 - backend.core.coupang_reply_poster - INFO - 페이지네이션 요소 개수: 40
2025-09-23 10:22:46 - backend.core.coupang_reply_poster - INFO -   버튼 27: 'POS 설치' (class: , data-at: , visible: True, enabled: True)
2025-09-23 10:22:46 - backend.core.coupang_reply_poster - INFO -   버튼 28: '휴대폰 앱 설치' (class: , data-at: , visible: True, enabled: True)
2025-09-23 10:22:46 - backend.core.coupang_reply_poster - INFO -   버튼 29: '약관 및 정책' (class: , data-at: , visible: True, enabled: True)
2025-09-23 10:22:46 - backend.core.coupang_reply_poster - INFO -   버튼 30: 'FAQ 보기' (class: , data-at: , visible: True, enabled: True)
2025-09-23 10:22:46 - backend.core.coupang_reply_poster - INFO -   버튼 36: '' (class: pagination-btn first-page-btn hide-btn, data-at: first-page-btn, visible: False, enabled: True)
2025-09-23 10:22:46 - backend.core.coupang_reply_poster - INFO -   버튼 37: '' (class: pagination-btn prev-btn hide-btn, data-at: prev-btn, visible: False, enabled: True)
2025-09-23 10:22:46 - backend.core.coupang_reply_poster - INFO -   버튼 38: '1' (class: active, data-at: , visible: True, enabled: True)
2025-09-23 10:22:46 - backend.core.coupang_reply_poster - INFO -   버튼 39: '' (class: pagination-btn next-btn hide-btn, data-at: next-btn, visible: False, enabled: True)
2025-09-23 10:22:46 - backend.core.coupang_reply_poster - INFO -   버튼 40: '' (class: pagination-btn last-page-btn hide-btn, data-at: last-page-btn, visible: False, enabled: True)
2025-09-23 10:22:46 - backend.core.coupang_reply_poster - INFO - 현재 페이지: 1
2025-09-23 10:22:46 - backend.core.coupang_reply_poster - INFO - 사용 가능한 페이지들: [1]
2025-09-23 10:22:46 - backend.core.coupang_reply_poster - INFO - 다음 페이지 버튼 사용 가능: False
2025-09-23 10:22:46 - backend.core.coupang_reply_poster - INFO - === 페이지네이션 분석 완료 ===
2025-09-23 10:22:46 - backend.core.coupang_reply_poster - INFO - 더 이상 페이지가 없습니다.
2025-09-23 10:22:46 - backend.core.coupang_reply_poster - INFO - 더 이상 페이지가 없습니다.
2025-09-23 10:22:46 - backend.core.coupang_reply_poster - WARNING - 모든 페이지에서 리뷰를 찾을 수 없음: 1TCZWN
2025-09-23 10:22:46 - backend.core.coupang_reply_poster - WARNING - 리뷰 요소를 찾을 수 없습니다: 1TCZWN
2025-09-23 10:22:46 - backend.core.coupang_reply_poster - INFO - 재시도 준비 중: 1TCZWN
2025-09-23 10:22:46 - backend.core.coupang_reply_poster - INFO - 🔁 재시도 1/2: 1TCZWN
2025-09-23 10:22:48 - backend.core.coupang_reply_poster - INFO - 답글 포스팅 시작: 김** (ID: 1TCZWN)
2025-09-23 10:22:48 - backend.core.coupang_reply_poster - INFO - 리뷰 검색 시작: ID=1TCZWN, 이름=김**
2025-09-23 10:22:48 - backend.core.coupang_reply_poster - INFO - 페이지 1에서 리뷰 검색 중...
2025-09-23 10:22:48 - backend.core.coupang_reply_poster - INFO - === 페이지네이션 분석 시작 ===
2025-09-23 10:22:48 - backend.core.coupang_reply_poster - INFO - 페이지네이션 요소 개수: 40
2025-09-23 10:22:48 - backend.core.coupang_reply_poster - INFO -   버튼 27: 'POS 설치' (class: , data-at: , visible: True, enabled: True)
2025-09-23 10:22:48 - backend.core.coupang_reply_poster - INFO -   버튼 28: '휴대폰 앱 설치' (class: , data-at: , visible: True, enabled: True)
2025-09-23 10:22:48 - backend.core.coupang_reply_poster - INFO -   버튼 29: '약관 및 정책' (class: , data-at: , visible: True, enabled: True)
2025-09-23 10:22:48 - backend.core.coupang_reply_poster - INFO -   버튼 30: 'FAQ 보기' (class: , data-at: , visible: True, enabled: True)
2025-09-23 10:22:48 - backend.core.coupang_reply_poster - INFO -   버튼 36: '' (class: pagination-btn first-page-btn hide-btn, data-at: first-page-btn, visible: False, enabled: True)
2025-09-23 10:22:48 - backend.core.coupang_reply_poster - INFO -   버튼 37: '' (class: pagination-btn prev-btn hide-btn, data-at: prev-btn, visible: False, enabled: True)
2025-09-23 10:22:48 - backend.core.coupang_reply_poster - INFO -   버튼 38: '1' (class: active, data-at: , visible: True, enabled: True)
2025-09-23 10:22:48 - backend.core.coupang_reply_poster - INFO -   버튼 39: '' (class: pagination-btn next-btn hide-btn, data-at: next-btn, visible: False, enabled: True)
2025-09-23 10:22:48 - backend.core.coupang_reply_poster - INFO -   버튼 40: '' (class: pagination-btn last-page-btn hide-btn, data-at: last-page-btn, visible: False, enabled: True)
2025-09-23 10:22:48 - backend.core.coupang_reply_poster - INFO - 현재 페이지: 1
2025-09-23 10:22:48 - backend.core.coupang_reply_poster - INFO - 사용 가능한 페이지들: [1]
2025-09-23 10:22:48 - backend.core.coupang_reply_poster - INFO - 다음 페이지 버튼 사용 가능: False
2025-09-23 10:22:49 - backend.core.coupang_reply_poster - INFO - === 페이지네이션 분석 완료 ===
2025-09-23 10:22:49 - backend.core.coupang_reply_poster - INFO - 더 이상 페이지가 없습니다.
2025-09-23 10:22:49 - backend.core.coupang_reply_poster - INFO - 더 이상 페이지가 없습니다.
2025-09-23 10:22:49 - backend.core.coupang_reply_poster - WARNING - 모든 페이지에서 리뷰를 찾을 수 없음: 1TCZWN
2025-09-23 10:22:49 - backend.core.coupang_reply_poster - WARNING - 리뷰 요소를 찾을 수 없습니다: 1TCZWN
2025-09-23 10:22:49 - backend.core.coupang_reply_poster - INFO - 재시도 준비 중: 1TCZWN
2025-09-23 10:22:49 - backend.core.coupang_reply_poster - INFO - 🔁 재시도 2/2: 1TCZWN
2025-09-23 10:22:53 - backend.core.coupang_reply_poster - INFO - 답글 포스팅 시작: 김** (ID: 1TCZWN)
2025-09-23 10:22:53 - backend.core.coupang_reply_poster - INFO - 리뷰 검색 시작: ID=1TCZWN, 이름=김**
2025-09-23 10:22:53 - backend.core.coupang_reply_poster - INFO - 페이지 1에서 리뷰 검색 중...
2025-09-23 10:22:53 - backend.core.coupang_reply_poster - INFO - === 페이지네이션 분석 시작 ===
2025-09-23 10:22:53 - backend.core.coupang_reply_poster - INFO - 페이지네이션 요소 개수: 40
2025-09-23 10:22:53 - backend.core.coupang_reply_poster - INFO -   버튼 27: 'POS 설치' (class: , data-at: , visible: True, enabled: True)
2025-09-23 10:22:53 - backend.core.coupang_reply_poster - INFO -   버튼 28: '휴대폰 앱 설치' (class: , data-at: , visible: True, enabled: True)
2025-09-23 10:22:53 - backend.core.coupang_reply_poster - INFO -   버튼 29: '약관 및 정책' (class: , data-at: , visible: True, enabled: True)
2025-09-23 10:22:53 - backend.core.coupang_reply_poster - INFO -   버튼 30: 'FAQ 보기' (class: , data-at: , visible: True, enabled: True)
2025-09-23 10:22:53 - backend.core.coupang_reply_poster - INFO -   버튼 36: '' (class: pagination-btn first-page-btn hide-btn, data-at: first-page-btn, visible: False, enabled: True)
2025-09-23 10:22:53 - backend.core.coupang_reply_poster - INFO -   버튼 37: '' (class: pagination-btn prev-btn hide-btn, data-at: prev-btn, visible: False, enabled: True)
2025-09-23 10:22:53 - backend.core.coupang_reply_poster - INFO -   버튼 38: '1' (class: active, data-at: , visible: True, enabled: True)
2025-09-23 10:22:53 - backend.core.coupang_reply_poster - INFO -   버튼 39: '' (class: pagination-btn next-btn hide-btn, data-at: next-btn, visible: False, enabled: True)
2025-09-23 10:22:53 - backend.core.coupang_reply_poster - INFO -   버튼 40: '' (class: pagination-btn last-page-btn hide-btn, data-at: last-page-btn, visible: False, enabled: True)
2025-09-23 10:22:53 - backend.core.coupang_reply_poster - INFO - 현재 페이지: 1
2025-09-23 10:22:53 - backend.core.coupang_reply_poster - INFO - 사용 가능한 페이지들: [1]
2025-09-23 10:22:53 - backend.core.coupang_reply_poster - INFO - 다음 페이지 버튼 사용 가능: False
2025-09-23 10:22:53 - backend.core.coupang_reply_poster - INFO - === 페이지네이션 분석 완료 ===
2025-09-23 10:22:53 - backend.core.coupang_reply_poster - INFO - 더 이상 페이지가 없습니다.
2025-09-23 10:22:53 - backend.core.coupang_reply_poster - INFO - 더 이상 페이지가 없습니다.
2025-09-23 10:22:53 - backend.core.coupang_reply_poster - WARNING - 모든 페이지에서 리뷰를 찾을 수 없음: 1TCZWN
2025-09-23 10:22:53 - backend.core.coupang_reply_poster - WARNING - 리뷰 요소를 찾을 수 없습니다: 1TCZWN
2025-09-23 10:22:53 - backend.core.coupang_reply_poster - WARNING - ❌ 리뷰 처리 실패: 1TCZWN - 결과 없음
2025-09-23 10:22:53 - backend.core.coupang_reply_poster - INFO - 🔄 리뷰 처리 시작: 06G5G0 (총 처리 중: 9개)
2025-09-23 10:22:53 - backend.core.coupang_reply_poster - INFO - 답글 포스팅 시작: 이** (ID: 06G5G0)
2025-09-23 10:22:53 - backend.core.coupang_reply_poster - INFO - 리뷰 검색 시작: ID=06G5G0, 이름=이**
2025-09-23 10:22:53 - backend.core.coupang_reply_poster - INFO - 페이지 1에서 리뷰 검색 중...
2025-09-23 10:22:53 - backend.core.coupang_reply_poster - INFO - === 페이지네이션 분석 시작 ===
2025-09-23 10:22:53 - backend.core.coupang_reply_poster - INFO - 페이지네이션 요소 개수: 40
2025-09-23 10:22:53 - backend.core.coupang_reply_poster - INFO -   버튼 27: 'POS 설치' (class: , data-at: , visible: True, enabled: True)
2025-09-23 10:22:53 - backend.core.coupang_reply_poster - INFO -   버튼 28: '휴대폰 앱 설치' (class: , data-at: , visible: True, enabled: True)
2025-09-23 10:22:53 - backend.core.coupang_reply_poster - INFO -   버튼 29: '약관 및 정책' (class: , data-at: , visible: True, enabled: True)
2025-09-23 10:22:53 - backend.core.coupang_reply_poster - INFO -   버튼 30: 'FAQ 보기' (class: , data-at: , visible: True, enabled: True)
2025-09-23 10:22:53 - backend.core.coupang_reply_poster - INFO -   버튼 36: '' (class: pagination-btn first-page-btn hide-btn, data-at: first-page-btn, visible: False, enabled: True)
2025-09-23 10:22:53 - backend.core.coupang_reply_poster - INFO -   버튼 37: '' (class: pagination-btn prev-btn hide-btn, data-at: prev-btn, visible: False, enabled: True)
2025-09-23 10:22:53 - backend.core.coupang_reply_poster - INFO -   버튼 38: '1' (class: active, data-at: , visible: True, enabled: True)
2025-09-23 10:22:53 - backend.core.coupang_reply_poster - INFO -   버튼 39: '' (class: pagination-btn next-btn hide-btn, data-at: next-btn, visible: False, enabled: True)
2025-09-23 10:22:53 - backend.core.coupang_reply_poster - INFO -   버튼 40: '' (class: pagination-btn last-page-btn hide-btn, data-at: last-page-btn, visible: False, enabled: True)
2025-09-23 10:22:53 - backend.core.coupang_reply_poster - INFO - 현재 페이지: 1
2025-09-23 10:22:53 - backend.core.coupang_reply_poster - INFO - 사용 가능한 페이지들: [1]
2025-09-23 10:22:53 - backend.core.coupang_reply_poster - INFO - 다음 페이지 버튼 사용 가능: False
2025-09-23 10:22:53 - backend.core.coupang_reply_poster - INFO - === 페이지네이션 분석 완료 ===
2025-09-23 10:22:53 - backend.core.coupang_reply_poster - INFO - 더 이상 페이지가 없습니다.
2025-09-23 10:22:53 - backend.core.coupang_reply_poster - INFO - 더 이상 페이지가 없습니다.
2025-09-23 10:22:53 - backend.core.coupang_reply_poster - WARNING - 모든 페이지에서 리뷰를 찾을 수 없음: 06G5G0
2025-09-23 10:22:53 - backend.core.coupang_reply_poster - WARNING - 리뷰 요소를 찾을 수 없습니다: 06G5G0
2025-09-23 10:22:53 - backend.core.coupang_reply_poster - INFO - 재시도 준비 중: 06G5G0
2025-09-23 10:22:53 - backend.core.coupang_reply_poster - INFO - 🔁 재시도 1/2: 06G5G0
2025-09-23 10:22:55 - backend.core.coupang_reply_poster - INFO - 답글 포스팅 시작: 이** (ID: 06G5G0)
2025-09-23 10:22:55 - backend.core.coupang_reply_poster - INFO - 리뷰 검색 시작: ID=06G5G0, 이름=이**
2025-09-23 10:22:55 - backend.core.coupang_reply_poster - INFO - 페이지 1에서 리뷰 검색 중...
2025-09-23 10:22:55 - backend.core.coupang_reply_poster - INFO - === 페이지네이션 분석 시작 ===
2025-09-23 10:22:55 - backend.core.coupang_reply_poster - INFO - 페이지네이션 요소 개수: 40
2025-09-23 10:22:55 - backend.core.coupang_reply_poster - INFO -   버튼 27: 'POS 설치' (class: , data-at: , visible: True, enabled: True)
2025-09-23 10:22:55 - backend.core.coupang_reply_poster - INFO -   버튼 28: '휴대폰 앱 설치' (class: , data-at: , visible: True, enabled: True)
2025-09-23 10:22:56 - backend.core.coupang_reply_poster - INFO -   버튼 29: '약관 및 정책' (class: , data-at: , visible: True, enabled: True)
2025-09-23 10:22:56 - backend.core.coupang_reply_poster - INFO -   버튼 30: 'FAQ 보기' (class: , data-at: , visible: True, enabled: True)
2025-09-23 10:22:56 - backend.core.coupang_reply_poster - INFO -   버튼 36: '' (class: pagination-btn first-page-btn hide-btn, data-at: first-page-btn, visible: False, enabled: True)
2025-09-23 10:22:56 - backend.core.coupang_reply_poster - INFO -   버튼 37: '' (class: pagination-btn prev-btn hide-btn, data-at: prev-btn, visible: False, enabled: True)
2025-09-23 10:22:56 - backend.core.coupang_reply_poster - INFO -   버튼 38: '1' (class: active, data-at: , visible: True, enabled: True)
2025-09-23 10:22:56 - backend.core.coupang_reply_poster - INFO -   버튼 39: '' (class: pagination-btn next-btn hide-btn, data-at: next-btn, visible: False, enabled: True)
2025-09-23 10:22:56 - backend.core.coupang_reply_poster - INFO -   버튼 40: '' (class: pagination-btn last-page-btn hide-btn, data-at: last-page-btn, visible: False, enabled: True)
2025-09-23 10:22:56 - backend.core.coupang_reply_poster - INFO - 현재 페이지: 1
2025-09-23 10:22:56 - backend.core.coupang_reply_poster - INFO - 사용 가능한 페이지들: [1]
2025-09-23 10:22:56 - backend.core.coupang_reply_poster - INFO - 다음 페이지 버튼 사용 가능: False
2025-09-23 10:22:56 - backend.core.coupang_reply_poster - INFO - === 페이지네이션 분석 완료 ===
2025-09-23 10:22:56 - backend.core.coupang_reply_poster - INFO - 더 이상 페이지가 없습니다.
2025-09-23 10:22:56 - backend.core.coupang_reply_poster - INFO - 더 이상 페이지가 없습니다.
2025-09-23 10:22:56 - backend.core.coupang_reply_poster - WARNING - 모든 페이지에서 리뷰를 찾을 수 없음: 06G5G0
2025-09-23 10:22:56 - backend.core.coupang_reply_poster - WARNING - 리뷰 요소를 찾을 수 없습니다: 06G5G0
2025-09-23 10:22:56 - backend.core.coupang_reply_poster - INFO - 재시도 준비 중: 06G5G0
2025-09-23 10:22:56 - backend.core.coupang_reply_poster - INFO - 🔁 재시도 2/2: 06G5G0
2025-09-23 10:23:00 - backend.core.coupang_reply_poster - INFO - 답글 포스팅 시작: 이** (ID: 06G5G0)
2025-09-23 10:23:00 - backend.core.coupang_reply_poster - INFO - 리뷰 검색 시작: ID=06G5G0, 이름=이**
2025-09-23 10:23:00 - backend.core.coupang_reply_poster - INFO - 페이지 1에서 리뷰 검색 중...
2025-09-23 10:23:00 - backend.core.coupang_reply_poster - INFO - === 페이지네이션 분석 시작 ===
2025-09-23 10:23:00 - backend.core.coupang_reply_poster - INFO - 페이지네이션 요소 개수: 40
2025-09-23 10:23:00 - backend.core.coupang_reply_poster - INFO -   버튼 27: 'POS 설치' (class: , data-at: , visible: True, enabled: True)
2025-09-23 10:23:00 - backend.core.coupang_reply_poster - INFO -   버튼 28: '휴대폰 앱 설치' (class: , data-at: , visible: True, enabled: True)
2025-09-23 10:23:00 - backend.core.coupang_reply_poster - INFO -   버튼 29: '약관 및 정책' (class: , data-at: , visible: True, enabled: True)
2025-09-23 10:23:00 - backend.core.coupang_reply_poster - INFO -   버튼 30: 'FAQ 보기' (class: , data-at: , visible: True, enabled: True)
2025-09-23 10:23:00 - backend.core.coupang_reply_poster - INFO -   버튼 36: '' (class: pagination-btn first-page-btn hide-btn, data-at: first-page-btn, visible: False, enabled: True)
2025-09-23 10:23:00 - backend.core.coupang_reply_poster - INFO -   버튼 37: '' (class: pagination-btn prev-btn hide-btn, data-at: prev-btn, visible: False, enabled: True)
2025-09-23 10:23:00 - backend.core.coupang_reply_poster - INFO -   버튼 38: '1' (class: active, data-at: , visible: True, enabled: True)
2025-09-23 10:23:00 - backend.core.coupang_reply_poster - INFO -   버튼 39: '' (class: pagination-btn next-btn hide-btn, data-at: next-btn, visible: False, enabled: True)
2025-09-23 10:23:00 - backend.core.coupang_reply_poster - INFO -   버튼 40: '' (class: pagination-btn last-page-btn hide-btn, data-at: last-page-btn, visible: False, enabled: True)
2025-09-23 10:23:00 - backend.core.coupang_reply_poster - INFO - 현재 페이지: 1
2025-09-23 10:23:00 - backend.core.coupang_reply_poster - INFO - 사용 가능한 페이지들: [1]
2025-09-23 10:23:00 - backend.core.coupang_reply_poster - INFO - 다음 페이지 버튼 사용 가능: False
2025-09-23 10:23:00 - backend.core.coupang_reply_poster - INFO - === 페이지네이션 분석 완료 ===
2025-09-23 10:23:00 - backend.core.coupang_reply_poster - INFO - 더 이상 페이지가 없습니다.
2025-09-23 10:23:00 - backend.core.coupang_reply_poster - INFO - 더 이상 페이지가 없습니다.
2025-09-23 10:23:00 - backend.core.coupang_reply_poster - WARNING - 모든 페이지에서 리뷰를 찾을 수 없음: 06G5G0
2025-09-23 10:23:00 - backend.core.coupang_reply_poster - WARNING - 리뷰 요소를 찾을 수 없습니다: 06G5G0
2025-09-23 10:23:00 - backend.core.coupang_reply_poster - WARNING - ❌ 리뷰 처리 실패: 06G5G0 - 결과 없음
2025-09-23 10:23:00 - backend.core.coupang_reply_poster - INFO - 🔄 리뷰 처리 시작: 1UA98S (총 처리 중: 10개)
2025-09-23 10:23:00 - backend.core.coupang_reply_poster - INFO - 답글 포스팅 시작: 윤** (ID: 1UA98S)
2025-09-23 10:23:00 - backend.core.coupang_reply_poster - INFO - 리뷰 검색 시작: ID=1UA98S, 이름=윤**
2025-09-23 10:23:00 - backend.core.coupang_reply_poster - INFO - 페이지 1에서 리뷰 검색 중...
2025-09-23 10:23:00 - backend.core.coupang_reply_poster - INFO - === 페이지네이션 분석 시작 ===
2025-09-23 10:23:00 - backend.core.coupang_reply_poster - INFO - 페이지네이션 요소 개수: 40
2025-09-23 10:23:00 - backend.core.coupang_reply_poster - INFO -   버튼 27: 'POS 설치' (class: , data-at: , visible: True, enabled: True)
2025-09-23 10:23:00 - backend.core.coupang_reply_poster - INFO -   버튼 28: '휴대폰 앱 설치' (class: , data-at: , visible: True, enabled: True)
2025-09-23 10:23:00 - backend.core.coupang_reply_poster - INFO -   버튼 29: '약관 및 정책' (class: , data-at: , visible: True, enabled: True)
2025-09-23 10:23:00 - backend.core.coupang_reply_poster - INFO -   버튼 30: 'FAQ 보기' (class: , data-at: , visible: True, enabled: True)
2025-09-23 10:23:00 - backend.core.coupang_reply_poster - INFO -   버튼 36: '' (class: pagination-btn first-page-btn hide-btn, data-at: first-page-btn, visible: False, enabled: True)
2025-09-23 10:23:00 - backend.core.coupang_reply_poster - INFO -   버튼 37: '' (class: pagination-btn prev-btn hide-btn, data-at: prev-btn, visible: False, enabled: True)
2025-09-23 10:23:00 - backend.core.coupang_reply_poster - INFO -   버튼 38: '1' (class: active, data-at: , visible: True, enabled: True)
2025-09-23 10:23:00 - backend.core.coupang_reply_poster - INFO -   버튼 39: '' (class: pagination-btn next-btn hide-btn, data-at: next-btn, visible: False, enabled: True)
2025-09-23 10:23:00 - backend.core.coupang_reply_poster - INFO -   버튼 40: '' (class: pagination-btn last-page-btn hide-btn, data-at: last-page-btn, visible: False, enabled: True)
2025-09-23 10:23:00 - backend.core.coupang_reply_poster - INFO - 현재 페이지: 1
2025-09-23 10:23:00 - backend.core.coupang_reply_poster - INFO - 사용 가능한 페이지들: [1]
2025-09-23 10:23:00 - backend.core.coupang_reply_poster - INFO - 다음 페이지 버튼 사용 가능: False
2025-09-23 10:23:01 - backend.core.coupang_reply_poster - INFO - === 페이지네이션 분석 완료 ===
2025-09-23 10:23:01 - backend.core.coupang_reply_poster - INFO - 더 이상 페이지가 없습니다.
2025-09-23 10:23:01 - backend.core.coupang_reply_poster - INFO - 더 이상 페이지가 없습니다.
2025-09-23 10:23:01 - backend.core.coupang_reply_poster - WARNING - 모든 페이지에서 리뷰를 찾을 수 없음: 1UA98S
2025-09-23 10:23:01 - backend.core.coupang_reply_poster - WARNING - 리뷰 요소를 찾을 수 없습니다: 1UA98S
2025-09-23 10:23:01 - backend.core.coupang_reply_poster - INFO - 재시도 준비 중: 1UA98S
2025-09-23 10:23:01 - backend.core.coupang_reply_poster - INFO - 🔁 재시도 1/2: 1UA98S
2025-09-23 10:23:03 - backend.core.coupang_reply_poster - INFO - 답글 포스팅 시작: 윤** (ID: 1UA98S)
2025-09-23 10:23:03 - backend.core.coupang_reply_poster - INFO - 리뷰 검색 시작: ID=1UA98S, 이름=윤**
2025-09-23 10:23:03 - backend.core.coupang_reply_poster - INFO - 페이지 1에서 리뷰 검색 중...
2025-09-23 10:23:03 - backend.core.coupang_reply_poster - INFO - === 페이지네이션 분석 시작 ===
2025-09-23 10:23:03 - backend.core.coupang_reply_poster - INFO - 페이지네이션 요소 개수: 40
2025-09-23 10:23:03 - backend.core.coupang_reply_poster - INFO -   버튼 27: 'POS 설치' (class: , data-at: , visible: True, enabled: True)
2025-09-23 10:23:03 - backend.core.coupang_reply_poster - INFO -   버튼 28: '휴대폰 앱 설치' (class: , data-at: , visible: True, enabled: True)
2025-09-23 10:23:03 - backend.core.coupang_reply_poster - INFO -   버튼 29: '약관 및 정책' (class: , data-at: , visible: True, enabled: True)
2025-09-23 10:23:03 - backend.core.coupang_reply_poster - INFO -   버튼 30: 'FAQ 보기' (class: , data-at: , visible: True, enabled: True)
2025-09-23 10:23:03 - backend.core.coupang_reply_poster - INFO -   버튼 36: '' (class: pagination-btn first-page-btn hide-btn, data-at: first-page-btn, visible: False, enabled: True)
2025-09-23 10:23:03 - backend.core.coupang_reply_poster - INFO -   버튼 37: '' (class: pagination-btn prev-btn hide-btn, data-at: prev-btn, visible: False, enabled: True)
2025-09-23 10:23:03 - backend.core.coupang_reply_poster - INFO -   버튼 38: '1' (class: active, data-at: , visible: True, enabled: True)
2025-09-23 10:23:03 - backend.core.coupang_reply_poster - INFO -   버튼 39: '' (class: pagination-btn next-btn hide-btn, data-at: next-btn, visible: False, enabled: True)
2025-09-23 10:23:03 - backend.core.coupang_reply_poster - INFO -   버튼 40: '' (class: pagination-btn last-page-btn hide-btn, data-at: last-page-btn, visible: False, enabled: True)
2025-09-23 10:23:03 - backend.core.coupang_reply_poster - INFO - 현재 페이지: 1
2025-09-23 10:23:03 - backend.core.coupang_reply_poster - INFO - 사용 가능한 페이지들: [1]
2025-09-23 10:23:03 - backend.core.coupang_reply_poster - INFO - 다음 페이지 버튼 사용 가능: False
2025-09-23 10:23:03 - backend.core.coupang_reply_poster - INFO - === 페이지네이션 분석 완료 ===
2025-09-23 10:23:03 - backend.core.coupang_reply_poster - INFO - 더 이상 페이지가 없습니다.
2025-09-23 10:23:03 - backend.core.coupang_reply_poster - INFO - 더 이상 페이지가 없습니다.
2025-09-23 10:23:03 - backend.core.coupang_reply_poster - WARNING - 모든 페이지에서 리뷰를 찾을 수 없음: 1UA98S
2025-09-23 10:23:03 - backend.core.coupang_reply_poster - WARNING - 리뷰 요소를 찾을 수 없습니다: 1UA98S
2025-09-23 10:23:03 - backend.core.coupang_reply_poster - INFO - 재시도 준비 중: 1UA98S
2025-09-23 10:23:03 - backend.core.coupang_reply_poster - INFO - 🔁 재시도 2/2: 1UA98S
2025-09-23 10:23:07 - backend.core.coupang_reply_poster - INFO - 답글 포스팅 시작: 윤** (ID: 1UA98S)
2025-09-23 10:23:07 - backend.core.coupang_reply_poster - INFO - 리뷰 검색 시작: ID=1UA98S, 이름=윤**
2025-09-23 10:23:07 - backend.core.coupang_reply_poster - INFO - 페이지 1에서 리뷰 검색 중...
2025-09-23 10:23:07 - backend.core.coupang_reply_poster - INFO - === 페이지네이션 분석 시작 ===
2025-09-23 10:23:07 - backend.core.coupang_reply_poster - INFO - 페이지네이션 요소 개수: 40
2025-09-23 10:23:07 - backend.core.coupang_reply_poster - INFO -   버튼 27: 'POS 설치' (class: , data-at: , visible: True, enabled: True)
2025-09-23 10:23:07 - backend.core.coupang_reply_poster - INFO -   버튼 28: '휴대폰 앱 설치' (class: , data-at: , visible: True, enabled: True)
2025-09-23 10:23:07 - backend.core.coupang_reply_poster - INFO -   버튼 29: '약관 및 정책' (class: , data-at: , visible: True, enabled: True)
2025-09-23 10:23:07 - backend.core.coupang_reply_poster - INFO -   버튼 30: 'FAQ 보기' (class: , data-at: , visible: True, enabled: True)
2025-09-23 10:23:07 - backend.core.coupang_reply_poster - INFO -   버튼 36: '' (class: pagination-btn first-page-btn hide-btn, data-at: first-page-btn, visible: False, enabled: True)
2025-09-23 10:23:07 - backend.core.coupang_reply_poster - INFO -   버튼 37: '' (class: pagination-btn prev-btn hide-btn, data-at: prev-btn, visible: False, enabled: True)
2025-09-23 10:23:07 - backend.core.coupang_reply_poster - INFO -   버튼 38: '1' (class: active, data-at: , visible: True, enabled: True)
2025-09-23 10:23:07 - backend.core.coupang_reply_poster - INFO -   버튼 39: '' (class: pagination-btn next-btn hide-btn, data-at: next-btn, visible: False, enabled: True)
2025-09-23 10:23:07 - backend.core.coupang_reply_poster - INFO -   버튼 40: '' (class: pagination-btn last-page-btn hide-btn, data-at: last-page-btn, visible: False, enabled: True)
2025-09-23 10:23:07 - backend.core.coupang_reply_poster - INFO - 현재 페이지: 1
2025-09-23 10:23:07 - backend.core.coupang_reply_poster - INFO - 사용 가능한 페이지들: [1]
2025-09-23 10:23:07 - backend.core.coupang_reply_poster - INFO - 다음 페이지 버튼 사용 가능: False
2025-09-23 10:23:07 - backend.core.coupang_reply_poster - INFO - === 페이지네이션 분석 완료 ===
2025-09-23 10:23:07 - backend.core.coupang_reply_poster - INFO - 더 이상 페이지가 없습니다.
2025-09-23 10:23:07 - backend.core.coupang_reply_poster - INFO - 더 이상 페이지가 없습니다.
2025-09-23 10:23:07 - backend.core.coupang_reply_poster - WARNING - 모든 페이지에서 리뷰를 찾을 수 없음: 1UA98S
2025-09-23 10:23:07 - backend.core.coupang_reply_poster - WARNING - 리뷰 요소를 찾을 수 없습니다: 1UA98S
2025-09-23 10:23:07 - backend.core.coupang_reply_poster - WARNING - ❌ 리뷰 처리 실패: 1UA98S - 결과 없음
2025-09-23 10:23:07 - backend.core.coupang_reply_poster - INFO - 🔄 리뷰 처리 시작: 0T7FTR (총 처리 중: 11개)
2025-09-23 10:23:07 - backend.core.coupang_reply_poster - INFO - 답글 포스팅 시작: 김** (ID: 0T7FTR)
2025-09-23 10:23:07 - backend.core.coupang_reply_poster - INFO - 리뷰 검색 시작: ID=0T7FTR, 이름=김**
2025-09-23 10:23:07 - backend.core.coupang_reply_poster - INFO - 페이지 1에서 리뷰 검색 중...
2025-09-23 10:23:07 - backend.core.coupang_reply_poster - INFO - === 페이지네이션 분석 시작 ===
2025-09-23 10:23:07 - backend.core.coupang_reply_poster - INFO - 페이지네이션 요소 개수: 40
2025-09-23 10:23:08 - backend.core.coupang_reply_poster - INFO -   버튼 27: 'POS 설치' (class: , data-at: , visible: True, enabled: True)
2025-09-23 10:23:08 - backend.core.coupang_reply_poster - INFO -   버튼 28: '휴대폰 앱 설치' (class: , data-at: , visible: True, enabled: True)
2025-09-23 10:23:08 - backend.core.coupang_reply_poster - INFO -   버튼 29: '약관 및 정책' (class: , data-at: , visible: True, enabled: True)
2025-09-23 10:23:08 - backend.core.coupang_reply_poster - INFO -   버튼 30: 'FAQ 보기' (class: , data-at: , visible: True, enabled: True)
2025-09-23 10:23:08 - backend.core.coupang_reply_poster - INFO -   버튼 36: '' (class: pagination-btn first-page-btn hide-btn, data-at: first-page-btn, visible: False, enabled: True)
2025-09-23 10:23:08 - backend.core.coupang_reply_poster - INFO -   버튼 37: '' (class: pagination-btn prev-btn hide-btn, data-at: prev-btn, visible: False, enabled: True)
2025-09-23 10:23:08 - backend.core.coupang_reply_poster - INFO -   버튼 38: '1' (class: active, data-at: , visible: True, enabled: True)
2025-09-23 10:23:08 - backend.core.coupang_reply_poster - INFO -   버튼 39: '' (class: pagination-btn next-btn hide-btn, data-at: next-btn, visible: False, enabled: True)
2025-09-23 10:23:08 - backend.core.coupang_reply_poster - INFO -   버튼 40: '' (class: pagination-btn last-page-btn hide-btn, data-at: last-page-btn, visible: False, enabled: True)
2025-09-23 10:23:08 - backend.core.coupang_reply_poster - INFO - 현재 페이지: 1
2025-09-23 10:23:08 - backend.core.coupang_reply_poster - INFO - 사용 가능한 페이지들: [1]
2025-09-23 10:23:08 - backend.core.coupang_reply_poster - INFO - 다음 페이지 버튼 사용 가능: False
2025-09-23 10:23:08 - backend.core.coupang_reply_poster - INFO - === 페이지네이션 분석 완료 ===
2025-09-23 10:23:08 - backend.core.coupang_reply_poster - INFO - 더 이상 페이지가 없습니다.
2025-09-23 10:23:08 - backend.core.coupang_reply_poster - INFO - 더 이상 페이지가 없습니다.
2025-09-23 10:23:08 - backend.core.coupang_reply_poster - WARNING - 모든 페이지에서 리뷰를 찾을 수 없음: 0T7FTR
2025-09-23 10:23:08 - backend.core.coupang_reply_poster - WARNING - 리뷰 요소를 찾을 수 없습니다: 0T7FTR
2025-09-23 10:23:08 - backend.core.coupang_reply_poster - INFO - 재시도 준비 중: 0T7FTR
2025-09-23 10:23:08 - backend.core.coupang_reply_poster - INFO - 🔁 재시도 1/2: 0T7FTR
2025-09-23 10:23:10 - backend.core.coupang_reply_poster - INFO - 답글 포스팅 시작: 김** (ID: 0T7FTR)
2025-09-23 10:23:10 - backend.core.coupang_reply_poster - INFO - 리뷰 검색 시작: ID=0T7FTR, 이름=김**
2025-09-23 10:23:10 - backend.core.coupang_reply_poster - INFO - 페이지 1에서 리뷰 검색 중...
2025-09-23 10:23:10 - backend.core.coupang_reply_poster - INFO - === 페이지네이션 분석 시작 ===
2025-09-23 10:23:10 - backend.core.coupang_reply_poster - INFO - 페이지네이션 요소 개수: 40
2025-09-23 10:23:10 - backend.core.coupang_reply_poster - INFO -   버튼 27: 'POS 설치' (class: , data-at: , visible: True, enabled: True)
2025-09-23 10:23:10 - backend.core.coupang_reply_poster - INFO -   버튼 28: '휴대폰 앱 설치' (class: , data-at: , visible: True, enabled: True)
2025-09-23 10:23:10 - backend.core.coupang_reply_poster - INFO -   버튼 29: '약관 및 정책' (class: , data-at: , visible: True, enabled: True)
2025-09-23 10:23:10 - backend.core.coupang_reply_poster - INFO -   버튼 30: 'FAQ 보기' (class: , data-at: , visible: True, enabled: True)
2025-09-23 10:23:10 - backend.core.coupang_reply_poster - INFO -   버튼 36: '' (class: pagination-btn first-page-btn hide-btn, data-at: first-page-btn, visible: False, enabled: True)
2025-09-23 10:23:10 - backend.core.coupang_reply_poster - INFO -   버튼 37: '' (class: pagination-btn prev-btn hide-btn, data-at: prev-btn, visible: False, enabled: True)
2025-09-23 10:23:10 - backend.core.coupang_reply_poster - INFO -   버튼 38: '1' (class: active, data-at: , visible: True, enabled: True)
2025-09-23 10:23:10 - backend.core.coupang_reply_poster - INFO -   버튼 39: '' (class: pagination-btn next-btn hide-btn, data-at: next-btn, visible: False, enabled: True)
2025-09-23 10:23:10 - backend.core.coupang_reply_poster - INFO -   버튼 40: '' (class: pagination-btn last-page-btn hide-btn, data-at: last-page-btn, visible: False, enabled: True)
2025-09-23 10:23:10 - backend.core.coupang_reply_poster - INFO - 현재 페이지: 1
2025-09-23 10:23:10 - backend.core.coupang_reply_poster - INFO - 사용 가능한 페이지들: [1]
2025-09-23 10:23:10 - backend.core.coupang_reply_poster - INFO - 다음 페이지 버튼 사용 가능: False
2025-09-23 10:23:10 - backend.core.coupang_reply_poster - INFO - === 페이지네이션 분석 완료 ===
2025-09-23 10:23:10 - backend.core.coupang_reply_poster - INFO - 더 이상 페이지가 없습니다.
2025-09-23 10:23:10 - backend.core.coupang_reply_poster - INFO - 더 이상 페이지가 없습니다.
2025-09-23 10:23:10 - backend.core.coupang_reply_poster - WARNING - 모든 페이지에서 리뷰를 찾을 수 없음: 0T7FTR
2025-09-23 10:23:10 - backend.core.coupang_reply_poster - WARNING - 리뷰 요소를 찾을 수 없습니다: 0T7FTR
2025-09-23 10:23:10 - backend.core.coupang_reply_poster - INFO - 재시도 준비 중: 0T7FTR
2025-09-23 10:23:10 - backend.core.coupang_reply_poster - INFO - 🔁 재시도 2/2: 0T7FTR
2025-09-23 10:23:14 - backend.core.coupang_reply_poster - INFO - 답글 포스팅 시작: 김** (ID: 0T7FTR)
2025-09-23 10:23:14 - backend.core.coupang_reply_poster - INFO - 리뷰 검색 시작: ID=0T7FTR, 이름=김**
2025-09-23 10:23:14 - backend.core.coupang_reply_poster - INFO - 페이지 1에서 리뷰 검색 중...
2025-09-23 10:23:14 - backend.core.coupang_reply_poster - INFO - === 페이지네이션 분석 시작 ===
2025-09-23 10:23:14 - backend.core.coupang_reply_poster - INFO - 페이지네이션 요소 개수: 40
2025-09-23 10:23:15 - backend.core.coupang_reply_poster - INFO -   버튼 27: 'POS 설치' (class: , data-at: , visible: True, enabled: True)
2025-09-23 10:23:15 - backend.core.coupang_reply_poster - INFO -   버튼 28: '휴대폰 앱 설치' (class: , data-at: , visible: True, enabled: True)
2025-09-23 10:23:15 - backend.core.coupang_reply_poster - INFO -   버튼 29: '약관 및 정책' (class: , data-at: , visible: True, enabled: True)
2025-09-23 10:23:15 - backend.core.coupang_reply_poster - INFO -   버튼 30: 'FAQ 보기' (class: , data-at: , visible: True, enabled: True)
2025-09-23 10:23:15 - backend.core.coupang_reply_poster - INFO -   버튼 36: '' (class: pagination-btn first-page-btn hide-btn, data-at: first-page-btn, visible: False, enabled: True)
2025-09-23 10:23:15 - backend.core.coupang_reply_poster - INFO -   버튼 37: '' (class: pagination-btn prev-btn hide-btn, data-at: prev-btn, visible: False, enabled: True)
2025-09-23 10:23:15 - backend.core.coupang_reply_poster - INFO -   버튼 38: '1' (class: active, data-at: , visible: True, enabled: True)
2025-09-23 10:23:15 - backend.core.coupang_reply_poster - INFO -   버튼 39: '' (class: pagination-btn next-btn hide-btn, data-at: next-btn, visible: False, enabled: True)
2025-09-23 10:23:15 - backend.core.coupang_reply_poster - INFO -   버튼 40: '' (class: pagination-btn last-page-btn hide-btn, data-at: last-page-btn, visible: False, enabled: True)
2025-09-23 10:23:15 - backend.core.coupang_reply_poster - INFO - 현재 페이지: 1
2025-09-23 10:23:15 - backend.core.coupang_reply_poster - INFO - 사용 가능한 페이지들: [1]
2025-09-23 10:23:15 - backend.core.coupang_reply_poster - INFO - 다음 페이지 버튼 사용 가능: False
2025-09-23 10:23:15 - backend.core.coupang_reply_poster - INFO - === 페이지네이션 분석 완료 ===
2025-09-23 10:23:15 - backend.core.coupang_reply_poster - INFO - 더 이상 페이지가 없습니다.
2025-09-23 10:23:15 - backend.core.coupang_reply_poster - INFO - 더 이상 페이지가 없습니다.
2025-09-23 10:23:15 - backend.core.coupang_reply_poster - WARNING - 모든 페이지에서 리뷰를 찾을 수 없음: 0T7FTR
2025-09-23 10:23:15 - backend.core.coupang_reply_poster - WARNING - 리뷰 요소를 찾을 수 없습니다: 0T7FTR
2025-09-23 10:23:15 - backend.core.coupang_reply_poster - WARNING - ❌ 리뷰 처리 실패: 0T7FTR - 결과 없음
2025-09-23 10:23:15 - backend.core.coupang_reply_poster - INFO - 🔄 리뷰 처리 시작: 000MV5 (총 처리 중: 12개)
2025-09-23 10:23:15 - backend.core.coupang_reply_poster - INFO - 답글 포스팅 시작: 정** (ID: 000MV5)
2025-09-23 10:23:15 - backend.core.coupang_reply_poster - INFO - 리뷰 검색 시작: ID=000MV5, 이름=정**
2025-09-23 10:23:15 - backend.core.coupang_reply_poster - INFO - 페이지 1에서 리뷰 검색 중...
2025-09-23 10:23:15 - backend.core.coupang_reply_poster - INFO - === 페이지네이션 분석 시작 ===
2025-09-23 10:23:15 - backend.core.coupang_reply_poster - INFO - 페이지네이션 요소 개수: 40
2025-09-23 10:23:15 - backend.core.coupang_reply_poster - INFO -   버튼 27: 'POS 설치' (class: , data-at: , visible: True, enabled: True)
2025-09-23 10:23:15 - backend.core.coupang_reply_poster - INFO -   버튼 28: '휴대폰 앱 설치' (class: , data-at: , visible: True, enabled: True)
2025-09-23 10:23:15 - backend.core.coupang_reply_poster - INFO -   버튼 29: '약관 및 정책' (class: , data-at: , visible: True, enabled: True)
2025-09-23 10:23:15 - backend.core.coupang_reply_poster - INFO -   버튼 30: 'FAQ 보기' (class: , data-at: , visible: True, enabled: True)
2025-09-23 10:23:15 - backend.core.coupang_reply_poster - INFO -   버튼 36: '' (class: pagination-btn first-page-btn hide-btn, data-at: first-page-btn, visible: False, enabled: True)
2025-09-23 10:23:15 - backend.core.coupang_reply_poster - INFO -   버튼 37: '' (class: pagination-btn prev-btn hide-btn, data-at: prev-btn, visible: False, enabled: True)
2025-09-23 10:23:15 - backend.core.coupang_reply_poster - INFO -   버튼 38: '1' (class: active, data-at: , visible: True, enabled: True)
2025-09-23 10:23:15 - backend.core.coupang_reply_poster - INFO -   버튼 39: '' (class: pagination-btn next-btn hide-btn, data-at: next-btn, visible: False, enabled: True)
2025-09-23 10:23:15 - backend.core.coupang_reply_poster - INFO -   버튼 40: '' (class: pagination-btn last-page-btn hide-btn, data-at: last-page-btn, visible: False, enabled: True)
2025-09-23 10:23:15 - backend.core.coupang_reply_poster - INFO - 현재 페이지: 1
2025-09-23 10:23:15 - backend.core.coupang_reply_poster - INFO - 사용 가능한 페이지들: [1]
2025-09-23 10:23:15 - backend.core.coupang_reply_poster - INFO - 다음 페이지 버튼 사용 가능: False
2025-09-23 10:23:15 - backend.core.coupang_reply_poster - INFO - === 페이지네이션 분석 완료 ===
2025-09-23 10:23:15 - backend.core.coupang_reply_poster - INFO - 더 이상 페이지가 없습니다.
2025-09-23 10:23:15 - backend.core.coupang_reply_poster - INFO - 더 이상 페이지가 없습니다.
2025-09-23 10:23:15 - backend.core.coupang_reply_poster - WARNING - 모든 페이지에서 리뷰를 찾을 수 없음: 000MV5
2025-09-23 10:23:15 - backend.core.coupang_reply_poster - WARNING - 리뷰 요소를 찾을 수 없습니다: 000MV5
2025-09-23 10:23:15 - backend.core.coupang_reply_poster - INFO - 재시도 준비 중: 000MV5
2025-09-23 10:23:15 - backend.core.coupang_reply_poster - INFO - 🔁 재시도 1/2: 000MV5
2025-09-23 10:23:17 - backend.core.coupang_reply_poster - INFO - 답글 포스팅 시작: 정** (ID: 000MV5)
2025-09-23 10:23:17 - backend.core.coupang_reply_poster - INFO - 리뷰 검색 시작: ID=000MV5, 이름=정**
2025-09-23 10:23:17 - backend.core.coupang_reply_poster - INFO - 페이지 1에서 리뷰 검색 중...
2025-09-23 10:23:17 - backend.core.coupang_reply_poster - INFO - === 페이지네이션 분석 시작 ===
2025-09-23 10:23:17 - backend.core.coupang_reply_poster - INFO - 페이지네이션 요소 개수: 40
2025-09-23 10:23:17 - backend.core.coupang_reply_poster - INFO -   버튼 27: 'POS 설치' (class: , data-at: , visible: True, enabled: True)
2025-09-23 10:23:17 - backend.core.coupang_reply_poster - INFO -   버튼 28: '휴대폰 앱 설치' (class: , data-at: , visible: True, enabled: True)
2025-09-23 10:23:17 - backend.core.coupang_reply_poster - INFO -   버튼 29: '약관 및 정책' (class: , data-at: , visible: True, enabled: True)
2025-09-23 10:23:17 - backend.core.coupang_reply_poster - INFO -   버튼 30: 'FAQ 보기' (class: , data-at: , visible: True, enabled: True)
2025-09-23 10:23:17 - backend.core.coupang_reply_poster - INFO -   버튼 36: '' (class: pagination-btn first-page-btn hide-btn, data-at: first-page-btn, visible: False, enabled: True)
2025-09-23 10:23:17 - backend.core.coupang_reply_poster - INFO -   버튼 37: '' (class: pagination-btn prev-btn hide-btn, data-at: prev-btn, visible: False, enabled: True)
2025-09-23 10:23:17 - backend.core.coupang_reply_poster - INFO -   버튼 38: '1' (class: active, data-at: , visible: True, enabled: True)
2025-09-23 10:23:17 - backend.core.coupang_reply_poster - INFO -   버튼 39: '' (class: pagination-btn next-btn hide-btn, data-at: next-btn, visible: False, enabled: True)
2025-09-23 10:23:17 - backend.core.coupang_reply_poster - INFO -   버튼 40: '' (class: pagination-btn last-page-btn hide-btn, data-at: last-page-btn, visible: False, enabled: True)
2025-09-23 10:23:17 - backend.core.coupang_reply_poster - INFO - 현재 페이지: 1
2025-09-23 10:23:17 - backend.core.coupang_reply_poster - INFO - 사용 가능한 페이지들: [1]
2025-09-23 10:23:17 - backend.core.coupang_reply_poster - INFO - 다음 페이지 버튼 사용 가능: False
2025-09-23 10:23:18 - backend.core.coupang_reply_poster - INFO - === 페이지네이션 분석 완료 ===
2025-09-23 10:23:18 - backend.core.coupang_reply_poster - INFO - 더 이상 페이지가 없습니다.
2025-09-23 10:23:18 - backend.core.coupang_reply_poster - INFO - 더 이상 페이지가 없습니다.
2025-09-23 10:23:18 - backend.core.coupang_reply_poster - WARNING - 모든 페이지에서 리뷰를 찾을 수 없음: 000MV5
2025-09-23 10:23:18 - backend.core.coupang_reply_poster - WARNING - 리뷰 요소를 찾을 수 없습니다: 000MV5
2025-09-23 10:23:18 - backend.core.coupang_reply_poster - INFO - 재시도 준비 중: 000MV5
2025-09-23 10:23:18 - backend.core.coupang_reply_poster - INFO - 🔁 재시도 2/2: 000MV5
2025-09-23 10:23:22 - backend.core.coupang_reply_poster - INFO - 답글 포스팅 시작: 정** (ID: 000MV5)
2025-09-23 10:23:22 - backend.core.coupang_reply_poster - INFO - 리뷰 검색 시작: ID=000MV5, 이름=정**
2025-09-23 10:23:22 - backend.core.coupang_reply_poster - INFO - 페이지 1에서 리뷰 검색 중...
2025-09-23 10:23:22 - backend.core.coupang_reply_poster - INFO - === 페이지네이션 분석 시작 ===
2025-09-23 10:23:22 - backend.core.coupang_reply_poster - INFO - 페이지네이션 요소 개수: 40
2025-09-23 10:23:22 - backend.core.coupang_reply_poster - INFO -   버튼 27: 'POS 설치' (class: , data-at: , visible: True, enabled: True)
2025-09-23 10:23:22 - backend.core.coupang_reply_poster - INFO -   버튼 28: '휴대폰 앱 설치' (class: , data-at: , visible: True, enabled: True)
2025-09-23 10:23:22 - backend.core.coupang_reply_poster - INFO -   버튼 29: '약관 및 정책' (class: , data-at: , visible: True, enabled: True)
2025-09-23 10:23:22 - backend.core.coupang_reply_poster - INFO -   버튼 30: 'FAQ 보기' (class: , data-at: , visible: True, enabled: True)
2025-09-23 10:23:22 - backend.core.coupang_reply_poster - INFO -   버튼 36: '' (class: pagination-btn first-page-btn hide-btn, data-at: first-page-btn, visible: False, enabled: True)
2025-09-23 10:23:22 - backend.core.coupang_reply_poster - INFO -   버튼 37: '' (class: pagination-btn prev-btn hide-btn, data-at: prev-btn, visible: False, enabled: True)
2025-09-23 10:23:22 - backend.core.coupang_reply_poster - INFO -   버튼 38: '1' (class: active, data-at: , visible: True, enabled: True)
2025-09-23 10:23:22 - backend.core.coupang_reply_poster - INFO -   버튼 39: '' (class: pagination-btn next-btn hide-btn, data-at: next-btn, visible: False, enabled: True)
2025-09-23 10:23:22 - backend.core.coupang_reply_poster - INFO -   버튼 40: '' (class: pagination-btn last-page-btn hide-btn, data-at: last-page-btn, visible: False, enabled: True)
2025-09-23 10:23:22 - backend.core.coupang_reply_poster - INFO - 현재 페이지: 1
2025-09-23 10:23:22 - backend.core.coupang_reply_poster - INFO - 사용 가능한 페이지들: [1]
2025-09-23 10:23:22 - backend.core.coupang_reply_poster - INFO - 다음 페이지 버튼 사용 가능: False
2025-09-23 10:23:22 - backend.core.coupang_reply_poster - INFO - === 페이지네이션 분석 완료 ===
2025-09-23 10:23:22 - backend.core.coupang_reply_poster - INFO - 더 이상 페이지가 없습니다.
2025-09-23 10:23:22 - backend.core.coupang_reply_poster - INFO - 더 이상 페이지가 없습니다.
2025-09-23 10:23:22 - backend.core.coupang_reply_poster - WARNING - 모든 페이지에서 리뷰를 찾을 수 없음: 000MV5
2025-09-23 10:23:22 - backend.core.coupang_reply_poster - WARNING - 리뷰 요소를 찾을 수 없습니다: 000MV5
2025-09-23 10:23:22 - backend.core.coupang_reply_poster - WARNING - ❌ 리뷰 처리 실패: 000MV5 - 결과 없음
2025-09-23 10:23:22 - backend.core.coupang_reply_poster - INFO - 🔄 리뷰 처리 시작: 0W6WAR (총 처리 중: 13개)
2025-09-23 10:23:22 - backend.core.coupang_reply_poster - INFO - 답글 포스팅 시작: 김** (ID: 0W6WAR)
2025-09-23 10:23:22 - backend.core.coupang_reply_poster - INFO - 리뷰 검색 시작: ID=0W6WAR, 이름=김**
2025-09-23 10:23:22 - backend.core.coupang_reply_poster - INFO - 페이지 1에서 리뷰 검색 중...
2025-09-23 10:23:22 - backend.core.coupang_reply_poster - INFO - === 페이지네이션 분석 시작 ===
2025-09-23 10:23:22 - backend.core.coupang_reply_poster - INFO - 페이지네이션 요소 개수: 40
2025-09-23 10:23:22 - backend.core.coupang_reply_poster - INFO -   버튼 27: 'POS 설치' (class: , data-at: , visible: True, enabled: True)
2025-09-23 10:23:22 - backend.core.coupang_reply_poster - INFO -   버튼 28: '휴대폰 앱 설치' (class: , data-at: , visible: True, enabled: True)
2025-09-23 10:23:22 - backend.core.coupang_reply_poster - INFO -   버튼 29: '약관 및 정책' (class: , data-at: , visible: True, enabled: True)
2025-09-23 10:23:22 - backend.core.coupang_reply_poster - INFO -   버튼 30: 'FAQ 보기' (class: , data-at: , visible: True, enabled: True)
2025-09-23 10:23:22 - backend.core.coupang_reply_poster - INFO -   버튼 36: '' (class: pagination-btn first-page-btn hide-btn, data-at: first-page-btn, visible: False, enabled: True)
2025-09-23 10:23:22 - backend.core.coupang_reply_poster - INFO -   버튼 37: '' (class: pagination-btn prev-btn hide-btn, data-at: prev-btn, visible: False, enabled: True)
2025-09-23 10:23:22 - backend.core.coupang_reply_poster - INFO -   버튼 38: '1' (class: active, data-at: , visible: True, enabled: True)
2025-09-23 10:23:22 - backend.core.coupang_reply_poster - INFO -   버튼 39: '' (class: pagination-btn next-btn hide-btn, data-at: next-btn, visible: False, enabled: True)
2025-09-23 10:23:22 - backend.core.coupang_reply_poster - INFO -   버튼 40: '' (class: pagination-btn last-page-btn hide-btn, data-at: last-page-btn, visible: False, enabled: True)
2025-09-23 10:23:22 - backend.core.coupang_reply_poster - INFO - 현재 페이지: 1
2025-09-23 10:23:22 - backend.core.coupang_reply_poster - INFO - 사용 가능한 페이지들: [1]
2025-09-23 10:23:22 - backend.core.coupang_reply_poster - INFO - 다음 페이지 버튼 사용 가능: False
2025-09-23 10:23:22 - backend.core.coupang_reply_poster - INFO - === 페이지네이션 분석 완료 ===
2025-09-23 10:23:22 - backend.core.coupang_reply_poster - INFO - 더 이상 페이지가 없습니다.
2025-09-23 10:23:22 - backend.core.coupang_reply_poster - INFO - 더 이상 페이지가 없습니다.
2025-09-23 10:23:22 - backend.core.coupang_reply_poster - WARNING - 모든 페이지에서 리뷰를 찾을 수 없음: 0W6WAR
2025-09-23 10:23:22 - backend.core.coupang_reply_poster - WARNING - 리뷰 요소를 찾을 수 없습니다: 0W6WAR
2025-09-23 10:23:22 - backend.core.coupang_reply_poster - INFO - 재시도 준비 중: 0W6WAR
2025-09-23 10:23:22 - backend.core.coupang_reply_poster - INFO - 🔁 재시도 1/2: 0W6WAR
2025-09-23 10:23:24 - backend.core.coupang_reply_poster - INFO - 답글 포스팅 시작: 김** (ID: 0W6WAR)
2025-09-23 10:23:24 - backend.core.coupang_reply_poster - INFO - 리뷰 검색 시작: ID=0W6WAR, 이름=김**
2025-09-23 10:23:24 - backend.core.coupang_reply_poster - INFO - 페이지 1에서 리뷰 검색 중...
2025-09-23 10:23:25 - backend.core.coupang_reply_poster - INFO - === 페이지네이션 분석 시작 ===
2025-09-23 10:23:25 - backend.core.coupang_reply_poster - INFO - 페이지네이션 요소 개수: 40
2025-09-23 10:23:25 - backend.core.coupang_reply_poster - INFO -   버튼 27: 'POS 설치' (class: , data-at: , visible: True, enabled: True)
2025-09-23 10:23:25 - backend.core.coupang_reply_poster - INFO -   버튼 28: '휴대폰 앱 설치' (class: , data-at: , visible: True, enabled: True)
2025-09-23 10:23:25 - backend.core.coupang_reply_poster - INFO -   버튼 29: '약관 및 정책' (class: , data-at: , visible: True, enabled: True)
2025-09-23 10:23:25 - backend.core.coupang_reply_poster - INFO -   버튼 30: 'FAQ 보기' (class: , data-at: , visible: True, enabled: True)
2025-09-23 10:23:25 - backend.core.coupang_reply_poster - INFO -   버튼 36: '' (class: pagination-btn first-page-btn hide-btn, data-at: first-page-btn, visible: False, enabled: True)
2025-09-23 10:23:25 - backend.core.coupang_reply_poster - INFO -   버튼 37: '' (class: pagination-btn prev-btn hide-btn, data-at: prev-btn, visible: False, enabled: True)
2025-09-23 10:23:25 - backend.core.coupang_reply_poster - INFO -   버튼 38: '1' (class: active, data-at: , visible: True, enabled: True)
2025-09-23 10:23:25 - backend.core.coupang_reply_poster - INFO -   버튼 39: '' (class: pagination-btn next-btn hide-btn, data-at: next-btn, visible: False, enabled: True)
2025-09-23 10:23:25 - backend.core.coupang_reply_poster - INFO -   버튼 40: '' (class: pagination-btn last-page-btn hide-btn, data-at: last-page-btn, visible: False, enabled: True)
2025-09-23 10:23:25 - backend.core.coupang_reply_poster - INFO - 현재 페이지: 1
2025-09-23 10:23:25 - backend.core.coupang_reply_poster - INFO - 사용 가능한 페이지들: [1]
2025-09-23 10:23:25 - backend.core.coupang_reply_poster - INFO - 다음 페이지 버튼 사용 가능: False
2025-09-23 10:23:25 - backend.core.coupang_reply_poster - INFO - === 페이지네이션 분석 완료 ===
2025-09-23 10:23:25 - backend.core.coupang_reply_poster - INFO - 더 이상 페이지가 없습니다.
2025-09-23 10:23:25 - backend.core.coupang_reply_poster - INFO - 더 이상 페이지가 없습니다.
2025-09-23 10:23:25 - backend.core.coupang_reply_poster - WARNING - 모든 페이지에서 리뷰를 찾을 수 없음: 0W6WAR
2025-09-23 10:23:25 - backend.core.coupang_reply_poster - WARNING - 리뷰 요소를 찾을 수 없습니다: 0W6WAR
2025-09-23 10:23:25 - backend.core.coupang_reply_poster - INFO - 재시도 준비 중: 0W6WAR
2025-09-23 10:23:25 - backend.core.coupang_reply_poster - INFO - 🔁 재시도 2/2: 0W6WAR
2025-09-23 10:23:29 - backend.core.coupang_reply_poster - INFO - 답글 포스팅 시작: 김** (ID: 0W6WAR)
2025-09-23 10:23:29 - backend.core.coupang_reply_poster - INFO - 리뷰 검색 시작: ID=0W6WAR, 이름=김**
2025-09-23 10:23:29 - backend.core.coupang_reply_poster - INFO - 페이지 1에서 리뷰 검색 중...
2025-09-23 10:23:29 - backend.core.coupang_reply_poster - INFO - === 페이지네이션 분석 시작 ===
2025-09-23 10:23:29 - backend.core.coupang_reply_poster - INFO - 페이지네이션 요소 개수: 40
2025-09-23 10:23:29 - backend.core.coupang_reply_poster - INFO -   버튼 27: 'POS 설치' (class: , data-at: , visible: True, enabled: True)
2025-09-23 10:23:29 - backend.core.coupang_reply_poster - INFO -   버튼 28: '휴대폰 앱 설치' (class: , data-at: , visible: True, enabled: True)
2025-09-23 10:23:29 - backend.core.coupang_reply_poster - INFO -   버튼 29: '약관 및 정책' (class: , data-at: , visible: True, enabled: True)
2025-09-23 10:23:29 - backend.core.coupang_reply_poster - INFO -   버튼 30: 'FAQ 보기' (class: , data-at: , visible: True, enabled: True)
2025-09-23 10:23:29 - backend.core.coupang_reply_poster - INFO -   버튼 36: '' (class: pagination-btn first-page-btn hide-btn, data-at: first-page-btn, visible: False, enabled: True)
2025-09-23 10:23:29 - backend.core.coupang_reply_poster - INFO -   버튼 37: '' (class: pagination-btn prev-btn hide-btn, data-at: prev-btn, visible: False, enabled: True)
2025-09-23 10:23:29 - backend.core.coupang_reply_poster - INFO -   버튼 38: '1' (class: active, data-at: , visible: True, enabled: True)
2025-09-23 10:23:29 - backend.core.coupang_reply_poster - INFO -   버튼 39: '' (class: pagination-btn next-btn hide-btn, data-at: next-btn, visible: False, enabled: True)
2025-09-23 10:23:29 - backend.core.coupang_reply_poster - INFO -   버튼 40: '' (class: pagination-btn last-page-btn hide-btn, data-at: last-page-btn, visible: False, enabled: True)
2025-09-23 10:23:29 - backend.core.coupang_reply_poster - INFO - 현재 페이지: 1
2025-09-23 10:23:29 - backend.core.coupang_reply_poster - INFO - 사용 가능한 페이지들: [1]
2025-09-23 10:23:29 - backend.core.coupang_reply_poster - INFO - 다음 페이지 버튼 사용 가능: False
2025-09-23 10:23:29 - backend.core.coupang_reply_poster - INFO - === 페이지네이션 분석 완료 ===
2025-09-23 10:23:29 - backend.core.coupang_reply_poster - INFO - 더 이상 페이지가 없습니다.
2025-09-23 10:23:29 - backend.core.coupang_reply_poster - INFO - 더 이상 페이지가 없습니다.
2025-09-23 10:23:29 - backend.core.coupang_reply_poster - WARNING - 모든 페이지에서 리뷰를 찾을 수 없음: 0W6WAR
2025-09-23 10:23:29 - backend.core.coupang_reply_poster - WARNING - 리뷰 요소를 찾을 수 없습니다: 0W6WAR
2025-09-23 10:23:29 - backend.core.coupang_reply_poster - WARNING - ❌ 리뷰 처리 실패: 0W6WAR - 결과 없음
2025-09-23 10:23:29 - backend.core.coupang_reply_poster - INFO - 🔄 리뷰 처리 시작: 0G437V (총 처리 중: 14개)
2025-09-23 10:23:29 - backend.core.coupang_reply_poster - INFO - 답글 포스팅 시작: 한** (ID: 0G437V)
2025-09-23 10:23:29 - backend.core.coupang_reply_poster - INFO - 리뷰 검색 시작: ID=0G437V, 이름=한**
2025-09-23 10:23:29 - backend.core.coupang_reply_poster - INFO - 페이지 1에서 리뷰 검색 중...
2025-09-23 10:23:29 - backend.core.coupang_reply_poster - INFO - === 페이지네이션 분석 시작 ===
2025-09-23 10:23:29 - backend.core.coupang_reply_poster - INFO - 페이지네이션 요소 개수: 40
2025-09-23 10:23:29 - backend.core.coupang_reply_poster - INFO -   버튼 27: 'POS 설치' (class: , data-at: , visible: True, enabled: True)
2025-09-23 10:23:30 - backend.core.coupang_reply_poster - INFO -   버튼 28: '휴대폰 앱 설치' (class: , data-at: , visible: True, enabled: True)
2025-09-23 10:23:30 - backend.core.coupang_reply_poster - INFO -   버튼 29: '약관 및 정책' (class: , data-at: , visible: True, enabled: True)
2025-09-23 10:23:30 - backend.core.coupang_reply_poster - INFO -   버튼 30: 'FAQ 보기' (class: , data-at: , visible: True, enabled: True)
2025-09-23 10:23:30 - backend.core.coupang_reply_poster - INFO -   버튼 36: '' (class: pagination-btn first-page-btn hide-btn, data-at: first-page-btn, visible: False, enabled: True)
2025-09-23 10:23:30 - backend.core.coupang_reply_poster - INFO -   버튼 37: '' (class: pagination-btn prev-btn hide-btn, data-at: prev-btn, visible: False, enabled: True)
2025-09-23 10:23:30 - backend.core.coupang_reply_poster - INFO -   버튼 38: '1' (class: active, data-at: , visible: True, enabled: True)
2025-09-23 10:23:30 - backend.core.coupang_reply_poster - INFO -   버튼 39: '' (class: pagination-btn next-btn hide-btn, data-at: next-btn, visible: False, enabled: True)
2025-09-23 10:23:30 - backend.core.coupang_reply_poster - INFO -   버튼 40: '' (class: pagination-btn last-page-btn hide-btn, data-at: last-page-btn, visible: False, enabled: True)
2025-09-23 10:23:30 - backend.core.coupang_reply_poster - INFO - 현재 페이지: 1
2025-09-23 10:23:30 - backend.core.coupang_reply_poster - INFO - 사용 가능한 페이지들: [1]
2025-09-23 10:23:30 - backend.core.coupang_reply_poster - INFO - 다음 페이지 버튼 사용 가능: False
2025-09-23 10:23:30 - backend.core.coupang_reply_poster - INFO - === 페이지네이션 분석 완료 ===
2025-09-23 10:23:30 - backend.core.coupang_reply_poster - INFO - 더 이상 페이지가 없습니다.
2025-09-23 10:23:30 - backend.core.coupang_reply_poster - INFO - 더 이상 페이지가 없습니다.
2025-09-23 10:23:30 - backend.core.coupang_reply_poster - WARNING - 모든 페이지에서 리뷰를 찾을 수 없음: 0G437V
2025-09-23 10:23:30 - backend.core.coupang_reply_poster - WARNING - 리뷰 요소를 찾을 수 없습니다: 0G437V
2025-09-23 10:23:30 - backend.core.coupang_reply_poster - INFO - 재시도 준비 중: 0G437V
2025-09-23 10:23:30 - backend.core.coupang_reply_poster - INFO - 🔁 재시도 1/2: 0G437V
2025-09-23 10:23:32 - backend.core.coupang_reply_poster - INFO - 답글 포스팅 시작: 한** (ID: 0G437V)
2025-09-23 10:23:32 - backend.core.coupang_reply_poster - INFO - 리뷰 검색 시작: ID=0G437V, 이름=한**
2025-09-23 10:23:32 - backend.core.coupang_reply_poster - INFO - 페이지 1에서 리뷰 검색 중...
2025-09-23 10:23:32 - backend.core.coupang_reply_poster - INFO - === 페이지네이션 분석 시작 ===
2025-09-23 10:23:32 - backend.core.coupang_reply_poster - INFO - 페이지네이션 요소 개수: 40
2025-09-23 10:23:32 - backend.core.coupang_reply_poster - INFO -   버튼 27: 'POS 설치' (class: , data-at: , visible: True, enabled: True)
2025-09-23 10:23:32 - backend.core.coupang_reply_poster - INFO -   버튼 28: '휴대폰 앱 설치' (class: , data-at: , visible: True, enabled: True)
2025-09-23 10:23:32 - backend.core.coupang_reply_poster - INFO -   버튼 29: '약관 및 정책' (class: , data-at: , visible: True, enabled: True)
2025-09-23 10:23:32 - backend.core.coupang_reply_poster - INFO -   버튼 30: 'FAQ 보기' (class: , data-at: , visible: True, enabled: True)
2025-09-23 10:23:32 - backend.core.coupang_reply_poster - INFO -   버튼 36: '' (class: pagination-btn first-page-btn hide-btn, data-at: first-page-btn, visible: False, enabled: True)
2025-09-23 10:23:32 - backend.core.coupang_reply_poster - INFO -   버튼 37: '' (class: pagination-btn prev-btn hide-btn, data-at: prev-btn, visible: False, enabled: True)
2025-09-23 10:23:32 - backend.core.coupang_reply_poster - INFO -   버튼 38: '1' (class: active, data-at: , visible: True, enabled: True)
2025-09-23 10:23:32 - backend.core.coupang_reply_poster - INFO -   버튼 39: '' (class: pagination-btn next-btn hide-btn, data-at: next-btn, visible: False, enabled: True)
2025-09-23 10:23:32 - backend.core.coupang_reply_poster - INFO -   버튼 40: '' (class: pagination-btn last-page-btn hide-btn, data-at: last-page-btn, visible: False, enabled: True)
2025-09-23 10:23:32 - backend.core.coupang_reply_poster - INFO - 현재 페이지: 1
2025-09-23 10:23:32 - backend.core.coupang_reply_poster - INFO - 사용 가능한 페이지들: [1]
2025-09-23 10:23:32 - backend.core.coupang_reply_poster - INFO - 다음 페이지 버튼 사용 가능: False
2025-09-23 10:23:32 - backend.core.coupang_reply_poster - INFO - === 페이지네이션 분석 완료 ===
2025-09-23 10:23:32 - backend.core.coupang_reply_poster - INFO - 더 이상 페이지가 없습니다.
2025-09-23 10:23:32 - backend.core.coupang_reply_poster - INFO - 더 이상 페이지가 없습니다.
2025-09-23 10:23:32 - backend.core.coupang_reply_poster - WARNING - 모든 페이지에서 리뷰를 찾을 수 없음: 0G437V
2025-09-23 10:23:32 - backend.core.coupang_reply_poster - WARNING - 리뷰 요소를 찾을 수 없습니다: 0G437V
2025-09-23 10:23:32 - backend.core.coupang_reply_poster - INFO - 재시도 준비 중: 0G437V
2025-09-23 10:23:32 - backend.core.coupang_reply_poster - INFO - 🔁 재시도 2/2: 0G437V
2025-09-23 10:23:36 - backend.core.coupang_reply_poster - INFO - 답글 포스팅 시작: 한** (ID: 0G437V)
2025-09-23 10:23:36 - backend.core.coupang_reply_poster - INFO - 리뷰 검색 시작: ID=0G437V, 이름=한**
2025-09-23 10:23:36 - backend.core.coupang_reply_poster - INFO - 페이지 1에서 리뷰 검색 중...
2025-09-23 10:23:36 - backend.core.coupang_reply_poster - INFO - === 페이지네이션 분석 시작 ===
2025-09-23 10:23:36 - backend.core.coupang_reply_poster - INFO - 페이지네이션 요소 개수: 40
2025-09-23 10:23:36 - backend.core.coupang_reply_poster - INFO -   버튼 27: 'POS 설치' (class: , data-at: , visible: True, enabled: True)
2025-09-23 10:23:36 - backend.core.coupang_reply_poster - INFO -   버튼 28: '휴대폰 앱 설치' (class: , data-at: , visible: True, enabled: True)
2025-09-23 10:23:36 - backend.core.coupang_reply_poster - INFO -   버튼 29: '약관 및 정책' (class: , data-at: , visible: True, enabled: True)
2025-09-23 10:23:36 - backend.core.coupang_reply_poster - INFO -   버튼 30: 'FAQ 보기' (class: , data-at: , visible: True, enabled: True)
2025-09-23 10:23:36 - backend.core.coupang_reply_poster - INFO -   버튼 36: '' (class: pagination-btn first-page-btn hide-btn, data-at: first-page-btn, visible: False, enabled: True)
2025-09-23 10:23:36 - backend.core.coupang_reply_poster - INFO -   버튼 37: '' (class: pagination-btn prev-btn hide-btn, data-at: prev-btn, visible: False, enabled: True)
2025-09-23 10:23:37 - backend.core.coupang_reply_poster - INFO -   버튼 38: '1' (class: active, data-at: , visible: True, enabled: True)
2025-09-23 10:23:37 - backend.core.coupang_reply_poster - INFO -   버튼 39: '' (class: pagination-btn next-btn hide-btn, data-at: next-btn, visible: False, enabled: True)
2025-09-23 10:23:37 - backend.core.coupang_reply_poster - INFO -   버튼 40: '' (class: pagination-btn last-page-btn hide-btn, data-at: last-page-btn, visible: False, enabled: True)
2025-09-23 10:23:37 - backend.core.coupang_reply_poster - INFO - 현재 페이지: 1
2025-09-23 10:23:37 - backend.core.coupang_reply_poster - INFO - 사용 가능한 페이지들: [1]
2025-09-23 10:23:37 - backend.core.coupang_reply_poster - INFO - 다음 페이지 버튼 사용 가능: False
2025-09-23 10:23:37 - backend.core.coupang_reply_poster - INFO - === 페이지네이션 분석 완료 ===
2025-09-23 10:23:37 - backend.core.coupang_reply_poster - INFO - 더 이상 페이지가 없습니다.
2025-09-23 10:23:37 - backend.core.coupang_reply_poster - INFO - 더 이상 페이지가 없습니다.
2025-09-23 10:23:37 - backend.core.coupang_reply_poster - WARNING - 모든 페이지에서 리뷰를 찾을 수 없음: 0G437V
2025-09-23 10:23:37 - backend.core.coupang_reply_poster - WARNING - 리뷰 요소를 찾을 수 없습니다: 0G437V
2025-09-23 10:23:37 - backend.core.coupang_reply_poster - WARNING - ❌ 리뷰 처리 실패: 0G437V - 결과 없음
2025-09-23 10:23:37 - backend.core.coupang_reply_poster - INFO - 🔄 리뷰 처리 시작: 17KVRU (총 처리 중: 15개)
2025-09-23 10:23:37 - backend.core.coupang_reply_poster - INFO - 답글 포스팅 시작: 신** (ID: 17KVRU)
2025-09-23 10:23:37 - backend.core.coupang_reply_poster - INFO - 리뷰 검색 시작: ID=17KVRU, 이름=신**
2025-09-23 10:23:37 - backend.core.coupang_reply_poster - INFO - 페이지 1에서 리뷰 검색 중...
2025-09-23 10:23:37 - backend.core.coupang_reply_poster - INFO - === 페이지네이션 분석 시작 ===
2025-09-23 10:23:37 - backend.core.coupang_reply_poster - INFO - 페이지네이션 요소 개수: 40
2025-09-23 10:23:37 - backend.core.coupang_reply_poster - INFO -   버튼 27: 'POS 설치' (class: , data-at: , visible: True, enabled: True)
2025-09-23 10:23:37 - backend.core.coupang_reply_poster - INFO -   버튼 28: '휴대폰 앱 설치' (class: , data-at: , visible: True, enabled: True)
2025-09-23 10:23:37 - backend.core.coupang_reply_poster - INFO -   버튼 29: '약관 및 정책' (class: , data-at: , visible: True, enabled: True)
2025-09-23 10:23:37 - backend.core.coupang_reply_poster - INFO -   버튼 30: 'FAQ 보기' (class: , data-at: , visible: True, enabled: True)
2025-09-23 10:23:37 - backend.core.coupang_reply_poster - INFO -   버튼 36: '' (class: pagination-btn first-page-btn hide-btn, data-at: first-page-btn, visible: False, enabled: True)
2025-09-23 10:23:37 - backend.core.coupang_reply_poster - INFO -   버튼 37: '' (class: pagination-btn prev-btn hide-btn, data-at: prev-btn, visible: False, enabled: True)
2025-09-23 10:23:37 - backend.core.coupang_reply_poster - INFO -   버튼 38: '1' (class: active, data-at: , visible: True, enabled: True)
2025-09-23 10:23:37 - backend.core.coupang_reply_poster - INFO -   버튼 39: '' (class: pagination-btn next-btn hide-btn, data-at: next-btn, visible: False, enabled: True)
2025-09-23 10:23:37 - backend.core.coupang_reply_poster - INFO -   버튼 40: '' (class: pagination-btn last-page-btn hide-btn, data-at: last-page-btn, visible: False, enabled: True)
2025-09-23 10:23:37 - backend.core.coupang_reply_poster - INFO - 현재 페이지: 1
2025-09-23 10:23:37 - backend.core.coupang_reply_poster - INFO - 사용 가능한 페이지들: [1]
2025-09-23 10:23:37 - backend.core.coupang_reply_poster - INFO - 다음 페이지 버튼 사용 가능: False
2025-09-23 10:23:37 - backend.core.coupang_reply_poster - INFO - === 페이지네이션 분석 완료 ===
2025-09-23 10:23:37 - backend.core.coupang_reply_poster - INFO - 더 이상 페이지가 없습니다.
2025-09-23 10:23:37 - backend.core.coupang_reply_poster - INFO - 더 이상 페이지가 없습니다.
2025-09-23 10:23:37 - backend.core.coupang_reply_poster - WARNING - 모든 페이지에서 리뷰를 찾을 수 없음: 17KVRU
2025-09-23 10:23:37 - backend.core.coupang_reply_poster - WARNING - 리뷰 요소를 찾을 수 없습니다: 17KVRU
2025-09-23 10:23:37 - backend.core.coupang_reply_poster - INFO - 재시도 준비 중: 17KVRU
2025-09-23 10:23:37 - backend.core.coupang_reply_poster - INFO - 🔁 재시도 1/2: 17KVRU
2025-09-23 10:23:39 - backend.core.coupang_reply_poster - INFO - 답글 포스팅 시작: 신** (ID: 17KVRU)
2025-09-23 10:23:39 - backend.core.coupang_reply_poster - INFO - 리뷰 검색 시작: ID=17KVRU, 이름=신**
2025-09-23 10:23:39 - backend.core.coupang_reply_poster - INFO - 페이지 1에서 리뷰 검색 중...
2025-09-23 10:23:39 - backend.core.coupang_reply_poster - INFO - === 페이지네이션 분석 시작 ===
2025-09-23 10:23:39 - backend.core.coupang_reply_poster - INFO - 페이지네이션 요소 개수: 40
2025-09-23 10:23:40 - backend.core.coupang_reply_poster - INFO -   버튼 27: 'POS 설치' (class: , data-at: , visible: True, enabled: True)
2025-09-23 10:23:40 - backend.core.coupang_reply_poster - INFO -   버튼 28: '휴대폰 앱 설치' (class: , data-at: , visible: True, enabled: True)
2025-09-23 10:23:40 - backend.core.coupang_reply_poster - INFO -   버튼 29: '약관 및 정책' (class: , data-at: , visible: True, enabled: True)
2025-09-23 10:23:40 - backend.core.coupang_reply_poster - INFO -   버튼 30: 'FAQ 보기' (class: , data-at: , visible: True, enabled: True)
2025-09-23 10:23:40 - backend.core.coupang_reply_poster - INFO -   버튼 36: '' (class: pagination-btn first-page-btn hide-btn, data-at: first-page-btn, visible: False, enabled: True)
2025-09-23 10:23:40 - backend.core.coupang_reply_poster - INFO -   버튼 37: '' (class: pagination-btn prev-btn hide-btn, data-at: prev-btn, visible: False, enabled: True)
2025-09-23 10:23:40 - backend.core.coupang_reply_poster - INFO -   버튼 38: '1' (class: active, data-at: , visible: True, enabled: True)
2025-09-23 10:23:40 - backend.core.coupang_reply_poster - INFO -   버튼 39: '' (class: pagination-btn next-btn hide-btn, data-at: next-btn, visible: False, enabled: True)
2025-09-23 10:23:40 - backend.core.coupang_reply_poster - INFO -   버튼 40: '' (class: pagination-btn last-page-btn hide-btn, data-at: last-page-btn, visible: False, enabled: True)
2025-09-23 10:23:40 - backend.core.coupang_reply_poster - INFO - 현재 페이지: 1
2025-09-23 10:23:40 - backend.core.coupang_reply_poster - INFO - 사용 가능한 페이지들: [1]
2025-09-23 10:23:40 - backend.core.coupang_reply_poster - INFO - 다음 페이지 버튼 사용 가능: False
2025-09-23 10:23:40 - backend.core.coupang_reply_poster - INFO - === 페이지네이션 분석 완료 ===
2025-09-23 10:23:40 - backend.core.coupang_reply_poster - INFO - 더 이상 페이지가 없습니다.
2025-09-23 10:23:40 - backend.core.coupang_reply_poster - INFO - 더 이상 페이지가 없습니다.
2025-09-23 10:23:40 - backend.core.coupang_reply_poster - WARNING - 모든 페이지에서 리뷰를 찾을 수 없음: 17KVRU
2025-09-23 10:23:40 - backend.core.coupang_reply_poster - WARNING - 리뷰 요소를 찾을 수 없습니다: 17KVRU
2025-09-23 10:23:40 - backend.core.coupang_reply_poster - INFO - 재시도 준비 중: 17KVRU
2025-09-23 10:23:40 - backend.core.coupang_reply_poster - INFO - 🔁 재시도 2/2: 17KVRU
2025-09-23 10:23:44 - backend.core.coupang_reply_poster - INFO - 답글 포스팅 시작: 신** (ID: 17KVRU)
2025-09-23 10:23:44 - backend.core.coupang_reply_poster - INFO - 리뷰 검색 시작: ID=17KVRU, 이름=신**
2025-09-23 10:23:44 - backend.core.coupang_reply_poster - INFO - 페이지 1에서 리뷰 검색 중...
2025-09-23 10:23:44 - backend.core.coupang_reply_poster - INFO - === 페이지네이션 분석 시작 ===
2025-09-23 10:23:44 - backend.core.coupang_reply_poster - INFO - 페이지네이션 요소 개수: 40
2025-09-23 10:23:44 - backend.core.coupang_reply_poster - INFO -   버튼 27: 'POS 설치' (class: , data-at: , visible: True, enabled: True)
2025-09-23 10:23:44 - backend.core.coupang_reply_poster - INFO -   버튼 28: '휴대폰 앱 설치' (class: , data-at: , visible: True, enabled: True)
2025-09-23 10:23:44 - backend.core.coupang_reply_poster - INFO -   버튼 29: '약관 및 정책' (class: , data-at: , visible: True, enabled: True)
2025-09-23 10:23:44 - backend.core.coupang_reply_poster - INFO -   버튼 30: 'FAQ 보기' (class: , data-at: , visible: True, enabled: True)
2025-09-23 10:23:44 - backend.core.coupang_reply_poster - INFO -   버튼 36: '' (class: pagination-btn first-page-btn hide-btn, data-at: first-page-btn, visible: False, enabled: True)
2025-09-23 10:23:44 - backend.core.coupang_reply_poster - INFO -   버튼 37: '' (class: pagination-btn prev-btn hide-btn, data-at: prev-btn, visible: False, enabled: True)
2025-09-23 10:23:44 - backend.core.coupang_reply_poster - INFO -   버튼 38: '1' (class: active, data-at: , visible: True, enabled: True)
2025-09-23 10:23:44 - backend.core.coupang_reply_poster - INFO -   버튼 39: '' (class: pagination-btn next-btn hide-btn, data-at: next-btn, visible: False, enabled: True)
2025-09-23 10:23:44 - backend.core.coupang_reply_poster - INFO -   버튼 40: '' (class: pagination-btn last-page-btn hide-btn, data-at: last-page-btn, visible: False, enabled: True)
2025-09-23 10:23:44 - backend.core.coupang_reply_poster - INFO - 현재 페이지: 1
2025-09-23 10:23:44 - backend.core.coupang_reply_poster - INFO - 사용 가능한 페이지들: [1]
2025-09-23 10:23:44 - backend.core.coupang_reply_poster - INFO - 다음 페이지 버튼 사용 가능: False
2025-09-23 10:23:44 - backend.core.coupang_reply_poster - INFO - === 페이지네이션 분석 완료 ===
2025-09-23 10:23:44 - backend.core.coupang_reply_poster - INFO - 더 이상 페이지가 없습니다.
2025-09-23 10:23:44 - backend.core.coupang_reply_poster - INFO - 더 이상 페이지가 없습니다.
2025-09-23 10:23:44 - backend.core.coupang_reply_poster - WARNING - 모든 페이지에서 리뷰를 찾을 수 없음: 17KVRU
2025-09-23 10:23:44 - backend.core.coupang_reply_poster - WARNING - 리뷰 요소를 찾을 수 없습니다: 17KVRU
2025-09-23 10:23:44 - backend.core.coupang_reply_poster - WARNING - ❌ 리뷰 처리 실패: 17KVRU - 결과 없음
2025-09-23 10:23:44 - backend.core.coupang_reply_poster - INFO - 🔄 리뷰 처리 시작: 0GRN97 (총 처리 중: 16개)
2025-09-23 10:23:44 - backend.core.coupang_reply_poster - INFO - 답글 포스팅 시작: 최** (ID: 0GRN97)
2025-09-23 10:23:44 - backend.core.coupang_reply_poster - INFO - 리뷰 검색 시작: ID=0GRN97, 이름=최**
2025-09-23 10:23:44 - backend.core.coupang_reply_poster - INFO - 페이지 1에서 리뷰 검색 중...
2025-09-23 10:23:44 - backend.core.coupang_reply_poster - INFO - === 페이지네이션 분석 시작 ===
2025-09-23 10:23:44 - backend.core.coupang_reply_poster - INFO - 페이지네이션 요소 개수: 40
2025-09-23 10:23:45 - backend.core.coupang_reply_poster - INFO -   버튼 27: 'POS 설치' (class: , data-at: , visible: True, enabled: True)
2025-09-23 10:23:45 - backend.core.coupang_reply_poster - INFO -   버튼 28: '휴대폰 앱 설치' (class: , data-at: , visible: True, enabled: True)
2025-09-23 10:23:45 - backend.core.coupang_reply_poster - INFO -   버튼 29: '약관 및 정책' (class: , data-at: , visible: True, enabled: True)
2025-09-23 10:23:45 - backend.core.coupang_reply_poster - INFO -   버튼 30: 'FAQ 보기' (class: , data-at: , visible: True, enabled: True)
2025-09-23 10:23:45 - backend.core.coupang_reply_poster - INFO -   버튼 36: '' (class: pagination-btn first-page-btn hide-btn, data-at: first-page-btn, visible: False, enabled: True)
2025-09-23 10:23:45 - backend.core.coupang_reply_poster - INFO -   버튼 37: '' (class: pagination-btn prev-btn hide-btn, data-at: prev-btn, visible: False, enabled: True)
2025-09-23 10:23:45 - backend.core.coupang_reply_poster - INFO -   버튼 38: '1' (class: active, data-at: , visible: True, enabled: True)
2025-09-23 10:23:45 - backend.core.coupang_reply_poster - INFO -   버튼 39: '' (class: pagination-btn next-btn hide-btn, data-at: next-btn, visible: False, enabled: True)
2025-09-23 10:23:45 - backend.core.coupang_reply_poster - INFO -   버튼 40: '' (class: pagination-btn last-page-btn hide-btn, data-at: last-page-btn, visible: False, enabled: True)
2025-09-23 10:23:45 - backend.core.coupang_reply_poster - INFO - 현재 페이지: 1
2025-09-23 10:23:45 - backend.core.coupang_reply_poster - INFO - 사용 가능한 페이지들: [1]
2025-09-23 10:23:45 - backend.core.coupang_reply_poster - INFO - 다음 페이지 버튼 사용 가능: False
2025-09-23 10:23:45 - backend.core.coupang_reply_poster - INFO - === 페이지네이션 분석 완료 ===
2025-09-23 10:23:45 - backend.core.coupang_reply_poster - INFO - 더 이상 페이지가 없습니다.
2025-09-23 10:23:45 - backend.core.coupang_reply_poster - INFO - 더 이상 페이지가 없습니다.
2025-09-23 10:23:45 - backend.core.coupang_reply_poster - WARNING - 모든 페이지에서 리뷰를 찾을 수 없음: 0GRN97
2025-09-23 10:23:45 - backend.core.coupang_reply_poster - WARNING - 리뷰 요소를 찾을 수 없습니다: 0GRN97
2025-09-23 10:23:45 - backend.core.coupang_reply_poster - INFO - 재시도 준비 중: 0GRN97
2025-09-23 10:23:45 - backend.core.coupang_reply_poster - INFO - 🔁 재시도 1/2: 0GRN97
2025-09-23 10:23:47 - backend.core.coupang_reply_poster - INFO - 답글 포스팅 시작: 최** (ID: 0GRN97)
2025-09-23 10:23:47 - backend.core.coupang_reply_poster - INFO - 리뷰 검색 시작: ID=0GRN97, 이름=최**
2025-09-23 10:23:47 - backend.core.coupang_reply_poster - INFO - 페이지 1에서 리뷰 검색 중...
2025-09-23 10:23:47 - backend.core.coupang_reply_poster - INFO - === 페이지네이션 분석 시작 ===
2025-09-23 10:23:47 - backend.core.coupang_reply_poster - INFO - 페이지네이션 요소 개수: 40
2025-09-23 10:23:47 - backend.core.coupang_reply_poster - INFO -   버튼 27: 'POS 설치' (class: , data-at: , visible: True, enabled: True)
2025-09-23 10:23:47 - backend.core.coupang_reply_poster - INFO -   버튼 28: '휴대폰 앱 설치' (class: , data-at: , visible: True, enabled: True)
2025-09-23 10:23:47 - backend.core.coupang_reply_poster - INFO -   버튼 29: '약관 및 정책' (class: , data-at: , visible: True, enabled: True)
2025-09-23 10:23:47 - backend.core.coupang_reply_poster - INFO -   버튼 30: 'FAQ 보기' (class: , data-at: , visible: True, enabled: True)
2025-09-23 10:23:47 - backend.core.coupang_reply_poster - INFO -   버튼 36: '' (class: pagination-btn first-page-btn hide-btn, data-at: first-page-btn, visible: False, enabled: True)
2025-09-23 10:23:47 - backend.core.coupang_reply_poster - INFO -   버튼 37: '' (class: pagination-btn prev-btn hide-btn, data-at: prev-btn, visible: False, enabled: True)
2025-09-23 10:23:47 - backend.core.coupang_reply_poster - INFO -   버튼 38: '1' (class: active, data-at: , visible: True, enabled: True)
2025-09-23 10:23:47 - backend.core.coupang_reply_poster - INFO -   버튼 39: '' (class: pagination-btn next-btn hide-btn, data-at: next-btn, visible: False, enabled: True)
2025-09-23 10:23:47 - backend.core.coupang_reply_poster - INFO -   버튼 40: '' (class: pagination-btn last-page-btn hide-btn, data-at: last-page-btn, visible: False, enabled: True)
2025-09-23 10:23:47 - backend.core.coupang_reply_poster - INFO - 현재 페이지: 1
2025-09-23 10:23:47 - backend.core.coupang_reply_poster - INFO - 사용 가능한 페이지들: [1]
2025-09-23 10:23:47 - backend.core.coupang_reply_poster - INFO - 다음 페이지 버튼 사용 가능: False
2025-09-23 10:23:47 - backend.core.coupang_reply_poster - INFO - === 페이지네이션 분석 완료 ===
2025-09-23 10:23:47 - backend.core.coupang_reply_poster - INFO - 더 이상 페이지가 없습니다.
2025-09-23 10:23:47 - backend.core.coupang_reply_poster - INFO - 더 이상 페이지가 없습니다.
2025-09-23 10:23:47 - backend.core.coupang_reply_poster - WARNING - 모든 페이지에서 리뷰를 찾을 수 없음: 0GRN97
2025-09-23 10:23:47 - backend.core.coupang_reply_poster - WARNING - 리뷰 요소를 찾을 수 없습니다: 0GRN97
2025-09-23 10:23:47 - backend.core.coupang_reply_poster - INFO - 재시도 준비 중: 0GRN97
2025-09-23 10:23:47 - backend.core.coupang_reply_poster - INFO - 🔁 재시도 2/2: 0GRN97
2025-09-23 10:23:51 - backend.core.coupang_reply_poster - INFO - 답글 포스팅 시작: 최** (ID: 0GRN97)
2025-09-23 10:23:51 - backend.core.coupang_reply_poster - INFO - 리뷰 검색 시작: ID=0GRN97, 이름=최**
2025-09-23 10:23:51 - backend.core.coupang_reply_poster - INFO - 페이지 1에서 리뷰 검색 중...
2025-09-23 10:23:51 - backend.core.coupang_reply_poster - INFO - === 페이지네이션 분석 시작 ===
2025-09-23 10:23:51 - backend.core.coupang_reply_poster - INFO - 페이지네이션 요소 개수: 40
2025-09-23 10:23:51 - backend.core.coupang_reply_poster - INFO -   버튼 27: 'POS 설치' (class: , data-at: , visible: True, enabled: True)
2025-09-23 10:23:51 - backend.core.coupang_reply_poster - INFO -   버튼 28: '휴대폰 앱 설치' (class: , data-at: , visible: True, enabled: True)
2025-09-23 10:23:51 - backend.core.coupang_reply_poster - INFO -   버튼 29: '약관 및 정책' (class: , data-at: , visible: True, enabled: True)
2025-09-23 10:23:51 - backend.core.coupang_reply_poster - INFO -   버튼 30: 'FAQ 보기' (class: , data-at: , visible: True, enabled: True)
2025-09-23 10:23:52 - backend.core.coupang_reply_poster - INFO -   버튼 36: '' (class: pagination-btn first-page-btn hide-btn, data-at: first-page-btn, visible: False, enabled: True)
2025-09-23 10:23:52 - backend.core.coupang_reply_poster - INFO -   버튼 37: '' (class: pagination-btn prev-btn hide-btn, data-at: prev-btn, visible: False, enabled: True)
2025-09-23 10:23:52 - backend.core.coupang_reply_poster - INFO -   버튼 38: '1' (class: active, data-at: , visible: True, enabled: True)
2025-09-23 10:23:52 - backend.core.coupang_reply_poster - INFO -   버튼 39: '' (class: pagination-btn next-btn hide-btn, data-at: next-btn, visible: False, enabled: True)
2025-09-23 10:23:52 - backend.core.coupang_reply_poster - INFO -   버튼 40: '' (class: pagination-btn last-page-btn hide-btn, data-at: last-page-btn, visible: False, enabled: True)
2025-09-23 10:23:52 - backend.core.coupang_reply_poster - INFO - 현재 페이지: 1
2025-09-23 10:23:52 - backend.core.coupang_reply_poster - INFO - 사용 가능한 페이지들: [1]
2025-09-23 10:23:52 - backend.core.coupang_reply_poster - INFO - 다음 페이지 버튼 사용 가능: False
2025-09-23 10:23:52 - backend.core.coupang_reply_poster - INFO - === 페이지네이션 분석 완료 ===
2025-09-23 10:23:52 - backend.core.coupang_reply_poster - INFO - 더 이상 페이지가 없습니다.
2025-09-23 10:23:52 - backend.core.coupang_reply_poster - INFO - 더 이상 페이지가 없습니다.
2025-09-23 10:23:52 - backend.core.coupang_reply_poster - WARNING - 모든 페이지에서 리뷰를 찾을 수 없음: 0GRN97
2025-09-23 10:23:52 - backend.core.coupang_reply_poster - WARNING - 리뷰 요소를 찾을 수 없습니다: 0GRN97
2025-09-23 10:23:52 - backend.core.coupang_reply_poster - WARNING - ❌ 리뷰 처리 실패: 0GRN97 - 결과 없음
2025-09-23 10:23:52 - backend.core.coupang_reply_poster - INFO - 🔄 리뷰 처리 시작: 15LGDK (총 처리 중: 17개)
2025-09-23 10:23:52 - backend.core.coupang_reply_poster - INFO - 답글 포스팅 시작: 강** (ID: 15LGDK)
2025-09-23 10:23:52 - backend.core.coupang_reply_poster - INFO - 리뷰 검색 시작: ID=15LGDK, 이름=강**
2025-09-23 10:23:52 - backend.core.coupang_reply_poster - INFO - 페이지 1에서 리뷰 검색 중...
2025-09-23 10:23:52 - backend.core.coupang_reply_poster - INFO - ✅ 리뷰어 이름 정확 매칭 성공: 강**
2025-09-23 10:23:52 - backend.core.coupang_reply_poster - INFO - ⚠️ 교차 검증 실패: 예상 주문번호='15LGDK', 실제='0DB83Zㆍ2025-09-22(주문일)' - 계속 검색
2025-09-23 10:23:52 - backend.core.coupang_reply_poster - INFO - ⚠️ 교차 검증 실패: 예상 주문번호='15LGDK', 실제='0DB83Zㆍ2025-09-22(주문일)' - 계속 검색
2025-09-23 10:23:52 - backend.core.coupang_reply_poster - INFO - ⚠️ 교차 검증 실패: 예상 주문번호='15LGDK', 실제='0DB83Zㆍ2025-09-22(주문일)' - 계속 검색
2025-09-23 10:23:52 - backend.core.coupang_reply_poster - INFO - ⚠️ 교차 검증 실패: 예상 주문번호='15LGDK', 실제='0DB83Zㆍ2025-09-22(주문일)' - 계속 검색
2025-09-23 10:23:52 - backend.core.coupang_reply_poster - INFO - ⚠️ 교차 검증 실패: 예상 주문번호='15LGDK', 실제='0DB83Zㆍ2025-09-22(주문일)' - 계속 검색
2025-09-23 10:23:52 - backend.core.coupang_reply_poster - INFO - ⚠️ 교차 검증 실패: 예상 주문번호='15LGDK', 실제='0DB83Zㆍ2025-09-22(주문일)' - 계속 검색
2025-09-23 10:23:52 - backend.core.coupang_reply_poster - INFO - ⚠️ 교차 검증 실패: 예상 주문번호='15LGDK', 실제='0DB83Zㆍ2025-09-22(주문일)' - 계속 검색
2025-09-23 10:23:52 - backend.core.coupang_reply_poster - INFO - ⚠️ 교차 검증 실패: 예상 주문번호='15LGDK', 실제='0DB83Zㆍ2025-09-22(주문일)' - 계속 검색
2025-09-23 10:23:52 - backend.core.coupang_reply_poster - WARNING - 완전한 컨테이너를 찾지 못함, 리뷰어 요소 반환
2025-09-23 10:23:52 - backend.core.coupang_reply_poster - INFO - ✅ 리뷰 발견: 페이지 1
2025-09-23 10:23:52 - backend.core.coupang_reply_poster - WARNING - 답글 등록/수정 버튼을 찾을 수 없습니다: 15LGDK
2025-09-23 10:23:52 - backend.core.coupang_reply_poster - INFO - 🔍 === 15LGDK 리뷰 요소 내 버튼 디버깅 ===
2025-09-23 10:23:52 - backend.core.coupang_reply_poster - INFO - 🔘 버튼 0개 발견
2025-09-23 10:23:52 - backend.core.coupang_reply_poster - INFO - 🔗 링크 0개 발견
2025-09-23 10:23:52 - backend.core.coupang_reply_poster - INFO - 📄 요소 HTML (처음 500자): <b>강**</b><b>1회 주문</b>...
2025-09-23 10:23:52 - backend.core.coupang_reply_poster - INFO - 재시도 준비 중: 15LGDK
2025-09-23 10:23:52 - backend.core.coupang_reply_poster - INFO - 🔁 재시도 1/2: 15LGDK
2025-09-23 10:23:54 - backend.core.coupang_reply_poster - INFO - 답글 포스팅 시작: 강** (ID: 15LGDK)
2025-09-23 10:23:54 - backend.core.coupang_reply_poster - INFO - 리뷰 검색 시작: ID=15LGDK, 이름=강**
2025-09-23 10:23:54 - backend.core.coupang_reply_poster - INFO - 페이지 1에서 리뷰 검색 중...
2025-09-23 10:23:54 - backend.core.coupang_reply_poster - INFO - ✅ 리뷰어 이름 정확 매칭 성공: 강**
2025-09-23 10:23:54 - backend.core.coupang_reply_poster - INFO - ⚠️ 교차 검증 실패: 예상 주문번호='15LGDK', 실제='0DB83Zㆍ2025-09-22(주문일)' - 계속 검색
2025-09-23 10:23:54 - backend.core.coupang_reply_poster - INFO - ⚠️ 교차 검증 실패: 예상 주문번호='15LGDK', 실제='0DB83Zㆍ2025-09-22(주문일)' - 계속 검색
2025-09-23 10:23:54 - backend.core.coupang_reply_poster - INFO - ⚠️ 교차 검증 실패: 예상 주문번호='15LGDK', 실제='0DB83Zㆍ2025-09-22(주문일)' - 계속 검색
2025-09-23 10:23:54 - backend.core.coupang_reply_poster - INFO - ⚠️ 교차 검증 실패: 예상 주문번호='15LGDK', 실제='0DB83Zㆍ2025-09-22(주문일)' - 계속 검색
2025-09-23 10:23:54 - backend.core.coupang_reply_poster - INFO - ⚠️ 교차 검증 실패: 예상 주문번호='15LGDK', 실제='0DB83Zㆍ2025-09-22(주문일)' - 계속 검색
2025-09-23 10:23:54 - backend.core.coupang_reply_poster - INFO - ⚠️ 교차 검증 실패: 예상 주문번호='15LGDK', 실제='0DB83Zㆍ2025-09-22(주문일)' - 계속 검색
2025-09-23 10:23:54 - backend.core.coupang_reply_poster - INFO - ⚠️ 교차 검증 실패: 예상 주문번호='15LGDK', 실제='0DB83Zㆍ2025-09-22(주문일)' - 계속 검색
2025-09-23 10:23:54 - backend.core.coupang_reply_poster - INFO - ⚠️ 교차 검증 실패: 예상 주문번호='15LGDK', 실제='0DB83Zㆍ2025-09-22(주문일)' - 계속 검색
2025-09-23 10:23:54 - backend.core.coupang_reply_poster - WARNING - 완전한 컨테이너를 찾지 못함, 리뷰어 요소 반환
2025-09-23 10:23:54 - backend.core.coupang_reply_poster - INFO - ✅ 리뷰 발견: 페이지 1
2025-09-23 10:23:54 - backend.core.coupang_reply_poster - WARNING - 답글 등록/수정 버튼을 찾을 수 없습니다: 15LGDK
2025-09-23 10:23:54 - backend.core.coupang_reply_poster - INFO - 🔍 === 15LGDK 리뷰 요소 내 버튼 디버깅 ===
2025-09-23 10:23:54 - backend.core.coupang_reply_poster - INFO - 🔘 버튼 0개 발견
2025-09-23 10:23:54 - backend.core.coupang_reply_poster - INFO - 🔗 링크 0개 발견
2025-09-23 10:23:54 - backend.core.coupang_reply_poster - INFO - 📄 요소 HTML (처음 500자): <b>강**</b><b>1회 주문</b>...
2025-09-23 10:23:54 - backend.core.coupang_reply_poster - INFO - 재시도 준비 중: 15LGDK
2025-09-23 10:23:54 - backend.core.coupang_reply_poster - INFO - 🔁 재시도 2/2: 15LGDK
2025-09-23 10:23:58 - backend.core.coupang_reply_poster - INFO - 답글 포스팅 시작: 강** (ID: 15LGDK)
2025-09-23 10:23:58 - backend.core.coupang_reply_poster - INFO - 리뷰 검색 시작: ID=15LGDK, 이름=강**
2025-09-23 10:23:58 - backend.core.coupang_reply_poster - INFO - 페이지 1에서 리뷰 검색 중...
2025-09-23 10:23:58 - backend.core.coupang_reply_poster - INFO - ✅ 리뷰어 이름 정확 매칭 성공: 강**
2025-09-23 10:23:58 - backend.core.coupang_reply_poster - INFO - ⚠️ 교차 검증 실패: 예상 주문번호='15LGDK', 실제='0DB83Zㆍ2025-09-22(주문일)' - 계속 검색
2025-09-23 10:23:58 - backend.core.coupang_reply_poster - INFO - ⚠️ 교차 검증 실패: 예상 주문번호='15LGDK', 실제='0DB83Zㆍ2025-09-22(주문일)' - 계속 검색
2025-09-23 10:23:58 - backend.core.coupang_reply_poster - INFO - ⚠️ 교차 검증 실패: 예상 주문번호='15LGDK', 실제='0DB83Zㆍ2025-09-22(주문일)' - 계속 검색
2025-09-23 10:23:58 - backend.core.coupang_reply_poster - INFO - ⚠️ 교차 검증 실패: 예상 주문번호='15LGDK', 실제='0DB83Zㆍ2025-09-22(주문일)' - 계속 검색
2025-09-23 10:23:58 - backend.core.coupang_reply_poster - INFO - ⚠️ 교차 검증 실패: 예상 주문번호='15LGDK', 실제='0DB83Zㆍ2025-09-22(주문일)' - 계속 검색
2025-09-23 10:23:58 - backend.core.coupang_reply_poster - INFO - ⚠️ 교차 검증 실패: 예상 주문번호='15LGDK', 실제='0DB83Zㆍ2025-09-22(주문일)' - 계속 검색
2025-09-23 10:23:58 - backend.core.coupang_reply_poster - INFO - ⚠️ 교차 검증 실패: 예상 주문번호='15LGDK', 실제='0DB83Zㆍ2025-09-22(주문일)' - 계속 검색
2025-09-23 10:23:58 - backend.core.coupang_reply_poster - INFO - ⚠️ 교차 검증 실패: 예상 주문번호='15LGDK', 실제='0DB83Zㆍ2025-09-22(주문일)' - 계속 검색
2025-09-23 10:23:58 - backend.core.coupang_reply_poster - WARNING - 완전한 컨테이너를 찾지 못함, 리뷰어 요소 반환
2025-09-23 10:23:58 - backend.core.coupang_reply_poster - INFO - ✅ 리뷰 발견: 페이지 1
2025-09-23 10:23:58 - backend.core.coupang_reply_poster - WARNING - 답글 등록/수정 버튼을 찾을 수 없습니다: 15LGDK
2025-09-23 10:23:58 - backend.core.coupang_reply_poster - INFO - 🔍 === 15LGDK 리뷰 요소 내 버튼 디버깅 ===
2025-09-23 10:23:58 - backend.core.coupang_reply_poster - INFO - 🔘 버튼 0개 발견
2025-09-23 10:23:58 - backend.core.coupang_reply_poster - INFO - 🔗 링크 0개 발견
2025-09-23 10:23:58 - backend.core.coupang_reply_poster - INFO - 📄 요소 HTML (처음 500자): <b>강**</b><b>1회 주문</b>...
2025-09-23 10:23:58 - backend.core.coupang_reply_poster - WARNING - ❌ 리뷰 처리 실패: 15LGDK - 결과 없음
2025-09-23 10:23:58 - backend.core.coupang_reply_poster - INFO - 🔄 리뷰 처리 시작: 01EUJW (총 처리 중: 18개)
2025-09-23 10:23:58 - backend.core.coupang_reply_poster - INFO - 답글 포스팅 시작: 유** (ID: 01EUJW)
2025-09-23 10:23:58 - backend.core.coupang_reply_poster - INFO - 리뷰 검색 시작: ID=01EUJW, 이름=유**
2025-09-23 10:23:58 - backend.core.coupang_reply_poster - INFO - 페이지 1에서 리뷰 검색 중...
2025-09-23 10:23:58 - backend.core.coupang_reply_poster - INFO - === 페이지네이션 분석 시작 ===
2025-09-23 10:23:58 - backend.core.coupang_reply_poster - INFO - 페이지네이션 요소 개수: 40
2025-09-23 10:23:58 - backend.core.coupang_reply_poster - INFO -   버튼 27: 'POS 설치' (class: , data-at: , visible: True, enabled: True)
2025-09-23 10:23:58 - backend.core.coupang_reply_poster - INFO -   버튼 28: '휴대폰 앱 설치' (class: , data-at: , visible: True, enabled: True)
2025-09-23 10:23:59 - backend.core.coupang_reply_poster - INFO -   버튼 29: '약관 및 정책' (class: , data-at: , visible: True, enabled: True)
2025-09-23 10:23:59 - backend.core.coupang_reply_poster - INFO -   버튼 30: 'FAQ 보기' (class: , data-at: , visible: True, enabled: True)
2025-09-23 10:23:59 - backend.core.coupang_reply_poster - INFO -   버튼 36: '' (class: pagination-btn first-page-btn hide-btn, data-at: first-page-btn, visible: False, enabled: True)
2025-09-23 10:23:59 - backend.core.coupang_reply_poster - INFO -   버튼 37: '' (class: pagination-btn prev-btn hide-btn, data-at: prev-btn, visible: False, enabled: True)
2025-09-23 10:23:59 - backend.core.coupang_reply_poster - INFO -   버튼 38: '1' (class: active, data-at: , visible: True, enabled: True)
2025-09-23 10:23:59 - backend.core.coupang_reply_poster - INFO -   버튼 39: '' (class: pagination-btn next-btn hide-btn, data-at: next-btn, visible: False, enabled: True)
2025-09-23 10:23:59 - backend.core.coupang_reply_poster - INFO -   버튼 40: '' (class: pagination-btn last-page-btn hide-btn, data-at: last-page-btn, visible: False, enabled: True)
2025-09-23 10:23:59 - backend.core.coupang_reply_poster - INFO - 현재 페이지: 1
2025-09-23 10:23:59 - backend.core.coupang_reply_poster - INFO - 사용 가능한 페이지들: [1]
2025-09-23 10:23:59 - backend.core.coupang_reply_poster - INFO - 다음 페이지 버튼 사용 가능: False
2025-09-23 10:23:59 - backend.core.coupang_reply_poster - INFO - === 페이지네이션 분석 완료 ===
2025-09-23 10:23:59 - backend.core.coupang_reply_poster - INFO - 더 이상 페이지가 없습니다.
2025-09-23 10:23:59 - backend.core.coupang_reply_poster - INFO - 더 이상 페이지가 없습니다.
2025-09-23 10:23:59 - backend.core.coupang_reply_poster - WARNING - 모든 페이지에서 리뷰를 찾을 수 없음: 01EUJW
2025-09-23 10:23:59 - backend.core.coupang_reply_poster - WARNING - 리뷰 요소를 찾을 수 없습니다: 01EUJW
2025-09-23 10:23:59 - backend.core.coupang_reply_poster - INFO - 재시도 준비 중: 01EUJW
2025-09-23 10:23:59 - backend.core.coupang_reply_poster - INFO - 🔁 재시도 1/2: 01EUJW
2025-09-23 10:24:01 - backend.core.coupang_reply_poster - INFO - 답글 포스팅 시작: 유** (ID: 01EUJW)
2025-09-23 10:24:01 - backend.core.coupang_reply_poster - INFO - 리뷰 검색 시작: ID=01EUJW, 이름=유**
2025-09-23 10:24:01 - backend.core.coupang_reply_poster - INFO - 페이지 1에서 리뷰 검색 중...
2025-09-23 10:24:01 - backend.core.coupang_reply_poster - INFO - === 페이지네이션 분석 시작 ===
2025-09-23 10:24:01 - backend.core.coupang_reply_poster - INFO - 페이지네이션 요소 개수: 40
2025-09-23 10:24:01 - backend.core.coupang_reply_poster - INFO -   버튼 27: 'POS 설치' (class: , data-at: , visible: True, enabled: True)
2025-09-23 10:24:01 - backend.core.coupang_reply_poster - INFO -   버튼 28: '휴대폰 앱 설치' (class: , data-at: , visible: True, enabled: True)
2025-09-23 10:24:01 - backend.core.coupang_reply_poster - INFO -   버튼 29: '약관 및 정책' (class: , data-at: , visible: True, enabled: True)
2025-09-23 10:24:01 - backend.core.coupang_reply_poster - INFO -   버튼 30: 'FAQ 보기' (class: , data-at: , visible: True, enabled: True)
2025-09-23 10:24:01 - backend.core.coupang_reply_poster - INFO -   버튼 36: '' (class: pagination-btn first-page-btn hide-btn, data-at: first-page-btn, visible: False, enabled: True)
2025-09-23 10:24:01 - backend.core.coupang_reply_poster - INFO -   버튼 37: '' (class: pagination-btn prev-btn hide-btn, data-at: prev-btn, visible: False, enabled: True)
2025-09-23 10:24:01 - backend.core.coupang_reply_poster - INFO -   버튼 38: '1' (class: active, data-at: , visible: True, enabled: True)
2025-09-23 10:24:01 - backend.core.coupang_reply_poster - INFO -   버튼 39: '' (class: pagination-btn next-btn hide-btn, data-at: next-btn, visible: False, enabled: True)
2025-09-23 10:24:01 - backend.core.coupang_reply_poster - INFO -   버튼 40: '' (class: pagination-btn last-page-btn hide-btn, data-at: last-page-btn, visible: False, enabled: True)
2025-09-23 10:24:01 - backend.core.coupang_reply_poster - INFO - 현재 페이지: 1
2025-09-23 10:24:01 - backend.core.coupang_reply_poster - INFO - 사용 가능한 페이지들: [1]
2025-09-23 10:24:01 - backend.core.coupang_reply_poster - INFO - 다음 페이지 버튼 사용 가능: False
2025-09-23 10:24:01 - backend.core.coupang_reply_poster - INFO - === 페이지네이션 분석 완료 ===
2025-09-23 10:24:01 - backend.core.coupang_reply_poster - INFO - 더 이상 페이지가 없습니다.
2025-09-23 10:24:01 - backend.core.coupang_reply_poster - INFO - 더 이상 페이지가 없습니다.
2025-09-23 10:24:01 - backend.core.coupang_reply_poster - WARNING - 모든 페이지에서 리뷰를 찾을 수 없음: 01EUJW
2025-09-23 10:24:01 - backend.core.coupang_reply_poster - WARNING - 리뷰 요소를 찾을 수 없습니다: 01EUJW
2025-09-23 10:24:01 - backend.core.coupang_reply_poster - INFO - 재시도 준비 중: 01EUJW
2025-09-23 10:24:01 - backend.core.coupang_reply_poster - INFO - 🔁 재시도 2/2: 01EUJW
2025-09-23 10:24:05 - backend.core.coupang_reply_poster - INFO - 답글 포스팅 시작: 유** (ID: 01EUJW)
2025-09-23 10:24:05 - backend.core.coupang_reply_poster - INFO - 리뷰 검색 시작: ID=01EUJW, 이름=유**
2025-09-23 10:24:05 - backend.core.coupang_reply_poster - INFO - 페이지 1에서 리뷰 검색 중...
2025-09-23 10:24:05 - backend.core.coupang_reply_poster - INFO - === 페이지네이션 분석 시작 ===
2025-09-23 10:24:05 - backend.core.coupang_reply_poster - INFO - 페이지네이션 요소 개수: 40
2025-09-23 10:24:05 - backend.core.coupang_reply_poster - INFO -   버튼 27: 'POS 설치' (class: , data-at: , visible: True, enabled: True)
2025-09-23 10:24:05 - backend.core.coupang_reply_poster - INFO -   버튼 28: '휴대폰 앱 설치' (class: , data-at: , visible: True, enabled: True)
2025-09-23 10:24:05 - backend.core.coupang_reply_poster - INFO -   버튼 29: '약관 및 정책' (class: , data-at: , visible: True, enabled: True)
2025-09-23 10:24:05 - backend.core.coupang_reply_poster - INFO -   버튼 30: 'FAQ 보기' (class: , data-at: , visible: True, enabled: True)
2025-09-23 10:24:05 - backend.core.coupang_reply_poster - INFO -   버튼 36: '' (class: pagination-btn first-page-btn hide-btn, data-at: first-page-btn, visible: False, enabled: True)
2025-09-23 10:24:05 - backend.core.coupang_reply_poster - INFO -   버튼 37: '' (class: pagination-btn prev-btn hide-btn, data-at: prev-btn, visible: False, enabled: True)
2025-09-23 10:24:06 - backend.core.coupang_reply_poster - INFO -   버튼 38: '1' (class: active, data-at: , visible: True, enabled: True)
2025-09-23 10:24:06 - backend.core.coupang_reply_poster - INFO -   버튼 39: '' (class: pagination-btn next-btn hide-btn, data-at: next-btn, visible: False, enabled: True)
2025-09-23 10:24:06 - backend.core.coupang_reply_poster - INFO -   버튼 40: '' (class: pagination-btn last-page-btn hide-btn, data-at: last-page-btn, visible: False, enabled: True)
2025-09-23 10:24:06 - backend.core.coupang_reply_poster - INFO - 현재 페이지: 1
2025-09-23 10:24:06 - backend.core.coupang_reply_poster - INFO - 사용 가능한 페이지들: [1]
2025-09-23 10:24:06 - backend.core.coupang_reply_poster - INFO - 다음 페이지 버튼 사용 가능: False
2025-09-23 10:24:06 - backend.core.coupang_reply_poster - INFO - === 페이지네이션 분석 완료 ===
2025-09-23 10:24:06 - backend.core.coupang_reply_poster - INFO - 더 이상 페이지가 없습니다.
2025-09-23 10:24:06 - backend.core.coupang_reply_poster - INFO - 더 이상 페이지가 없습니다.
2025-09-23 10:24:06 - backend.core.coupang_reply_poster - WARNING - 모든 페이지에서 리뷰를 찾을 수 없음: 01EUJW
2025-09-23 10:24:06 - backend.core.coupang_reply_poster - WARNING - 리뷰 요소를 찾을 수 없습니다: 01EUJW
2025-09-23 10:24:06 - backend.core.coupang_reply_poster - WARNING - ❌ 리뷰 처리 실패: 01EUJW - 결과 없음
2025-09-23 10:29:04 - __main__ - INFO - 요기요 로그인 시작...
2025-09-23 10:29:06 - __main__ - INFO - 로그인 버튼 클릭 성공: button[type="submit"]
2025-09-23 10:29:07 - __main__ - INFO - 로그인 성공 - 페이지 이동 감지
2025-09-23 10:29:07 - __main__ - INFO - 로그인 성공 (URL: https://ceo.yogiyo.co.kr/)
2025-09-23 10:29:07 - __main__ - INFO - 리뷰 페이지로 이동 중...
2025-09-23 10:29:09 - __main__ - INFO - 리뷰 페이지 이동 완료
2025-09-23 10:29:09 - __main__ - INFO - 매장 선택: 1468227
2025-09-23 10:29:09 - __main__ - INFO - 드롭다운 클릭 성공: div.StoreSelector__SelectedStore-sc-1rowjsb-13
2025-09-23 10:29:10 - __main__ - INFO - 매장 선택 완료: 1468227
2025-09-23 10:29:14 - __main__ - INFO - 미답변 탭 클릭 성공: 미답변 (0)
2025-09-23 10:29:14 - __main__ - INFO - 미답변 탭 클릭 완료
2025-09-23 10:29:14 - __main__ - INFO - 스크롤 1/15 진행 중...
2025-09-23 10:29:14 - __main__ - INFO - 리뷰 컨테이너 0개 발견
2025-09-23 10:29:14 - __main__ - INFO - 페이지 추출 완료 - 전체: 0개, 수집: 0개, 답글있어서 스킵: 0개
2025-09-23 10:29:14 - __main__ - INFO - 현재 페이지에서 0개 리뷰 발견
2025-09-23 10:29:14 - __main__ - INFO - 새로 추가된 리뷰: 0개, 총 리뷰: 0개
2025-09-23 10:29:17 - __main__ - INFO - 더 이상 스크롤할 수 없어 수집을 중단합니다.
2025-09-23 10:29:17 - __main__ - INFO - 무한 스크롤 완료 - 총 0개 리뷰 수집
2025-09-23 10:29:19 - __main__ - INFO - 🎭 선택된 User-Agent: Mozilla/5.0 (Windows NT 10.0; Win64; x64) AppleWeb...
2025-09-23 10:29:20 - __main__ - INFO - [Network] 네트워크 인터셉트 활성화
2025-09-23 10:29:20 - __main__ - INFO - 🕵️ 스텔스 모드 로그인 시작...
2025-09-23 10:29:20 - __main__ - INFO - 🔍 로그인 전 브라우저 상태 검증...
2025-09-23 10:29:20 - __main__ - INFO - 페이지 제목: 
2025-09-23 10:29:20 - __main__ - INFO - WebGL 상태: 정상
2025-09-23 10:29:20 - __main__ - INFO - [Network] 네트워크 인터셉트 활성화
2025-09-23 10:29:20 - __main__ - ERROR - [Monitor] ERR 0.22s Unexpected token ';'
2025-09-23 10:29:20 - __main__ - ERROR - [Monitor] ERR 0.22s Unexpected token ';'
2025-09-23 10:29:21 - __main__ - ERROR - [Monitor] ERR 1.48s Unexpected token ';'
2025-09-23 10:29:21 - __main__ - ERROR - [Monitor] ERR 1.48s Unexpected token ';'
2025-09-23 10:29:26 - __main__ - INFO - [Monitor] 📋 클립보드 로그인 시작...
2025-09-23 10:29:26 - __main__ - INFO - [Monitor] ID 필드 랜덤 클릭: (932.7, 218.4)
2025-09-23 10:30:02 - backend.core.coupang_reply_poster - INFO - ⏰ 현재 시각: 2025-09-23T10:30:02.149562
2025-09-23 10:30:02 - backend.core.coupang_reply_poster - INFO - ✅ 답글 등록 시간 도달: 193S0P (예정: 2025-09-22T00:00:00)
2025-09-23 10:30:02 - backend.core.coupang_reply_poster - INFO - ✅ 답글 등록 시간 도달: 13UJ8K (예정: 2025-09-22T00:00:00)
2025-09-23 10:30:02 - backend.core.coupang_reply_poster - INFO - ✅ 답글 등록 시간 도달: 00YSBK (예정: 2025-09-23T00:00:00)
2025-09-23 10:30:02 - backend.core.coupang_reply_poster - INFO - ✅ 답글 등록 시간 도달: 06VGUH (예정: 2025-09-23T00:00:00)
2025-09-23 10:30:02 - backend.core.coupang_reply_poster - INFO - ✅ 답글 등록 시간 도달: 2HK1N7 (예정: 2025-09-23T00:00:00)
2025-09-23 10:30:02 - backend.core.coupang_reply_poster - INFO - ✅ 답글 등록 시간 도달: 0T3UD7 (예정: 2025-09-23T00:00:00)
2025-09-23 10:30:02 - backend.core.coupang_reply_poster - INFO - ✅ 답글 등록 시간 도달: 1TCZWN (예정: 2025-09-23T00:00:00)
2025-09-23 10:30:02 - backend.core.coupang_reply_poster - INFO - ✅ 답글 등록 시간 도달: 06G5G0 (예정: 2025-09-23T00:00:00)
2025-09-23 10:30:02 - backend.core.coupang_reply_poster - INFO - ✅ 답글 등록 시간 도달: 1UA98S (예정: 2025-09-23T00:00:00)
2025-09-23 10:30:02 - backend.core.coupang_reply_poster - INFO - ✅ 답글 등록 시간 도달: 0T7FTR (예정: 2025-09-23T00:00:00)
2025-09-23 10:30:02 - backend.core.coupang_reply_poster - INFO - ✅ 답글 등록 시간 도달: 000MV5 (예정: 2025-09-23T00:00:00)
2025-09-23 10:30:02 - backend.core.coupang_reply_poster - INFO - ✅ 답글 등록 시간 도달: 0W6WAR (예정: 2025-09-23T00:00:00)
2025-09-23 10:30:02 - backend.core.coupang_reply_poster - INFO - ✅ 답글 등록 시간 도달: 0G437V (예정: 2025-09-23T00:00:00)
2025-09-23 10:30:02 - backend.core.coupang_reply_poster - INFO - ✅ 답글 등록 시간 도달: 17KVRU (예정: 2025-09-23T00:00:00)
2025-09-23 10:30:02 - backend.core.coupang_reply_poster - INFO - ⏳ 답글 등록 대기: 0DB83Z (남은 시간: 13:29:57.850438)
2025-09-23 10:30:02 - backend.core.coupang_reply_poster - INFO - ✅ 답글 등록 시간 도달: 0GRN97 (예정: 2025-09-23T00:00:00)
2025-09-23 10:30:02 - backend.core.coupang_reply_poster - INFO - ✅ 답글 등록 시간 도달: 15LGDK (예정: 2025-09-23T00:00:00)
2025-09-23 10:30:02 - backend.core.coupang_reply_poster - INFO - ✅ 답글 등록 시간 도달: 01EUJW (예정: 2025-09-23T00:00:00)
2025-09-23 10:30:02 - backend.core.coupang_reply_poster - INFO - ✅ 답글 등록 시간 도달: 0A6JAY (예정: 2025-09-23T00:00:00)
2025-09-23 10:30:02 - backend.core.coupang_reply_poster - INFO - 📋 schedulable_reply_date 필터링 결과:
2025-09-23 10:30:02 - backend.core.coupang_reply_poster - INFO -     - 전체 조회: 19개
2025-09-23 10:30:02 - backend.core.coupang_reply_poster - INFO -     - 즉시 처리: 18개
2025-09-23 10:30:02 - backend.core.coupang_reply_poster - INFO -     - 예약 대기: 1개
2025-09-23 10:30:02 - backend.core.coupang_reply_poster - INFO - 답글이 필요한 리뷰: 18개
2025-09-23 10:30:02 - backend.core.coupang_reply_poster - INFO - 🛡️ 중복 방지 시스템 활성화 - 현재 세션 리뷰 목록 저장 완료
2025-09-23 10:30:02 - backend.core.coupang_reply_poster - INFO - 🌐 연결 방식: 직접 연결 (프록시 비활성화)
2025-09-23 10:30:02 - backend.core.coupang_reply_poster - INFO - 🎭 User-Agent: 브라우저 기본값 사용
2025-09-23 10:30:03 - backend.core.coupang_reply_poster - INFO - 로그인 시도 1/5
2025-09-23 10:30:03 - backend.core.coupang_reply_poster - INFO - 🚀 Enhanced 쿠팡잇츠 로그인 시작...
2025-09-23 10:30:03 - backend.core.coupang_reply_poster - INFO - 로그인 페이지로 이동 중...
2025-09-23 10:30:07 - backend.core.coupang_reply_poster - INFO - [ReplyPoster] 📋 클립보드 로그인 시작...
2025-09-23 10:30:07 - backend.core.coupang_reply_poster - INFO - [ReplyPoster] ID 입력 완료
2025-09-23 10:30:07 - backend.core.coupang_reply_poster - INFO - [ReplyPoster] PW 입력 완료
2025-09-23 10:30:07 - backend.core.coupang_reply_poster - INFO - [ReplyPoster] 🎯 로그인 버튼 클릭...
2025-09-23 10:30:08 - backend.core.coupang_reply_poster - INFO - [ReplyPoster] ✅ 랜덤 위치 클릭: (702.1, 416.1)
2025-09-23 10:30:08 - backend.core.coupang_reply_poster - INFO - [ReplyPoster] 🚀 로그인 버튼 클릭 완료 - 응답 대기 시작
2025-09-23 10:30:08 - backend.core.coupang_reply_poster - INFO - [ReplyPoster] 빠른 실패 감지 중 (3초)...
2025-09-23 10:30:09 - backend.core.coupang_reply_poster - INFO - [ReplyPoster] URL 변경 감지! 성공 가능성 있음: https://store.coupangeats.com/merchant/management
2025-09-23 10:30:09 - backend.core.coupang_reply_poster - INFO - [ReplyPoster] 로그인 후 최종 URL: https://store.coupangeats.com/merchant/management
2025-09-23 10:30:09 - backend.core.coupang_reply_poster - INFO - [ReplyPoster] 로그인 성공 (URL 기준)
2025-09-23 10:30:09 - backend.core.coupang_reply_poster - INFO - 🎉 로그인 성공! (시도 1번째)
2025-09-23 10:30:09 - backend.core.coupang_reply_poster - INFO - 리뷰 페이지로 이동...
2025-09-23 10:30:12 - backend.core.coupang_reply_poster - INFO - 리뷰 페이지 이동 완료
2025-09-23 10:30:13 - backend.core.coupang_reply_poster - INFO - 모달 창 탐지 및 닫기 시작...
2025-09-23 10:30:13 - backend.core.coupang_reply_poster - INFO - 셀레니움 검증된 버튼 없음 - 다른 방법 시도
2025-09-23 10:30:13 - backend.core.coupang_reply_poster - INFO - ESC 키로 모달 닫기 시도...
2025-09-23 10:30:14 - backend.core.coupang_reply_poster - INFO - 빈 공간 클릭 시도...
2025-09-23 10:30:15 - backend.core.coupang_reply_poster - INFO - 기본 모달 닫기 시도 완료
2025-09-23 10:30:15 - backend.core.coupang_reply_poster - INFO - ✅ 모달 창 닫기 성공: button:has(svg)
2025-09-23 10:30:17 - backend.core.coupang_reply_poster - INFO - 모달 창 탐지 및 닫기 시작...
2025-09-23 10:30:17 - backend.core.coupang_reply_poster - INFO - 셀레니움 검증된 버튼 없음 - 다른 방법 시도
2025-09-23 10:30:17 - backend.core.coupang_reply_poster - INFO - ESC 키로 모달 닫기 시도...
2025-09-23 10:30:18 - backend.core.coupang_reply_poster - INFO - 빈 공간 클릭 시도...
2025-09-23 10:30:19 - backend.core.coupang_reply_poster - INFO - 기본 모달 닫기 시도 완료
2025-09-23 10:30:19 - backend.core.coupang_reply_poster - INFO - ✅ 모달 창 닫기 성공: button:has(svg)
2025-09-23 10:30:22 - backend.core.coupang_reply_poster - INFO - 모달 창 탐지 및 닫기 시작...
2025-09-23 10:30:22 - backend.core.coupang_reply_poster - INFO - 셀레니움 검증된 버튼 없음 - 다른 방법 시도
2025-09-23 10:30:22 - backend.core.coupang_reply_poster - INFO - ESC 키로 모달 닫기 시도...
2025-09-23 10:30:23 - backend.core.coupang_reply_poster - INFO - 빈 공간 클릭 시도...
2025-09-23 10:30:24 - backend.core.coupang_reply_poster - INFO - 기본 모달 닫기 시도 완료
2025-09-23 10:30:24 - backend.core.coupang_reply_poster - INFO - ✅ 모달 창 닫기 성공: button:has(svg)
2025-09-23 10:30:25 - backend.core.coupang_reply_poster - INFO - 모달 창 탐지 및 닫기 시작...
2025-09-23 10:30:25 - backend.core.coupang_reply_poster - INFO - 셀레니움 검증된 버튼 없음 - 다른 방법 시도
2025-09-23 10:30:25 - backend.core.coupang_reply_poster - INFO - ESC 키로 모달 닫기 시도...
2025-09-23 10:30:26 - backend.core.coupang_reply_poster - INFO - 빈 공간 클릭 시도...
2025-09-23 10:30:27 - backend.core.coupang_reply_poster - INFO - 기본 모달 닫기 시도 완료
2025-09-23 10:30:27 - backend.core.coupang_reply_poster - INFO - ✅ 모달 창 닫기 성공: button:has(svg)
2025-09-23 10:30:28 - backend.core.coupang_reply_poster - INFO - 매장 선택: 796094
2025-09-23 10:30:30 - backend.core.coupang_reply_poster - INFO - 매장 선택 완료: 큰손닭강정 직영점(796094)
2025-09-23 10:30:31 - backend.core.coupang_reply_poster - INFO - 날짜 필터 적용: 최근 7일
2025-09-23 10:30:31 - backend.core.coupang_reply_poster - INFO - 날짜 드롭다운 발견: .css-1rkgd7l.eylfi1j5
2025-09-23 10:30:33 - backend.core.coupang_reply_poster - INFO - 날짜 라디오 버튼 발견 (보임): label:has(input[type="radio"][value="1"])
2025-09-23 10:30:33 - backend.core.coupang_reply_poster - INFO - ✅ 최근 1주일 선택 클릭 성공
2025-09-23 10:30:35 - backend.core.coupang_reply_poster - INFO - 미답변 탭 클릭
2025-09-23 10:30:35 - backend.core.coupang_reply_poster - INFO - 미답변 탭 발견: strong:has-text("미답변")
2025-09-23 10:30:35 - backend.core.coupang_reply_poster - INFO - ✅ 미답변 탭 클릭 성공
2025-09-23 10:30:38 - backend.core.coupang_reply_poster - INFO - 🔄 리뷰 처리 시작: 193S0P (총 처리 중: 1개)
2025-09-23 10:30:38 - backend.core.coupang_reply_poster - INFO - 답글 포스팅 시작: 김** (ID: 193S0P)
2025-09-23 10:30:38 - backend.core.coupang_reply_poster - INFO - 리뷰 검색 시작: ID=193S0P, 이름=김**
2025-09-23 10:30:38 - backend.core.coupang_reply_poster - INFO - 페이지 1에서 리뷰 검색 중...
2025-09-23 10:30:38 - backend.core.coupang_reply_poster - INFO - ✅ 리뷰어 이름 정확 매칭 성공: 김**
2025-09-23 10:30:38 - backend.core.coupang_reply_poster - INFO - ⚠️ 교차 검증 실패: 예상 주문번호='193S0P', 실제='0T7FTRㆍ2025-09-22(주문일)' - 계속 검색
2025-09-23 10:30:38 - backend.core.coupang_reply_poster - INFO - ⚠️ 교차 검증 실패: 예상 주문번호='193S0P', 실제='0T7FTRㆍ2025-09-22(주문일)' - 계속 검색
2025-09-23 10:30:38 - backend.core.coupang_reply_poster - INFO - ⚠️ 교차 검증 실패: 예상 주문번호='193S0P', 실제='0T7FTRㆍ2025-09-22(주문일)' - 계속 검색
2025-09-23 10:30:38 - backend.core.coupang_reply_poster - INFO - ⚠️ 교차 검증 실패: 예상 주문번호='193S0P', 실제='0T7FTRㆍ2025-09-22(주문일)' - 계속 검색
2025-09-23 10:30:38 - backend.core.coupang_reply_poster - INFO - ⚠️ 교차 검증 실패: 예상 주문번호='193S0P', 실제='0T7FTRㆍ2025-09-22(주문일)' - 계속 검색
2025-09-23 10:30:38 - backend.core.coupang_reply_poster - INFO - ⚠️ 교차 검증 실패: 예상 주문번호='193S0P', 실제='0T7FTRㆍ2025-09-22(주문일)' - 계속 검색
2025-09-23 10:30:38 - backend.core.coupang_reply_poster - INFO - ⚠️ 교차 검증 실패: 예상 주문번호='193S0P', 실제='0T7FTRㆍ2025-09-22(주문일)' - 계속 검색
2025-09-23 10:30:38 - backend.core.coupang_reply_poster - INFO - ⚠️ 교차 검증 실패: 예상 주문번호='193S0P', 실제='0T7FTRㆍ2025-09-22(주문일)' - 계속 검색
2025-09-23 10:30:38 - backend.core.coupang_reply_poster - WARNING - 완전한 컨테이너를 찾지 못함, 리뷰어 요소 반환
2025-09-23 10:30:38 - backend.core.coupang_reply_poster - INFO - ✅ 리뷰 발견: 페이지 1
2025-09-23 10:30:38 - backend.core.coupang_reply_poster - WARNING - 답글 등록/수정 버튼을 찾을 수 없습니다: 193S0P
2025-09-23 10:30:38 - backend.core.coupang_reply_poster - INFO - 🔍 === 193S0P 리뷰 요소 내 버튼 디버깅 ===
2025-09-23 10:30:38 - backend.core.coupang_reply_poster - INFO - 🔘 버튼 0개 발견
2025-09-23 10:30:38 - backend.core.coupang_reply_poster - INFO - 🔗 링크 0개 발견
2025-09-23 10:30:38 - backend.core.coupang_reply_poster - INFO - 📄 요소 HTML (처음 500자): <b>김**</b><b>1회 주문</b>...
2025-09-23 10:30:38 - backend.core.coupang_reply_poster - INFO - 재시도 준비 중: 193S0P
2025-09-23 10:30:38 - backend.core.coupang_reply_poster - INFO - 🔁 재시도 1/2: 193S0P
2025-09-23 10:30:40 - backend.core.coupang_reply_poster - INFO - 답글 포스팅 시작: 김** (ID: 193S0P)
2025-09-23 10:30:40 - backend.core.coupang_reply_poster - INFO - 리뷰 검색 시작: ID=193S0P, 이름=김**
2025-09-23 10:30:40 - backend.core.coupang_reply_poster - INFO - 페이지 1에서 리뷰 검색 중...
2025-09-23 10:30:40 - backend.core.coupang_reply_poster - INFO - ✅ 리뷰어 이름 정확 매칭 성공: 김**
2025-09-23 10:30:40 - backend.core.coupang_reply_poster - INFO - ⚠️ 교차 검증 실패: 예상 주문번호='193S0P', 실제='0T7FTRㆍ2025-09-22(주문일)' - 계속 검색
2025-09-23 10:30:40 - backend.core.coupang_reply_poster - INFO - ⚠️ 교차 검증 실패: 예상 주문번호='193S0P', 실제='0T7FTRㆍ2025-09-22(주문일)' - 계속 검색
2025-09-23 10:30:40 - backend.core.coupang_reply_poster - INFO - ⚠️ 교차 검증 실패: 예상 주문번호='193S0P', 실제='0T7FTRㆍ2025-09-22(주문일)' - 계속 검색
2025-09-23 10:30:40 - backend.core.coupang_reply_poster - INFO - ⚠️ 교차 검증 실패: 예상 주문번호='193S0P', 실제='0T7FTRㆍ2025-09-22(주문일)' - 계속 검색
2025-09-23 10:30:40 - backend.core.coupang_reply_poster - INFO - ⚠️ 교차 검증 실패: 예상 주문번호='193S0P', 실제='0T7FTRㆍ2025-09-22(주문일)' - 계속 검색
2025-09-23 10:30:40 - backend.core.coupang_reply_poster - INFO - ⚠️ 교차 검증 실패: 예상 주문번호='193S0P', 실제='0T7FTRㆍ2025-09-22(주문일)' - 계속 검색
2025-09-23 10:30:40 - backend.core.coupang_reply_poster - INFO - ⚠️ 교차 검증 실패: 예상 주문번호='193S0P', 실제='0T7FTRㆍ2025-09-22(주문일)' - 계속 검색
2025-09-23 10:30:40 - backend.core.coupang_reply_poster - INFO - ⚠️ 교차 검증 실패: 예상 주문번호='193S0P', 실제='0T7FTRㆍ2025-09-22(주문일)' - 계속 검색
2025-09-23 10:30:40 - backend.core.coupang_reply_poster - WARNING - 완전한 컨테이너를 찾지 못함, 리뷰어 요소 반환
2025-09-23 10:30:40 - backend.core.coupang_reply_poster - INFO - ✅ 리뷰 발견: 페이지 1
2025-09-23 10:30:40 - backend.core.coupang_reply_poster - WARNING - 답글 등록/수정 버튼을 찾을 수 없습니다: 193S0P
2025-09-23 10:30:40 - backend.core.coupang_reply_poster - INFO - 🔍 === 193S0P 리뷰 요소 내 버튼 디버깅 ===
2025-09-23 10:30:40 - backend.core.coupang_reply_poster - INFO - 🔘 버튼 0개 발견
2025-09-23 10:30:40 - backend.core.coupang_reply_poster - INFO - 🔗 링크 0개 발견
2025-09-23 10:30:40 - backend.core.coupang_reply_poster - INFO - 📄 요소 HTML (처음 500자): <b>김**</b><b>1회 주문</b>...
2025-09-23 10:30:40 - backend.core.coupang_reply_poster - INFO - 재시도 준비 중: 193S0P
2025-09-23 10:30:40 - backend.core.coupang_reply_poster - INFO - 🔁 재시도 2/2: 193S0P
2025-09-23 10:30:44 - backend.core.coupang_reply_poster - INFO - 답글 포스팅 시작: 김** (ID: 193S0P)
2025-09-23 10:30:44 - backend.core.coupang_reply_poster - INFO - 리뷰 검색 시작: ID=193S0P, 이름=김**
2025-09-23 10:30:44 - backend.core.coupang_reply_poster - INFO - 페이지 1에서 리뷰 검색 중...
2025-09-23 10:30:44 - backend.core.coupang_reply_poster - INFO - ✅ 리뷰어 이름 정확 매칭 성공: 김**
2025-09-23 10:30:44 - backend.core.coupang_reply_poster - INFO - ⚠️ 교차 검증 실패: 예상 주문번호='193S0P', 실제='0T7FTRㆍ2025-09-22(주문일)' - 계속 검색
2025-09-23 10:30:44 - backend.core.coupang_reply_poster - INFO - ⚠️ 교차 검증 실패: 예상 주문번호='193S0P', 실제='0T7FTRㆍ2025-09-22(주문일)' - 계속 검색
2025-09-23 10:30:44 - backend.core.coupang_reply_poster - INFO - ⚠️ 교차 검증 실패: 예상 주문번호='193S0P', 실제='0T7FTRㆍ2025-09-22(주문일)' - 계속 검색
2025-09-23 10:30:44 - backend.core.coupang_reply_poster - INFO - ⚠️ 교차 검증 실패: 예상 주문번호='193S0P', 실제='0T7FTRㆍ2025-09-22(주문일)' - 계속 검색
2025-09-23 10:30:44 - backend.core.coupang_reply_poster - INFO - ⚠️ 교차 검증 실패: 예상 주문번호='193S0P', 실제='0T7FTRㆍ2025-09-22(주문일)' - 계속 검색
2025-09-23 10:30:44 - backend.core.coupang_reply_poster - INFO - ⚠️ 교차 검증 실패: 예상 주문번호='193S0P', 실제='0T7FTRㆍ2025-09-22(주문일)' - 계속 검색
2025-09-23 10:30:44 - backend.core.coupang_reply_poster - INFO - ⚠️ 교차 검증 실패: 예상 주문번호='193S0P', 실제='0T7FTRㆍ2025-09-22(주문일)' - 계속 검색
2025-09-23 10:30:44 - backend.core.coupang_reply_poster - INFO - ⚠️ 교차 검증 실패: 예상 주문번호='193S0P', 실제='0T7FTRㆍ2025-09-22(주문일)' - 계속 검색
2025-09-23 10:30:44 - backend.core.coupang_reply_poster - WARNING - 완전한 컨테이너를 찾지 못함, 리뷰어 요소 반환
2025-09-23 10:30:44 - backend.core.coupang_reply_poster - INFO - ✅ 리뷰 발견: 페이지 1
2025-09-23 10:30:45 - backend.core.coupang_reply_poster - WARNING - 답글 등록/수정 버튼을 찾을 수 없습니다: 193S0P
2025-09-23 10:30:45 - backend.core.coupang_reply_poster - INFO - 🔍 === 193S0P 리뷰 요소 내 버튼 디버깅 ===
2025-09-23 10:30:45 - backend.core.coupang_reply_poster - INFO - 🔘 버튼 0개 발견
2025-09-23 10:30:45 - backend.core.coupang_reply_poster - INFO - 🔗 링크 0개 발견
2025-09-23 10:30:45 - backend.core.coupang_reply_poster - INFO - 📄 요소 HTML (처음 500자): <b>김**</b><b>1회 주문</b>...
2025-09-23 10:30:45 - backend.core.coupang_reply_poster - WARNING - ❌ 리뷰 처리 실패: 193S0P - 결과 없음
2025-09-23 10:30:45 - backend.core.coupang_reply_poster - INFO - 🔄 리뷰 처리 시작: 13UJ8K (총 처리 중: 2개)
2025-09-23 10:30:45 - backend.core.coupang_reply_poster - INFO - 답글 포스팅 시작: 이** (ID: 13UJ8K)
2025-09-23 10:30:45 - backend.core.coupang_reply_poster - INFO - 리뷰 검색 시작: ID=13UJ8K, 이름=이**
2025-09-23 10:30:45 - backend.core.coupang_reply_poster - INFO - 페이지 1에서 리뷰 검색 중...
2025-09-23 10:30:45 - backend.core.coupang_reply_poster - INFO - ✅ 리뷰어 이름 정확 매칭 성공: 이**
2025-09-23 10:30:45 - backend.core.coupang_reply_poster - INFO - ⚠️ 교차 검증 실패: 예상 주문번호='13UJ8K', 실제='06G5G0ㆍ2025-09-22(주문일)' - 계속 검색
2025-09-23 10:30:45 - backend.core.coupang_reply_poster - INFO - ⚠️ 교차 검증 실패: 예상 주문번호='13UJ8K', 실제='06G5G0ㆍ2025-09-22(주문일)' - 계속 검색
2025-09-23 10:30:45 - backend.core.coupang_reply_poster - INFO - ⚠️ 교차 검증 실패: 예상 주문번호='13UJ8K', 실제='06G5G0ㆍ2025-09-22(주문일)' - 계속 검색
2025-09-23 10:30:45 - backend.core.coupang_reply_poster - INFO - ⚠️ 교차 검증 실패: 예상 주문번호='13UJ8K', 실제='06G5G0ㆍ2025-09-22(주문일)' - 계속 검색
2025-09-23 10:30:45 - backend.core.coupang_reply_poster - INFO - ⚠️ 교차 검증 실패: 예상 주문번호='13UJ8K', 실제='06G5G0ㆍ2025-09-22(주문일)' - 계속 검색
2025-09-23 10:30:45 - backend.core.coupang_reply_poster - INFO - ⚠️ 교차 검증 실패: 예상 주문번호='13UJ8K', 실제='06G5G0ㆍ2025-09-22(주문일)' - 계속 검색
2025-09-23 10:30:45 - backend.core.coupang_reply_poster - INFO - ⚠️ 교차 검증 실패: 예상 주문번호='13UJ8K', 실제='06G5G0ㆍ2025-09-22(주문일)' - 계속 검색
2025-09-23 10:30:45 - backend.core.coupang_reply_poster - INFO - ⚠️ 교차 검증 실패: 예상 주문번호='13UJ8K', 실제='06G5G0ㆍ2025-09-22(주문일)' - 계속 검색
2025-09-23 10:30:45 - backend.core.coupang_reply_poster - WARNING - 완전한 컨테이너를 찾지 못함, 리뷰어 요소 반환
2025-09-23 10:30:45 - backend.core.coupang_reply_poster - INFO - ✅ 리뷰 발견: 페이지 1
2025-09-23 10:30:45 - backend.core.coupang_reply_poster - WARNING - 답글 등록/수정 버튼을 찾을 수 없습니다: 13UJ8K
2025-09-23 10:30:45 - backend.core.coupang_reply_poster - INFO - 🔍 === 13UJ8K 리뷰 요소 내 버튼 디버깅 ===
2025-09-23 10:30:45 - backend.core.coupang_reply_poster - INFO - 🔘 버튼 0개 발견
2025-09-23 10:30:45 - backend.core.coupang_reply_poster - INFO - 🔗 링크 0개 발견
2025-09-23 10:30:45 - backend.core.coupang_reply_poster - INFO - 📄 요소 HTML (처음 500자): <b>이**</b><b>1회 주문</b>...
2025-09-23 10:30:45 - backend.core.coupang_reply_poster - INFO - 재시도 준비 중: 13UJ8K
2025-09-23 10:30:45 - backend.core.coupang_reply_poster - INFO - 🔁 재시도 1/2: 13UJ8K
2025-09-23 10:30:47 - backend.core.coupang_reply_poster - INFO - 답글 포스팅 시작: 이** (ID: 13UJ8K)
2025-09-23 10:30:47 - backend.core.coupang_reply_poster - INFO - 리뷰 검색 시작: ID=13UJ8K, 이름=이**
2025-09-23 10:30:47 - backend.core.coupang_reply_poster - INFO - 페이지 1에서 리뷰 검색 중...
2025-09-23 10:30:47 - backend.core.coupang_reply_poster - INFO - ✅ 리뷰어 이름 정확 매칭 성공: 이**
2025-09-23 10:30:47 - backend.core.coupang_reply_poster - INFO - ⚠️ 교차 검증 실패: 예상 주문번호='13UJ8K', 실제='06G5G0ㆍ2025-09-22(주문일)' - 계속 검색
2025-09-23 10:30:47 - backend.core.coupang_reply_poster - INFO - ⚠️ 교차 검증 실패: 예상 주문번호='13UJ8K', 실제='06G5G0ㆍ2025-09-22(주문일)' - 계속 검색
2025-09-23 10:30:47 - backend.core.coupang_reply_poster - INFO - ⚠️ 교차 검증 실패: 예상 주문번호='13UJ8K', 실제='06G5G0ㆍ2025-09-22(주문일)' - 계속 검색
2025-09-23 10:30:47 - backend.core.coupang_reply_poster - INFO - ⚠️ 교차 검증 실패: 예상 주문번호='13UJ8K', 실제='06G5G0ㆍ2025-09-22(주문일)' - 계속 검색
2025-09-23 10:30:47 - backend.core.coupang_reply_poster - INFO - ⚠️ 교차 검증 실패: 예상 주문번호='13UJ8K', 실제='06G5G0ㆍ2025-09-22(주문일)' - 계속 검색
2025-09-23 10:30:47 - backend.core.coupang_reply_poster - INFO - ⚠️ 교차 검증 실패: 예상 주문번호='13UJ8K', 실제='06G5G0ㆍ2025-09-22(주문일)' - 계속 검색
2025-09-23 10:30:47 - backend.core.coupang_reply_poster - INFO - ⚠️ 교차 검증 실패: 예상 주문번호='13UJ8K', 실제='06G5G0ㆍ2025-09-22(주문일)' - 계속 검색
2025-09-23 10:30:47 - backend.core.coupang_reply_poster - INFO - ⚠️ 교차 검증 실패: 예상 주문번호='13UJ8K', 실제='06G5G0ㆍ2025-09-22(주문일)' - 계속 검색
2025-09-23 10:30:47 - backend.core.coupang_reply_poster - WARNING - 완전한 컨테이너를 찾지 못함, 리뷰어 요소 반환
2025-09-23 10:30:47 - backend.core.coupang_reply_poster - INFO - ✅ 리뷰 발견: 페이지 1
2025-09-23 10:30:47 - backend.core.coupang_reply_poster - WARNING - 답글 등록/수정 버튼을 찾을 수 없습니다: 13UJ8K
2025-09-23 10:30:47 - backend.core.coupang_reply_poster - INFO - 🔍 === 13UJ8K 리뷰 요소 내 버튼 디버깅 ===
2025-09-23 10:30:47 - backend.core.coupang_reply_poster - INFO - 🔘 버튼 0개 발견
2025-09-23 10:30:47 - backend.core.coupang_reply_poster - INFO - 🔗 링크 0개 발견
2025-09-23 10:30:47 - backend.core.coupang_reply_poster - INFO - 📄 요소 HTML (처음 500자): <b>이**</b><b>1회 주문</b>...
2025-09-23 10:30:47 - backend.core.coupang_reply_poster - INFO - 재시도 준비 중: 13UJ8K
2025-09-23 10:30:47 - backend.core.coupang_reply_poster - INFO - 🔁 재시도 2/2: 13UJ8K
2025-09-23 10:30:51 - backend.core.coupang_reply_poster - INFO - 답글 포스팅 시작: 이** (ID: 13UJ8K)
2025-09-23 10:30:51 - backend.core.coupang_reply_poster - INFO - 리뷰 검색 시작: ID=13UJ8K, 이름=이**
2025-09-23 10:30:51 - backend.core.coupang_reply_poster - INFO - 페이지 1에서 리뷰 검색 중...
2025-09-23 10:30:51 - backend.core.coupang_reply_poster - INFO - ✅ 리뷰어 이름 정확 매칭 성공: 이**
2025-09-23 10:30:51 - backend.core.coupang_reply_poster - INFO - ⚠️ 교차 검증 실패: 예상 주문번호='13UJ8K', 실제='06G5G0ㆍ2025-09-22(주문일)' - 계속 검색
2025-09-23 10:30:51 - backend.core.coupang_reply_poster - INFO - ⚠️ 교차 검증 실패: 예상 주문번호='13UJ8K', 실제='06G5G0ㆍ2025-09-22(주문일)' - 계속 검색
2025-09-23 10:30:51 - backend.core.coupang_reply_poster - INFO - ⚠️ 교차 검증 실패: 예상 주문번호='13UJ8K', 실제='06G5G0ㆍ2025-09-22(주문일)' - 계속 검색
2025-09-23 10:30:51 - backend.core.coupang_reply_poster - INFO - ⚠️ 교차 검증 실패: 예상 주문번호='13UJ8K', 실제='06G5G0ㆍ2025-09-22(주문일)' - 계속 검색
2025-09-23 10:30:51 - backend.core.coupang_reply_poster - INFO - ⚠️ 교차 검증 실패: 예상 주문번호='13UJ8K', 실제='06G5G0ㆍ2025-09-22(주문일)' - 계속 검색
2025-09-23 10:30:51 - backend.core.coupang_reply_poster - INFO - ⚠️ 교차 검증 실패: 예상 주문번호='13UJ8K', 실제='06G5G0ㆍ2025-09-22(주문일)' - 계속 검색
2025-09-23 10:30:51 - backend.core.coupang_reply_poster - INFO - ⚠️ 교차 검증 실패: 예상 주문번호='13UJ8K', 실제='06G5G0ㆍ2025-09-22(주문일)' - 계속 검색
2025-09-23 10:30:51 - backend.core.coupang_reply_poster - INFO - ⚠️ 교차 검증 실패: 예상 주문번호='13UJ8K', 실제='06G5G0ㆍ2025-09-22(주문일)' - 계속 검색
2025-09-23 10:30:51 - backend.core.coupang_reply_poster - WARNING - 완전한 컨테이너를 찾지 못함, 리뷰어 요소 반환
2025-09-23 10:30:51 - backend.core.coupang_reply_poster - INFO - ✅ 리뷰 발견: 페이지 1
2025-09-23 10:30:51 - backend.core.coupang_reply_poster - WARNING - 답글 등록/수정 버튼을 찾을 수 없습니다: 13UJ8K
2025-09-23 10:30:51 - backend.core.coupang_reply_poster - INFO - 🔍 === 13UJ8K 리뷰 요소 내 버튼 디버깅 ===
2025-09-23 10:30:51 - backend.core.coupang_reply_poster - INFO - 🔘 버튼 0개 발견
2025-09-23 10:30:51 - backend.core.coupang_reply_poster - INFO - 🔗 링크 0개 발견
2025-09-23 10:30:51 - backend.core.coupang_reply_poster - INFO - 📄 요소 HTML (처음 500자): <b>이**</b><b>1회 주문</b>...
2025-09-23 10:30:51 - backend.core.coupang_reply_poster - WARNING - ❌ 리뷰 처리 실패: 13UJ8K - 결과 없음
2025-09-23 10:30:51 - backend.core.coupang_reply_poster - INFO - 🔄 리뷰 처리 시작: 00YSBK (총 처리 중: 3개)
2025-09-23 10:30:51 - backend.core.coupang_reply_poster - INFO - 답글 포스팅 시작: 김** (ID: 00YSBK)
2025-09-23 10:30:51 - backend.core.coupang_reply_poster - INFO - 리뷰 검색 시작: ID=00YSBK, 이름=김**
2025-09-23 10:30:51 - backend.core.coupang_reply_poster - INFO - 페이지 1에서 리뷰 검색 중...
2025-09-23 10:30:51 - backend.core.coupang_reply_poster - INFO - ✅ 주문번호 정확 매칭 성공: 00YSBK
2025-09-23 10:30:51 - backend.core.coupang_reply_poster - INFO - ✅ 테이블 행에서 답글 버튼 발견! (레벨 4)
2025-09-23 10:30:51 - backend.core.coupang_reply_poster - INFO - ✅ 리뷰 발견: 페이지 1
2025-09-23 10:30:53 - backend.core.coupang_reply_poster - INFO - 쿠팡이츠 등록 버튼 클릭 완료 (button.button.button-size--small.button--primaryContained:has-text("등록")): 00YSBK
2025-09-23 10:30:53 - backend.core.coupang_reply_poster - INFO - 등록 버튼 클릭 완료, DOM 변화 확인 중...
2025-09-23 10:30:54 - backend.core.coupang_reply_poster - INFO - ✅ Form이 사라짐 - 답글 등록 진행 확인 (0.5초)
2025-09-23 10:30:55 - backend.core.coupang_reply_poster - INFO - 🔍 쿠팡이츠 금지어 팝업 확인 중...
2025-09-23 10:30:55 - backend.core.coupang_reply_poster - INFO - ✅ 쿠팡이츠 금지어 팝업 없음 - 최종 등록 확인 중...
2025-09-23 10:30:55 - backend.core.coupang_reply_poster - INFO - 📱 최종 확인을 위해 페이지 새로고침...
2025-09-23 10:30:58 - backend.core.coupang_reply_poster - ERROR - ❌ 최종 확인 실패: 답글이 실제로 등록되지 않음
2025-09-23 10:30:58 - backend.core.coupang_reply_poster - INFO - 답글 상태 업데이트 완료: 9b3186ff-caf3-4245-8e3b-f4a30bd76a54 -> failed
2025-09-23 10:30:58 - backend.core.coupang_reply_poster - INFO - 재시도 준비 중: 00YSBK
2025-09-23 10:30:58 - backend.core.coupang_reply_poster - INFO - 🔁 재시도 1/2: 00YSBK
2025-09-23 10:31:00 - backend.core.coupang_reply_poster - INFO - 답글 포스팅 시작: 김** (ID: 00YSBK)
2025-09-23 10:31:00 - backend.core.coupang_reply_poster - INFO - 리뷰 검색 시작: ID=00YSBK, 이름=김**
2025-09-23 10:31:00 - backend.core.coupang_reply_poster - INFO - 페이지 1에서 리뷰 검색 중...
2025-09-23 10:31:00 - backend.core.coupang_reply_poster - INFO - === 페이지네이션 분석 시작 ===
2025-09-23 10:31:00 - backend.core.coupang_reply_poster - INFO - 페이지네이션 요소 개수: 40
2025-09-23 10:31:00 - backend.core.coupang_reply_poster - INFO -   버튼 27: 'POS 설치' (class: , data-at: , visible: True, enabled: True)
2025-09-23 10:31:00 - backend.core.coupang_reply_poster - INFO -   버튼 28: '휴대폰 앱 설치' (class: , data-at: , visible: True, enabled: True)
2025-09-23 10:31:00 - backend.core.coupang_reply_poster - INFO -   버튼 29: '약관 및 정책' (class: , data-at: , visible: True, enabled: True)
2025-09-23 10:31:00 - backend.core.coupang_reply_poster - INFO -   버튼 30: 'FAQ 보기' (class: , data-at: , visible: True, enabled: True)
2025-09-23 10:31:00 - backend.core.coupang_reply_poster - INFO -   버튼 36: '' (class: pagination-btn first-page-btn hide-btn, data-at: first-page-btn, visible: False, enabled: True)
2025-09-23 10:31:00 - backend.core.coupang_reply_poster - INFO -   버튼 37: '' (class: pagination-btn prev-btn hide-btn, data-at: prev-btn, visible: False, enabled: True)
2025-09-23 10:31:00 - backend.core.coupang_reply_poster - INFO -   버튼 38: '1' (class: active, data-at: , visible: True, enabled: True)
2025-09-23 10:31:00 - backend.core.coupang_reply_poster - INFO -   버튼 39: '' (class: pagination-btn next-btn hide-btn, data-at: next-btn, visible: False, enabled: True)
2025-09-23 10:31:01 - backend.core.coupang_reply_poster - INFO -   버튼 40: '' (class: pagination-btn last-page-btn hide-btn, data-at: last-page-btn, visible: False, enabled: True)
2025-09-23 10:31:01 - backend.core.coupang_reply_poster - INFO - 현재 페이지: 1
2025-09-23 10:31:01 - backend.core.coupang_reply_poster - INFO - 사용 가능한 페이지들: [1]
2025-09-23 10:31:01 - backend.core.coupang_reply_poster - INFO - 다음 페이지 버튼 사용 가능: False
2025-09-23 10:31:01 - backend.core.coupang_reply_poster - INFO - === 페이지네이션 분석 완료 ===
2025-09-23 10:31:01 - backend.core.coupang_reply_poster - INFO - 더 이상 페이지가 없습니다.
2025-09-23 10:31:01 - backend.core.coupang_reply_poster - INFO - 더 이상 페이지가 없습니다.
2025-09-23 10:31:01 - backend.core.coupang_reply_poster - WARNING - 모든 페이지에서 리뷰를 찾을 수 없음: 00YSBK
2025-09-23 10:31:01 - backend.core.coupang_reply_poster - WARNING - 리뷰 요소를 찾을 수 없습니다: 00YSBK
2025-09-23 10:31:01 - backend.core.coupang_reply_poster - INFO - 재시도 준비 중: 00YSBK
2025-09-23 10:31:01 - backend.core.coupang_reply_poster - INFO - 🔁 재시도 2/2: 00YSBK
2025-09-23 10:31:05 - backend.core.coupang_reply_poster - INFO - 답글 포스팅 시작: 김** (ID: 00YSBK)
2025-09-23 10:31:05 - backend.core.coupang_reply_poster - INFO - 리뷰 검색 시작: ID=00YSBK, 이름=김**
2025-09-23 10:31:05 - backend.core.coupang_reply_poster - INFO - 페이지 1에서 리뷰 검색 중...
2025-09-23 10:31:05 - backend.core.coupang_reply_poster - INFO - === 페이지네이션 분석 시작 ===
2025-09-23 10:31:05 - backend.core.coupang_reply_poster - INFO - 페이지네이션 요소 개수: 40
2025-09-23 10:31:05 - backend.core.coupang_reply_poster - INFO -   버튼 27: 'POS 설치' (class: , data-at: , visible: True, enabled: True)
2025-09-23 10:31:05 - backend.core.coupang_reply_poster - INFO -   버튼 28: '휴대폰 앱 설치' (class: , data-at: , visible: True, enabled: True)
2025-09-23 10:31:05 - backend.core.coupang_reply_poster - INFO -   버튼 29: '약관 및 정책' (class: , data-at: , visible: True, enabled: True)
2025-09-23 10:31:05 - backend.core.coupang_reply_poster - INFO -   버튼 30: 'FAQ 보기' (class: , data-at: , visible: True, enabled: True)
2025-09-23 10:31:05 - backend.core.coupang_reply_poster - INFO -   버튼 36: '' (class: pagination-btn first-page-btn hide-btn, data-at: first-page-btn, visible: False, enabled: True)
2025-09-23 10:31:05 - backend.core.coupang_reply_poster - INFO -   버튼 37: '' (class: pagination-btn prev-btn hide-btn, data-at: prev-btn, visible: False, enabled: True)
2025-09-23 10:31:05 - backend.core.coupang_reply_poster - INFO -   버튼 38: '1' (class: active, data-at: , visible: True, enabled: True)
2025-09-23 10:31:05 - backend.core.coupang_reply_poster - INFO -   버튼 39: '' (class: pagination-btn next-btn hide-btn, data-at: next-btn, visible: False, enabled: True)
2025-09-23 10:31:05 - backend.core.coupang_reply_poster - INFO -   버튼 40: '' (class: pagination-btn last-page-btn hide-btn, data-at: last-page-btn, visible: False, enabled: True)
2025-09-23 10:31:05 - backend.core.coupang_reply_poster - INFO - 현재 페이지: 1
2025-09-23 10:31:05 - backend.core.coupang_reply_poster - INFO - 사용 가능한 페이지들: [1]
2025-09-23 10:31:05 - backend.core.coupang_reply_poster - INFO - 다음 페이지 버튼 사용 가능: False
2025-09-23 10:31:05 - backend.core.coupang_reply_poster - INFO - === 페이지네이션 분석 완료 ===
2025-09-23 10:31:05 - backend.core.coupang_reply_poster - INFO - 더 이상 페이지가 없습니다.
2025-09-23 10:31:05 - backend.core.coupang_reply_poster - INFO - 더 이상 페이지가 없습니다.
2025-09-23 10:31:05 - backend.core.coupang_reply_poster - WARNING - 모든 페이지에서 리뷰를 찾을 수 없음: 00YSBK
2025-09-23 10:31:05 - backend.core.coupang_reply_poster - WARNING - 리뷰 요소를 찾을 수 없습니다: 00YSBK
2025-09-23 10:31:05 - backend.core.coupang_reply_poster - WARNING - ❌ 리뷰 처리 실패: 00YSBK - 결과 없음
2025-09-23 10:31:05 - backend.core.coupang_reply_poster - INFO - 🔄 리뷰 처리 시작: 06VGUH (총 처리 중: 4개)
2025-09-23 10:31:05 - backend.core.coupang_reply_poster - INFO - 답글 포스팅 시작: 심** (ID: 06VGUH)
2025-09-23 10:31:05 - backend.core.coupang_reply_poster - INFO - 리뷰 검색 시작: ID=06VGUH, 이름=심**
2025-09-23 10:31:05 - backend.core.coupang_reply_poster - INFO - 페이지 1에서 리뷰 검색 중...
2025-09-23 10:31:05 - backend.core.coupang_reply_poster - INFO - === 페이지네이션 분석 시작 ===
2025-09-23 10:31:05 - backend.core.coupang_reply_poster - INFO - 페이지네이션 요소 개수: 40
2025-09-23 10:31:05 - backend.core.coupang_reply_poster - INFO -   버튼 27: 'POS 설치' (class: , data-at: , visible: True, enabled: True)
2025-09-23 10:31:05 - backend.core.coupang_reply_poster - INFO -   버튼 28: '휴대폰 앱 설치' (class: , data-at: , visible: True, enabled: True)
2025-09-23 10:31:05 - backend.core.coupang_reply_poster - INFO -   버튼 29: '약관 및 정책' (class: , data-at: , visible: True, enabled: True)
2025-09-23 10:31:05 - backend.core.coupang_reply_poster - INFO -   버튼 30: 'FAQ 보기' (class: , data-at: , visible: True, enabled: True)
2025-09-23 10:31:05 - backend.core.coupang_reply_poster - INFO -   버튼 36: '' (class: pagination-btn first-page-btn hide-btn, data-at: first-page-btn, visible: False, enabled: True)
2025-09-23 10:31:05 - backend.core.coupang_reply_poster - INFO -   버튼 37: '' (class: pagination-btn prev-btn hide-btn, data-at: prev-btn, visible: False, enabled: True)
2025-09-23 10:31:05 - backend.core.coupang_reply_poster - INFO -   버튼 38: '1' (class: active, data-at: , visible: True, enabled: True)
2025-09-23 10:31:05 - backend.core.coupang_reply_poster - INFO -   버튼 39: '' (class: pagination-btn next-btn hide-btn, data-at: next-btn, visible: False, enabled: True)
2025-09-23 10:31:05 - backend.core.coupang_reply_poster - INFO -   버튼 40: '' (class: pagination-btn last-page-btn hide-btn, data-at: last-page-btn, visible: False, enabled: True)
2025-09-23 10:31:05 - backend.core.coupang_reply_poster - INFO - 현재 페이지: 1
2025-09-23 10:31:05 - backend.core.coupang_reply_poster - INFO - 사용 가능한 페이지들: [1]
2025-09-23 10:31:05 - backend.core.coupang_reply_poster - INFO - 다음 페이지 버튼 사용 가능: False
2025-09-23 10:31:06 - backend.core.coupang_reply_poster - INFO - === 페이지네이션 분석 완료 ===
2025-09-23 10:31:06 - backend.core.coupang_reply_poster - INFO - 더 이상 페이지가 없습니다.
2025-09-23 10:31:06 - backend.core.coupang_reply_poster - INFO - 더 이상 페이지가 없습니다.
2025-09-23 10:31:06 - backend.core.coupang_reply_poster - WARNING - 모든 페이지에서 리뷰를 찾을 수 없음: 06VGUH
2025-09-23 10:31:06 - backend.core.coupang_reply_poster - WARNING - 리뷰 요소를 찾을 수 없습니다: 06VGUH
2025-09-23 10:31:06 - backend.core.coupang_reply_poster - INFO - 재시도 준비 중: 06VGUH
2025-09-23 10:31:06 - backend.core.coupang_reply_poster - INFO - 🔁 재시도 1/2: 06VGUH
2025-09-23 10:31:08 - backend.core.coupang_reply_poster - INFO - 답글 포스팅 시작: 심** (ID: 06VGUH)
2025-09-23 10:31:08 - backend.core.coupang_reply_poster - INFO - 리뷰 검색 시작: ID=06VGUH, 이름=심**
2025-09-23 10:31:08 - backend.core.coupang_reply_poster - INFO - 페이지 1에서 리뷰 검색 중...
2025-09-23 10:31:08 - backend.core.coupang_reply_poster - INFO - === 페이지네이션 분석 시작 ===
2025-09-23 10:31:08 - backend.core.coupang_reply_poster - INFO - 페이지네이션 요소 개수: 40
2025-09-23 10:31:08 - backend.core.coupang_reply_poster - INFO -   버튼 27: 'POS 설치' (class: , data-at: , visible: True, enabled: True)
2025-09-23 10:31:08 - backend.core.coupang_reply_poster - INFO -   버튼 28: '휴대폰 앱 설치' (class: , data-at: , visible: True, enabled: True)
2025-09-23 10:31:08 - backend.core.coupang_reply_poster - INFO -   버튼 29: '약관 및 정책' (class: , data-at: , visible: True, enabled: True)
2025-09-23 10:31:08 - backend.core.coupang_reply_poster - INFO -   버튼 30: 'FAQ 보기' (class: , data-at: , visible: True, enabled: True)
2025-09-23 10:31:08 - backend.core.coupang_reply_poster - INFO -   버튼 36: '' (class: pagination-btn first-page-btn hide-btn, data-at: first-page-btn, visible: False, enabled: True)
2025-09-23 10:31:08 - backend.core.coupang_reply_poster - INFO -   버튼 37: '' (class: pagination-btn prev-btn hide-btn, data-at: prev-btn, visible: False, enabled: True)
2025-09-23 10:31:08 - backend.core.coupang_reply_poster - INFO -   버튼 38: '1' (class: active, data-at: , visible: True, enabled: True)
2025-09-23 10:31:08 - backend.core.coupang_reply_poster - INFO -   버튼 39: '' (class: pagination-btn next-btn hide-btn, data-at: next-btn, visible: False, enabled: True)
2025-09-23 10:31:08 - backend.core.coupang_reply_poster - INFO -   버튼 40: '' (class: pagination-btn last-page-btn hide-btn, data-at: last-page-btn, visible: False, enabled: True)
2025-09-23 10:31:08 - backend.core.coupang_reply_poster - INFO - 현재 페이지: 1
2025-09-23 10:31:08 - backend.core.coupang_reply_poster - INFO - 사용 가능한 페이지들: [1]
2025-09-23 10:31:08 - backend.core.coupang_reply_poster - INFO - 다음 페이지 버튼 사용 가능: False
2025-09-23 10:31:08 - backend.core.coupang_reply_poster - INFO - === 페이지네이션 분석 완료 ===
2025-09-23 10:31:08 - backend.core.coupang_reply_poster - INFO - 더 이상 페이지가 없습니다.
2025-09-23 10:31:08 - backend.core.coupang_reply_poster - INFO - 더 이상 페이지가 없습니다.
2025-09-23 10:31:08 - backend.core.coupang_reply_poster - WARNING - 모든 페이지에서 리뷰를 찾을 수 없음: 06VGUH
2025-09-23 10:31:08 - backend.core.coupang_reply_poster - WARNING - 리뷰 요소를 찾을 수 없습니다: 06VGUH
2025-09-23 10:31:08 - backend.core.coupang_reply_poster - INFO - 재시도 준비 중: 06VGUH
2025-09-23 10:31:08 - backend.core.coupang_reply_poster - INFO - 🔁 재시도 2/2: 06VGUH
2025-09-23 10:31:12 - backend.core.coupang_reply_poster - INFO - 답글 포스팅 시작: 심** (ID: 06VGUH)
2025-09-23 10:31:12 - backend.core.coupang_reply_poster - INFO - 리뷰 검색 시작: ID=06VGUH, 이름=심**
2025-09-23 10:31:12 - backend.core.coupang_reply_poster - INFO - 페이지 1에서 리뷰 검색 중...
2025-09-23 10:31:12 - backend.core.coupang_reply_poster - INFO - === 페이지네이션 분석 시작 ===
2025-09-23 10:31:12 - backend.core.coupang_reply_poster - INFO - 페이지네이션 요소 개수: 40
2025-09-23 10:31:12 - backend.core.coupang_reply_poster - INFO -   버튼 27: 'POS 설치' (class: , data-at: , visible: True, enabled: True)
2025-09-23 10:31:12 - backend.core.coupang_reply_poster - INFO -   버튼 28: '휴대폰 앱 설치' (class: , data-at: , visible: True, enabled: True)
2025-09-23 10:31:12 - backend.core.coupang_reply_poster - INFO -   버튼 29: '약관 및 정책' (class: , data-at: , visible: True, enabled: True)
2025-09-23 10:31:12 - backend.core.coupang_reply_poster - INFO -   버튼 30: 'FAQ 보기' (class: , data-at: , visible: True, enabled: True)
2025-09-23 10:31:12 - backend.core.coupang_reply_poster - INFO -   버튼 36: '' (class: pagination-btn first-page-btn hide-btn, data-at: first-page-btn, visible: False, enabled: True)
2025-09-23 10:31:12 - backend.core.coupang_reply_poster - INFO -   버튼 37: '' (class: pagination-btn prev-btn hide-btn, data-at: prev-btn, visible: False, enabled: True)
2025-09-23 10:31:12 - backend.core.coupang_reply_poster - INFO -   버튼 38: '1' (class: active, data-at: , visible: True, enabled: True)
2025-09-23 10:31:12 - backend.core.coupang_reply_poster - INFO -   버튼 39: '' (class: pagination-btn next-btn hide-btn, data-at: next-btn, visible: False, enabled: True)
2025-09-23 10:31:12 - backend.core.coupang_reply_poster - INFO -   버튼 40: '' (class: pagination-btn last-page-btn hide-btn, data-at: last-page-btn, visible: False, enabled: True)
2025-09-23 10:31:12 - backend.core.coupang_reply_poster - INFO - 현재 페이지: 1
2025-09-23 10:31:12 - backend.core.coupang_reply_poster - INFO - 사용 가능한 페이지들: [1]
2025-09-23 10:31:12 - backend.core.coupang_reply_poster - INFO - 다음 페이지 버튼 사용 가능: False
2025-09-23 10:31:13 - backend.core.coupang_reply_poster - INFO - === 페이지네이션 분석 완료 ===
2025-09-23 10:31:13 - backend.core.coupang_reply_poster - INFO - 더 이상 페이지가 없습니다.
2025-09-23 10:31:13 - backend.core.coupang_reply_poster - INFO - 더 이상 페이지가 없습니다.
2025-09-23 10:31:13 - backend.core.coupang_reply_poster - WARNING - 모든 페이지에서 리뷰를 찾을 수 없음: 06VGUH
2025-09-23 10:31:13 - backend.core.coupang_reply_poster - WARNING - 리뷰 요소를 찾을 수 없습니다: 06VGUH
2025-09-23 10:31:13 - backend.core.coupang_reply_poster - WARNING - ❌ 리뷰 처리 실패: 06VGUH - 결과 없음
2025-09-23 10:31:13 - backend.core.coupang_reply_poster - INFO - 🔄 리뷰 처리 시작: 2HK1N7 (총 처리 중: 5개)
2025-09-23 10:31:13 - backend.core.coupang_reply_poster - INFO - 답글 포스팅 시작: 김** (ID: 2HK1N7)
2025-09-23 10:31:13 - backend.core.coupang_reply_poster - INFO - 리뷰 검색 시작: ID=2HK1N7, 이름=김**
2025-09-23 10:31:13 - backend.core.coupang_reply_poster - INFO - 페이지 1에서 리뷰 검색 중...
2025-09-23 10:31:13 - backend.core.coupang_reply_poster - INFO - === 페이지네이션 분석 시작 ===
2025-09-23 10:31:13 - backend.core.coupang_reply_poster - INFO - 페이지네이션 요소 개수: 40
2025-09-23 10:31:13 - backend.core.coupang_reply_poster - INFO -   버튼 27: 'POS 설치' (class: , data-at: , visible: True, enabled: True)
2025-09-23 10:31:13 - backend.core.coupang_reply_poster - INFO -   버튼 28: '휴대폰 앱 설치' (class: , data-at: , visible: True, enabled: True)
2025-09-23 10:31:13 - backend.core.coupang_reply_poster - INFO -   버튼 29: '약관 및 정책' (class: , data-at: , visible: True, enabled: True)
2025-09-23 10:31:13 - backend.core.coupang_reply_poster - INFO -   버튼 30: 'FAQ 보기' (class: , data-at: , visible: True, enabled: True)
2025-09-23 10:31:13 - backend.core.coupang_reply_poster - INFO -   버튼 36: '' (class: pagination-btn first-page-btn hide-btn, data-at: first-page-btn, visible: False, enabled: True)
2025-09-23 10:31:13 - backend.core.coupang_reply_poster - INFO -   버튼 37: '' (class: pagination-btn prev-btn hide-btn, data-at: prev-btn, visible: False, enabled: True)
2025-09-23 10:31:13 - backend.core.coupang_reply_poster - INFO -   버튼 38: '1' (class: active, data-at: , visible: True, enabled: True)
2025-09-23 10:31:13 - backend.core.coupang_reply_poster - INFO -   버튼 39: '' (class: pagination-btn next-btn hide-btn, data-at: next-btn, visible: False, enabled: True)
2025-09-23 10:31:13 - backend.core.coupang_reply_poster - INFO -   버튼 40: '' (class: pagination-btn last-page-btn hide-btn, data-at: last-page-btn, visible: False, enabled: True)
2025-09-23 10:31:13 - backend.core.coupang_reply_poster - INFO - 현재 페이지: 1
2025-09-23 10:31:13 - backend.core.coupang_reply_poster - INFO - 사용 가능한 페이지들: [1]
2025-09-23 10:31:13 - backend.core.coupang_reply_poster - INFO - 다음 페이지 버튼 사용 가능: False
2025-09-23 10:31:13 - backend.core.coupang_reply_poster - INFO - === 페이지네이션 분석 완료 ===
2025-09-23 10:31:13 - backend.core.coupang_reply_poster - INFO - 더 이상 페이지가 없습니다.
2025-09-23 10:31:13 - backend.core.coupang_reply_poster - INFO - 더 이상 페이지가 없습니다.
2025-09-23 10:31:13 - backend.core.coupang_reply_poster - WARNING - 모든 페이지에서 리뷰를 찾을 수 없음: 2HK1N7
2025-09-23 10:31:13 - backend.core.coupang_reply_poster - WARNING - 리뷰 요소를 찾을 수 없습니다: 2HK1N7
2025-09-23 10:31:13 - backend.core.coupang_reply_poster - INFO - 재시도 준비 중: 2HK1N7
2025-09-23 10:31:13 - backend.core.coupang_reply_poster - INFO - 🔁 재시도 1/2: 2HK1N7
2025-09-23 10:31:15 - backend.core.coupang_reply_poster - INFO - 답글 포스팅 시작: 김** (ID: 2HK1N7)
2025-09-23 10:31:15 - backend.core.coupang_reply_poster - INFO - 리뷰 검색 시작: ID=2HK1N7, 이름=김**
2025-09-23 10:31:15 - backend.core.coupang_reply_poster - INFO - 페이지 1에서 리뷰 검색 중...
2025-09-23 10:31:15 - backend.core.coupang_reply_poster - INFO - === 페이지네이션 분석 시작 ===
2025-09-23 10:31:15 - backend.core.coupang_reply_poster - INFO - 페이지네이션 요소 개수: 40
2025-09-23 10:31:15 - backend.core.coupang_reply_poster - INFO -   버튼 27: 'POS 설치' (class: , data-at: , visible: True, enabled: True)
2025-09-23 10:31:15 - backend.core.coupang_reply_poster - INFO -   버튼 28: '휴대폰 앱 설치' (class: , data-at: , visible: True, enabled: True)
2025-09-23 10:31:15 - backend.core.coupang_reply_poster - INFO -   버튼 29: '약관 및 정책' (class: , data-at: , visible: True, enabled: True)
2025-09-23 10:31:15 - backend.core.coupang_reply_poster - INFO -   버튼 30: 'FAQ 보기' (class: , data-at: , visible: True, enabled: True)
2025-09-23 10:31:15 - backend.core.coupang_reply_poster - INFO -   버튼 36: '' (class: pagination-btn first-page-btn hide-btn, data-at: first-page-btn, visible: False, enabled: True)
2025-09-23 10:31:15 - backend.core.coupang_reply_poster - INFO -   버튼 37: '' (class: pagination-btn prev-btn hide-btn, data-at: prev-btn, visible: False, enabled: True)
2025-09-23 10:31:15 - backend.core.coupang_reply_poster - INFO -   버튼 38: '1' (class: active, data-at: , visible: True, enabled: True)
2025-09-23 10:31:15 - backend.core.coupang_reply_poster - INFO -   버튼 39: '' (class: pagination-btn next-btn hide-btn, data-at: next-btn, visible: False, enabled: True)
2025-09-23 10:31:15 - backend.core.coupang_reply_poster - INFO -   버튼 40: '' (class: pagination-btn last-page-btn hide-btn, data-at: last-page-btn, visible: False, enabled: True)
2025-09-23 10:31:15 - backend.core.coupang_reply_poster - INFO - 현재 페이지: 1
2025-09-23 10:31:15 - backend.core.coupang_reply_poster - INFO - 사용 가능한 페이지들: [1]
2025-09-23 10:31:15 - backend.core.coupang_reply_poster - INFO - 다음 페이지 버튼 사용 가능: False
2025-09-23 10:31:15 - backend.core.coupang_reply_poster - INFO - === 페이지네이션 분석 완료 ===
2025-09-23 10:31:15 - backend.core.coupang_reply_poster - INFO - 더 이상 페이지가 없습니다.
2025-09-23 10:31:15 - backend.core.coupang_reply_poster - INFO - 더 이상 페이지가 없습니다.
2025-09-23 10:31:15 - backend.core.coupang_reply_poster - WARNING - 모든 페이지에서 리뷰를 찾을 수 없음: 2HK1N7
2025-09-23 10:31:15 - backend.core.coupang_reply_poster - WARNING - 리뷰 요소를 찾을 수 없습니다: 2HK1N7
2025-09-23 10:31:15 - backend.core.coupang_reply_poster - INFO - 재시도 준비 중: 2HK1N7
2025-09-23 10:31:15 - backend.core.coupang_reply_poster - INFO - 🔁 재시도 2/2: 2HK1N7
2025-09-23 10:31:19 - backend.core.coupang_reply_poster - INFO - 답글 포스팅 시작: 김** (ID: 2HK1N7)
2025-09-23 10:31:19 - backend.core.coupang_reply_poster - INFO - 리뷰 검색 시작: ID=2HK1N7, 이름=김**
2025-09-23 10:31:19 - backend.core.coupang_reply_poster - INFO - 페이지 1에서 리뷰 검색 중...
2025-09-23 10:31:20 - backend.core.coupang_reply_poster - INFO - === 페이지네이션 분석 시작 ===
2025-09-23 10:31:20 - backend.core.coupang_reply_poster - INFO - 페이지네이션 요소 개수: 40
2025-09-23 10:31:20 - backend.core.coupang_reply_poster - INFO -   버튼 27: 'POS 설치' (class: , data-at: , visible: True, enabled: True)
2025-09-23 10:31:20 - backend.core.coupang_reply_poster - INFO -   버튼 28: '휴대폰 앱 설치' (class: , data-at: , visible: True, enabled: True)
2025-09-23 10:31:20 - backend.core.coupang_reply_poster - INFO -   버튼 29: '약관 및 정책' (class: , data-at: , visible: True, enabled: True)
2025-09-23 10:31:20 - backend.core.coupang_reply_poster - INFO -   버튼 30: 'FAQ 보기' (class: , data-at: , visible: True, enabled: True)
2025-09-23 10:31:20 - backend.core.coupang_reply_poster - INFO -   버튼 36: '' (class: pagination-btn first-page-btn hide-btn, data-at: first-page-btn, visible: False, enabled: True)
2025-09-23 10:31:20 - backend.core.coupang_reply_poster - INFO -   버튼 37: '' (class: pagination-btn prev-btn hide-btn, data-at: prev-btn, visible: False, enabled: True)
2025-09-23 10:31:20 - backend.core.coupang_reply_poster - INFO -   버튼 38: '1' (class: active, data-at: , visible: True, enabled: True)
2025-09-23 10:31:20 - backend.core.coupang_reply_poster - INFO -   버튼 39: '' (class: pagination-btn next-btn hide-btn, data-at: next-btn, visible: False, enabled: True)
2025-09-23 10:31:20 - backend.core.coupang_reply_poster - INFO -   버튼 40: '' (class: pagination-btn last-page-btn hide-btn, data-at: last-page-btn, visible: False, enabled: True)
2025-09-23 10:31:20 - backend.core.coupang_reply_poster - INFO - 현재 페이지: 1
2025-09-23 10:31:20 - backend.core.coupang_reply_poster - INFO - 사용 가능한 페이지들: [1]
2025-09-23 10:31:20 - backend.core.coupang_reply_poster - INFO - 다음 페이지 버튼 사용 가능: False
2025-09-23 10:31:20 - backend.core.coupang_reply_poster - INFO - === 페이지네이션 분석 완료 ===
2025-09-23 10:31:20 - backend.core.coupang_reply_poster - INFO - 더 이상 페이지가 없습니다.
2025-09-23 10:31:20 - backend.core.coupang_reply_poster - INFO - 더 이상 페이지가 없습니다.
2025-09-23 10:31:20 - backend.core.coupang_reply_poster - WARNING - 모든 페이지에서 리뷰를 찾을 수 없음: 2HK1N7
2025-09-23 10:31:20 - backend.core.coupang_reply_poster - WARNING - 리뷰 요소를 찾을 수 없습니다: 2HK1N7
2025-09-23 10:31:20 - backend.core.coupang_reply_poster - WARNING - ❌ 리뷰 처리 실패: 2HK1N7 - 결과 없음
2025-09-23 10:31:20 - backend.core.coupang_reply_poster - INFO - 🔄 리뷰 처리 시작: 0T3UD7 (총 처리 중: 6개)
2025-09-23 10:31:20 - backend.core.coupang_reply_poster - INFO - 답글 포스팅 시작: 황** (ID: 0T3UD7)
2025-09-23 10:31:20 - backend.core.coupang_reply_poster - INFO - 리뷰 검색 시작: ID=0T3UD7, 이름=황**
2025-09-23 10:31:20 - backend.core.coupang_reply_poster - INFO - 페이지 1에서 리뷰 검색 중...
2025-09-23 10:31:20 - backend.core.coupang_reply_poster - INFO - === 페이지네이션 분석 시작 ===
2025-09-23 10:31:20 - backend.core.coupang_reply_poster - INFO - 페이지네이션 요소 개수: 40
2025-09-23 10:31:20 - backend.core.coupang_reply_poster - INFO -   버튼 27: 'POS 설치' (class: , data-at: , visible: True, enabled: True)
2025-09-23 10:31:20 - backend.core.coupang_reply_poster - INFO -   버튼 28: '휴대폰 앱 설치' (class: , data-at: , visible: True, enabled: True)
2025-09-23 10:31:20 - backend.core.coupang_reply_poster - INFO -   버튼 29: '약관 및 정책' (class: , data-at: , visible: True, enabled: True)
2025-09-23 10:31:20 - backend.core.coupang_reply_poster - INFO -   버튼 30: 'FAQ 보기' (class: , data-at: , visible: True, enabled: True)
2025-09-23 10:31:20 - backend.core.coupang_reply_poster - INFO -   버튼 36: '' (class: pagination-btn first-page-btn hide-btn, data-at: first-page-btn, visible: False, enabled: True)
2025-09-23 10:31:20 - backend.core.coupang_reply_poster - INFO -   버튼 37: '' (class: pagination-btn prev-btn hide-btn, data-at: prev-btn, visible: False, enabled: True)
2025-09-23 10:31:20 - backend.core.coupang_reply_poster - INFO -   버튼 38: '1' (class: active, data-at: , visible: True, enabled: True)
2025-09-23 10:31:20 - backend.core.coupang_reply_poster - INFO -   버튼 39: '' (class: pagination-btn next-btn hide-btn, data-at: next-btn, visible: False, enabled: True)
2025-09-23 10:31:20 - backend.core.coupang_reply_poster - INFO -   버튼 40: '' (class: pagination-btn last-page-btn hide-btn, data-at: last-page-btn, visible: False, enabled: True)
2025-09-23 10:31:20 - backend.core.coupang_reply_poster - INFO - 현재 페이지: 1
2025-09-23 10:31:20 - backend.core.coupang_reply_poster - INFO - 사용 가능한 페이지들: [1]
2025-09-23 10:31:20 - backend.core.coupang_reply_poster - INFO - 다음 페이지 버튼 사용 가능: False
2025-09-23 10:31:20 - backend.core.coupang_reply_poster - INFO - === 페이지네이션 분석 완료 ===
2025-09-23 10:31:20 - backend.core.coupang_reply_poster - INFO - 더 이상 페이지가 없습니다.
2025-09-23 10:31:20 - backend.core.coupang_reply_poster - INFO - 더 이상 페이지가 없습니다.
2025-09-23 10:31:20 - backend.core.coupang_reply_poster - WARNING - 모든 페이지에서 리뷰를 찾을 수 없음: 0T3UD7
2025-09-23 10:31:20 - backend.core.coupang_reply_poster - WARNING - 리뷰 요소를 찾을 수 없습니다: 0T3UD7
2025-09-23 10:31:20 - backend.core.coupang_reply_poster - INFO - 재시도 준비 중: 0T3UD7
2025-09-23 10:31:20 - backend.core.coupang_reply_poster - INFO - 🔁 재시도 1/2: 0T3UD7
2025-09-23 10:31:22 - backend.core.coupang_reply_poster - INFO - 답글 포스팅 시작: 황** (ID: 0T3UD7)
2025-09-23 10:31:22 - backend.core.coupang_reply_poster - INFO - 리뷰 검색 시작: ID=0T3UD7, 이름=황**
2025-09-23 10:31:22 - backend.core.coupang_reply_poster - INFO - 페이지 1에서 리뷰 검색 중...
2025-09-23 10:31:22 - backend.core.coupang_reply_poster - INFO - === 페이지네이션 분석 시작 ===
2025-09-23 10:31:22 - backend.core.coupang_reply_poster - INFO - 페이지네이션 요소 개수: 40
2025-09-23 10:31:22 - backend.core.coupang_reply_poster - INFO -   버튼 27: 'POS 설치' (class: , data-at: , visible: True, enabled: True)
2025-09-23 10:31:22 - backend.core.coupang_reply_poster - INFO -   버튼 28: '휴대폰 앱 설치' (class: , data-at: , visible: True, enabled: True)
2025-09-23 10:31:23 - backend.core.coupang_reply_poster - INFO -   버튼 29: '약관 및 정책' (class: , data-at: , visible: True, enabled: True)
2025-09-23 10:31:23 - backend.core.coupang_reply_poster - INFO -   버튼 30: 'FAQ 보기' (class: , data-at: , visible: True, enabled: True)
2025-09-23 10:31:23 - backend.core.coupang_reply_poster - INFO -   버튼 36: '' (class: pagination-btn first-page-btn hide-btn, data-at: first-page-btn, visible: False, enabled: True)
2025-09-23 10:31:23 - backend.core.coupang_reply_poster - INFO -   버튼 37: '' (class: pagination-btn prev-btn hide-btn, data-at: prev-btn, visible: False, enabled: True)
2025-09-23 10:31:23 - backend.core.coupang_reply_poster - INFO -   버튼 38: '1' (class: active, data-at: , visible: True, enabled: True)
2025-09-23 10:31:23 - backend.core.coupang_reply_poster - INFO -   버튼 39: '' (class: pagination-btn next-btn hide-btn, data-at: next-btn, visible: False, enabled: True)
2025-09-23 10:31:23 - backend.core.coupang_reply_poster - INFO -   버튼 40: '' (class: pagination-btn last-page-btn hide-btn, data-at: last-page-btn, visible: False, enabled: True)
2025-09-23 10:31:23 - backend.core.coupang_reply_poster - INFO - 현재 페이지: 1
2025-09-23 10:31:23 - backend.core.coupang_reply_poster - INFO - 사용 가능한 페이지들: [1]
2025-09-23 10:31:23 - backend.core.coupang_reply_poster - INFO - 다음 페이지 버튼 사용 가능: False
2025-09-23 10:31:23 - backend.core.coupang_reply_poster - INFO - === 페이지네이션 분석 완료 ===
2025-09-23 10:31:23 - backend.core.coupang_reply_poster - INFO - 더 이상 페이지가 없습니다.
2025-09-23 10:31:23 - backend.core.coupang_reply_poster - INFO - 더 이상 페이지가 없습니다.
2025-09-23 10:31:23 - backend.core.coupang_reply_poster - WARNING - 모든 페이지에서 리뷰를 찾을 수 없음: 0T3UD7
2025-09-23 10:31:23 - backend.core.coupang_reply_poster - WARNING - 리뷰 요소를 찾을 수 없습니다: 0T3UD7
2025-09-23 10:31:23 - backend.core.coupang_reply_poster - INFO - 재시도 준비 중: 0T3UD7
2025-09-23 10:31:23 - backend.core.coupang_reply_poster - INFO - 🔁 재시도 2/2: 0T3UD7
2025-09-23 10:31:27 - backend.core.coupang_reply_poster - INFO - 답글 포스팅 시작: 황** (ID: 0T3UD7)
2025-09-23 10:31:27 - backend.core.coupang_reply_poster - INFO - 리뷰 검색 시작: ID=0T3UD7, 이름=황**
2025-09-23 10:31:27 - backend.core.coupang_reply_poster - INFO - 페이지 1에서 리뷰 검색 중...
2025-09-23 10:31:27 - backend.core.coupang_reply_poster - INFO - === 페이지네이션 분석 시작 ===
2025-09-23 10:31:27 - backend.core.coupang_reply_poster - INFO - 페이지네이션 요소 개수: 40
2025-09-23 10:31:27 - backend.core.coupang_reply_poster - INFO -   버튼 27: 'POS 설치' (class: , data-at: , visible: True, enabled: True)
2025-09-23 10:31:27 - backend.core.coupang_reply_poster - INFO -   버튼 28: '휴대폰 앱 설치' (class: , data-at: , visible: True, enabled: True)
2025-09-23 10:31:27 - backend.core.coupang_reply_poster - INFO -   버튼 29: '약관 및 정책' (class: , data-at: , visible: True, enabled: True)
2025-09-23 10:31:27 - backend.core.coupang_reply_poster - INFO -   버튼 30: 'FAQ 보기' (class: , data-at: , visible: True, enabled: True)
2025-09-23 10:31:27 - backend.core.coupang_reply_poster - INFO -   버튼 36: '' (class: pagination-btn first-page-btn hide-btn, data-at: first-page-btn, visible: False, enabled: True)
2025-09-23 10:31:27 - backend.core.coupang_reply_poster - INFO -   버튼 37: '' (class: pagination-btn prev-btn hide-btn, data-at: prev-btn, visible: False, enabled: True)
2025-09-23 10:31:27 - backend.core.coupang_reply_poster - INFO -   버튼 38: '1' (class: active, data-at: , visible: True, enabled: True)
2025-09-23 10:31:27 - backend.core.coupang_reply_poster - INFO -   버튼 39: '' (class: pagination-btn next-btn hide-btn, data-at: next-btn, visible: False, enabled: True)
2025-09-23 10:31:27 - backend.core.coupang_reply_poster - INFO -   버튼 40: '' (class: pagination-btn last-page-btn hide-btn, data-at: last-page-btn, visible: False, enabled: True)
2025-09-23 10:31:27 - backend.core.coupang_reply_poster - INFO - 현재 페이지: 1
2025-09-23 10:31:27 - backend.core.coupang_reply_poster - INFO - 사용 가능한 페이지들: [1]
2025-09-23 10:31:27 - backend.core.coupang_reply_poster - INFO - 다음 페이지 버튼 사용 가능: False
2025-09-23 10:31:27 - backend.core.coupang_reply_poster - INFO - === 페이지네이션 분석 완료 ===
2025-09-23 10:31:27 - backend.core.coupang_reply_poster - INFO - 더 이상 페이지가 없습니다.
2025-09-23 10:31:27 - backend.core.coupang_reply_poster - INFO - 더 이상 페이지가 없습니다.
2025-09-23 10:31:27 - backend.core.coupang_reply_poster - WARNING - 모든 페이지에서 리뷰를 찾을 수 없음: 0T3UD7
2025-09-23 10:31:27 - backend.core.coupang_reply_poster - WARNING - 리뷰 요소를 찾을 수 없습니다: 0T3UD7
2025-09-23 10:31:27 - backend.core.coupang_reply_poster - WARNING - ❌ 리뷰 처리 실패: 0T3UD7 - 결과 없음
2025-09-23 10:31:27 - backend.core.coupang_reply_poster - INFO - 🔄 리뷰 처리 시작: 1TCZWN (총 처리 중: 7개)
2025-09-23 10:31:27 - backend.core.coupang_reply_poster - INFO - 답글 포스팅 시작: 김** (ID: 1TCZWN)
2025-09-23 10:31:27 - backend.core.coupang_reply_poster - INFO - 리뷰 검색 시작: ID=1TCZWN, 이름=김**
2025-09-23 10:31:27 - backend.core.coupang_reply_poster - INFO - 페이지 1에서 리뷰 검색 중...
2025-09-23 10:31:27 - backend.core.coupang_reply_poster - INFO - === 페이지네이션 분석 시작 ===
2025-09-23 10:31:27 - backend.core.coupang_reply_poster - INFO - 페이지네이션 요소 개수: 40
2025-09-23 10:31:27 - backend.core.coupang_reply_poster - INFO -   버튼 27: 'POS 설치' (class: , data-at: , visible: True, enabled: True)
2025-09-23 10:31:27 - backend.core.coupang_reply_poster - INFO -   버튼 28: '휴대폰 앱 설치' (class: , data-at: , visible: True, enabled: True)
2025-09-23 10:31:27 - backend.core.coupang_reply_poster - INFO -   버튼 29: '약관 및 정책' (class: , data-at: , visible: True, enabled: True)
2025-09-23 10:31:27 - backend.core.coupang_reply_poster - INFO -   버튼 30: 'FAQ 보기' (class: , data-at: , visible: True, enabled: True)
2025-09-23 10:31:27 - backend.core.coupang_reply_poster - INFO -   버튼 36: '' (class: pagination-btn first-page-btn hide-btn, data-at: first-page-btn, visible: False, enabled: True)
2025-09-23 10:31:27 - backend.core.coupang_reply_poster - INFO -   버튼 37: '' (class: pagination-btn prev-btn hide-btn, data-at: prev-btn, visible: False, enabled: True)
2025-09-23 10:31:27 - backend.core.coupang_reply_poster - INFO -   버튼 38: '1' (class: active, data-at: , visible: True, enabled: True)
2025-09-23 10:31:27 - backend.core.coupang_reply_poster - INFO -   버튼 39: '' (class: pagination-btn next-btn hide-btn, data-at: next-btn, visible: False, enabled: True)
2025-09-23 10:31:27 - backend.core.coupang_reply_poster - INFO -   버튼 40: '' (class: pagination-btn last-page-btn hide-btn, data-at: last-page-btn, visible: False, enabled: True)
2025-09-23 10:31:27 - backend.core.coupang_reply_poster - INFO - 현재 페이지: 1
2025-09-23 10:31:27 - backend.core.coupang_reply_poster - INFO - 사용 가능한 페이지들: [1]
2025-09-23 10:31:27 - backend.core.coupang_reply_poster - INFO - 다음 페이지 버튼 사용 가능: False
2025-09-23 10:31:28 - backend.core.coupang_reply_poster - INFO - === 페이지네이션 분석 완료 ===
2025-09-23 10:31:28 - backend.core.coupang_reply_poster - INFO - 더 이상 페이지가 없습니다.
2025-09-23 10:31:28 - backend.core.coupang_reply_poster - INFO - 더 이상 페이지가 없습니다.
2025-09-23 10:31:28 - backend.core.coupang_reply_poster - WARNING - 모든 페이지에서 리뷰를 찾을 수 없음: 1TCZWN
2025-09-23 10:31:28 - backend.core.coupang_reply_poster - WARNING - 리뷰 요소를 찾을 수 없습니다: 1TCZWN
2025-09-23 10:31:28 - backend.core.coupang_reply_poster - INFO - 재시도 준비 중: 1TCZWN
2025-09-23 10:31:28 - backend.core.coupang_reply_poster - INFO - 🔁 재시도 1/2: 1TCZWN
2025-09-23 10:31:30 - backend.core.coupang_reply_poster - INFO - 답글 포스팅 시작: 김** (ID: 1TCZWN)
2025-09-23 10:31:30 - backend.core.coupang_reply_poster - INFO - 리뷰 검색 시작: ID=1TCZWN, 이름=김**
2025-09-23 10:31:30 - backend.core.coupang_reply_poster - INFO - 페이지 1에서 리뷰 검색 중...
2025-09-23 10:31:30 - backend.core.coupang_reply_poster - INFO - === 페이지네이션 분석 시작 ===
2025-09-23 10:31:30 - backend.core.coupang_reply_poster - INFO - 페이지네이션 요소 개수: 40
2025-09-23 10:31:30 - backend.core.coupang_reply_poster - INFO -   버튼 27: 'POS 설치' (class: , data-at: , visible: True, enabled: True)
2025-09-23 10:31:30 - backend.core.coupang_reply_poster - INFO -   버튼 28: '휴대폰 앱 설치' (class: , data-at: , visible: True, enabled: True)
2025-09-23 10:31:30 - backend.core.coupang_reply_poster - INFO -   버튼 29: '약관 및 정책' (class: , data-at: , visible: True, enabled: True)
2025-09-23 10:31:30 - backend.core.coupang_reply_poster - INFO -   버튼 30: 'FAQ 보기' (class: , data-at: , visible: True, enabled: True)
2025-09-23 10:31:30 - backend.core.coupang_reply_poster - INFO -   버튼 36: '' (class: pagination-btn first-page-btn hide-btn, data-at: first-page-btn, visible: False, enabled: True)
2025-09-23 10:31:30 - backend.core.coupang_reply_poster - INFO -   버튼 37: '' (class: pagination-btn prev-btn hide-btn, data-at: prev-btn, visible: False, enabled: True)
2025-09-23 10:31:30 - backend.core.coupang_reply_poster - INFO -   버튼 38: '1' (class: active, data-at: , visible: True, enabled: True)
2025-09-23 10:31:30 - backend.core.coupang_reply_poster - INFO -   버튼 39: '' (class: pagination-btn next-btn hide-btn, data-at: next-btn, visible: False, enabled: True)
2025-09-23 10:31:30 - backend.core.coupang_reply_poster - INFO -   버튼 40: '' (class: pagination-btn last-page-btn hide-btn, data-at: last-page-btn, visible: False, enabled: True)
2025-09-23 10:31:30 - backend.core.coupang_reply_poster - INFO - 현재 페이지: 1
2025-09-23 10:31:30 - backend.core.coupang_reply_poster - INFO - 사용 가능한 페이지들: [1]
2025-09-23 10:31:30 - backend.core.coupang_reply_poster - INFO - 다음 페이지 버튼 사용 가능: False
2025-09-23 10:31:30 - backend.core.coupang_reply_poster - INFO - === 페이지네이션 분석 완료 ===
2025-09-23 10:31:30 - backend.core.coupang_reply_poster - INFO - 더 이상 페이지가 없습니다.
2025-09-23 10:31:30 - backend.core.coupang_reply_poster - INFO - 더 이상 페이지가 없습니다.
2025-09-23 10:31:30 - backend.core.coupang_reply_poster - WARNING - 모든 페이지에서 리뷰를 찾을 수 없음: 1TCZWN
2025-09-23 10:31:30 - backend.core.coupang_reply_poster - WARNING - 리뷰 요소를 찾을 수 없습니다: 1TCZWN
2025-09-23 10:31:30 - backend.core.coupang_reply_poster - INFO - 재시도 준비 중: 1TCZWN
2025-09-23 10:31:30 - backend.core.coupang_reply_poster - INFO - 🔁 재시도 2/2: 1TCZWN
2025-09-23 10:31:34 - backend.core.coupang_reply_poster - INFO - 답글 포스팅 시작: 김** (ID: 1TCZWN)
2025-09-23 10:31:34 - backend.core.coupang_reply_poster - INFO - 리뷰 검색 시작: ID=1TCZWN, 이름=김**
2025-09-23 10:31:34 - backend.core.coupang_reply_poster - INFO - 페이지 1에서 리뷰 검색 중...
2025-09-23 10:31:34 - backend.core.coupang_reply_poster - INFO - === 페이지네이션 분석 시작 ===
2025-09-23 10:31:34 - backend.core.coupang_reply_poster - INFO - 페이지네이션 요소 개수: 40
2025-09-23 10:31:34 - backend.core.coupang_reply_poster - INFO -   버튼 27: 'POS 설치' (class: , data-at: , visible: True, enabled: True)
2025-09-23 10:31:34 - backend.core.coupang_reply_poster - INFO -   버튼 28: '휴대폰 앱 설치' (class: , data-at: , visible: True, enabled: True)
2025-09-23 10:31:34 - backend.core.coupang_reply_poster - INFO -   버튼 29: '약관 및 정책' (class: , data-at: , visible: True, enabled: True)
2025-09-23 10:31:34 - backend.core.coupang_reply_poster - INFO -   버튼 30: 'FAQ 보기' (class: , data-at: , visible: True, enabled: True)
2025-09-23 10:31:34 - backend.core.coupang_reply_poster - INFO -   버튼 36: '' (class: pagination-btn first-page-btn hide-btn, data-at: first-page-btn, visible: False, enabled: True)
2025-09-23 10:31:34 - backend.core.coupang_reply_poster - INFO -   버튼 37: '' (class: pagination-btn prev-btn hide-btn, data-at: prev-btn, visible: False, enabled: True)
2025-09-23 10:31:34 - backend.core.coupang_reply_poster - INFO -   버튼 38: '1' (class: active, data-at: , visible: True, enabled: True)
2025-09-23 10:31:34 - backend.core.coupang_reply_poster - INFO -   버튼 39: '' (class: pagination-btn next-btn hide-btn, data-at: next-btn, visible: False, enabled: True)
2025-09-23 10:31:34 - backend.core.coupang_reply_poster - INFO -   버튼 40: '' (class: pagination-btn last-page-btn hide-btn, data-at: last-page-btn, visible: False, enabled: True)
2025-09-23 10:31:34 - backend.core.coupang_reply_poster - INFO - 현재 페이지: 1
2025-09-23 10:31:34 - backend.core.coupang_reply_poster - INFO - 사용 가능한 페이지들: [1]
2025-09-23 10:31:34 - backend.core.coupang_reply_poster - INFO - 다음 페이지 버튼 사용 가능: False
2025-09-23 10:31:35 - backend.core.coupang_reply_poster - INFO - === 페이지네이션 분석 완료 ===
2025-09-23 10:31:35 - backend.core.coupang_reply_poster - INFO - 더 이상 페이지가 없습니다.
2025-09-23 10:31:35 - backend.core.coupang_reply_poster - INFO - 더 이상 페이지가 없습니다.
2025-09-23 10:31:35 - backend.core.coupang_reply_poster - WARNING - 모든 페이지에서 리뷰를 찾을 수 없음: 1TCZWN
2025-09-23 10:31:35 - backend.core.coupang_reply_poster - WARNING - 리뷰 요소를 찾을 수 없습니다: 1TCZWN
2025-09-23 10:31:35 - backend.core.coupang_reply_poster - WARNING - ❌ 리뷰 처리 실패: 1TCZWN - 결과 없음
2025-09-23 10:31:35 - backend.core.coupang_reply_poster - INFO - 🔄 리뷰 처리 시작: 06G5G0 (총 처리 중: 8개)
2025-09-23 10:31:35 - backend.core.coupang_reply_poster - INFO - 답글 포스팅 시작: 이** (ID: 06G5G0)
2025-09-23 10:31:35 - backend.core.coupang_reply_poster - INFO - 리뷰 검색 시작: ID=06G5G0, 이름=이**
2025-09-23 10:31:35 - backend.core.coupang_reply_poster - INFO - 페이지 1에서 리뷰 검색 중...
2025-09-23 10:31:35 - backend.core.coupang_reply_poster - INFO - === 페이지네이션 분석 시작 ===
2025-09-23 10:31:35 - backend.core.coupang_reply_poster - INFO - 페이지네이션 요소 개수: 40
2025-09-23 10:31:35 - backend.core.coupang_reply_poster - INFO -   버튼 27: 'POS 설치' (class: , data-at: , visible: True, enabled: True)
2025-09-23 10:31:35 - backend.core.coupang_reply_poster - INFO -   버튼 28: '휴대폰 앱 설치' (class: , data-at: , visible: True, enabled: True)
2025-09-23 10:31:35 - backend.core.coupang_reply_poster - INFO -   버튼 29: '약관 및 정책' (class: , data-at: , visible: True, enabled: True)
2025-09-23 10:31:35 - backend.core.coupang_reply_poster - INFO -   버튼 30: 'FAQ 보기' (class: , data-at: , visible: True, enabled: True)
2025-09-23 10:31:35 - backend.core.coupang_reply_poster - INFO -   버튼 36: '' (class: pagination-btn first-page-btn hide-btn, data-at: first-page-btn, visible: False, enabled: True)
2025-09-23 10:31:35 - backend.core.coupang_reply_poster - INFO -   버튼 37: '' (class: pagination-btn prev-btn hide-btn, data-at: prev-btn, visible: False, enabled: True)
2025-09-23 10:31:35 - backend.core.coupang_reply_poster - INFO -   버튼 38: '1' (class: active, data-at: , visible: True, enabled: True)
2025-09-23 10:31:35 - backend.core.coupang_reply_poster - INFO -   버튼 39: '' (class: pagination-btn next-btn hide-btn, data-at: next-btn, visible: False, enabled: True)
2025-09-23 10:31:35 - backend.core.coupang_reply_poster - INFO -   버튼 40: '' (class: pagination-btn last-page-btn hide-btn, data-at: last-page-btn, visible: False, enabled: True)
2025-09-23 10:31:35 - backend.core.coupang_reply_poster - INFO - 현재 페이지: 1
2025-09-23 10:31:35 - backend.core.coupang_reply_poster - INFO - 사용 가능한 페이지들: [1]
2025-09-23 10:31:35 - backend.core.coupang_reply_poster - INFO - 다음 페이지 버튼 사용 가능: False
2025-09-23 10:31:35 - backend.core.coupang_reply_poster - INFO - === 페이지네이션 분석 완료 ===
2025-09-23 10:31:35 - backend.core.coupang_reply_poster - INFO - 더 이상 페이지가 없습니다.
2025-09-23 10:31:35 - backend.core.coupang_reply_poster - INFO - 더 이상 페이지가 없습니다.
2025-09-23 10:31:35 - backend.core.coupang_reply_poster - WARNING - 모든 페이지에서 리뷰를 찾을 수 없음: 06G5G0
2025-09-23 10:31:35 - backend.core.coupang_reply_poster - WARNING - 리뷰 요소를 찾을 수 없습니다: 06G5G0
2025-09-23 10:31:35 - backend.core.coupang_reply_poster - INFO - 재시도 준비 중: 06G5G0
2025-09-23 10:31:35 - backend.core.coupang_reply_poster - INFO - 🔁 재시도 1/2: 06G5G0
2025-09-23 10:31:37 - backend.core.coupang_reply_poster - INFO - 답글 포스팅 시작: 이** (ID: 06G5G0)
2025-09-23 10:31:37 - backend.core.coupang_reply_poster - INFO - 리뷰 검색 시작: ID=06G5G0, 이름=이**
2025-09-23 10:31:37 - backend.core.coupang_reply_poster - INFO - 페이지 1에서 리뷰 검색 중...
2025-09-23 10:31:37 - backend.core.coupang_reply_poster - INFO - === 페이지네이션 분석 시작 ===
2025-09-23 10:31:37 - backend.core.coupang_reply_poster - INFO - 페이지네이션 요소 개수: 40
2025-09-23 10:31:37 - backend.core.coupang_reply_poster - INFO -   버튼 27: 'POS 설치' (class: , data-at: , visible: True, enabled: True)
2025-09-23 10:31:37 - backend.core.coupang_reply_poster - INFO -   버튼 28: '휴대폰 앱 설치' (class: , data-at: , visible: True, enabled: True)
2025-09-23 10:31:37 - backend.core.coupang_reply_poster - INFO -   버튼 29: '약관 및 정책' (class: , data-at: , visible: True, enabled: True)
2025-09-23 10:31:37 - backend.core.coupang_reply_poster - INFO -   버튼 30: 'FAQ 보기' (class: , data-at: , visible: True, enabled: True)
2025-09-23 10:31:37 - backend.core.coupang_reply_poster - INFO -   버튼 36: '' (class: pagination-btn first-page-btn hide-btn, data-at: first-page-btn, visible: False, enabled: True)
2025-09-23 10:31:37 - backend.core.coupang_reply_poster - INFO -   버튼 37: '' (class: pagination-btn prev-btn hide-btn, data-at: prev-btn, visible: False, enabled: True)
2025-09-23 10:31:37 - backend.core.coupang_reply_poster - INFO -   버튼 38: '1' (class: active, data-at: , visible: True, enabled: True)
2025-09-23 10:31:37 - backend.core.coupang_reply_poster - INFO -   버튼 39: '' (class: pagination-btn next-btn hide-btn, data-at: next-btn, visible: False, enabled: True)
2025-09-23 10:31:37 - backend.core.coupang_reply_poster - INFO -   버튼 40: '' (class: pagination-btn last-page-btn hide-btn, data-at: last-page-btn, visible: False, enabled: True)
2025-09-23 10:31:37 - backend.core.coupang_reply_poster - INFO - 현재 페이지: 1
2025-09-23 10:31:37 - backend.core.coupang_reply_poster - INFO - 사용 가능한 페이지들: [1]
2025-09-23 10:31:37 - backend.core.coupang_reply_poster - INFO - 다음 페이지 버튼 사용 가능: False
2025-09-23 10:31:37 - backend.core.coupang_reply_poster - INFO - === 페이지네이션 분석 완료 ===
2025-09-23 10:31:37 - backend.core.coupang_reply_poster - INFO - 더 이상 페이지가 없습니다.
2025-09-23 10:31:37 - backend.core.coupang_reply_poster - INFO - 더 이상 페이지가 없습니다.
2025-09-23 10:31:37 - backend.core.coupang_reply_poster - WARNING - 모든 페이지에서 리뷰를 찾을 수 없음: 06G5G0
2025-09-23 10:31:37 - backend.core.coupang_reply_poster - WARNING - 리뷰 요소를 찾을 수 없습니다: 06G5G0
2025-09-23 10:31:37 - backend.core.coupang_reply_poster - INFO - 재시도 준비 중: 06G5G0
2025-09-23 10:31:37 - backend.core.coupang_reply_poster - INFO - 🔁 재시도 2/2: 06G5G0
2025-09-23 10:31:41 - backend.core.coupang_reply_poster - INFO - 답글 포스팅 시작: 이** (ID: 06G5G0)
2025-09-23 10:31:41 - backend.core.coupang_reply_poster - INFO - 리뷰 검색 시작: ID=06G5G0, 이름=이**
2025-09-23 10:31:41 - backend.core.coupang_reply_poster - INFO - 페이지 1에서 리뷰 검색 중...
2025-09-23 10:31:41 - backend.core.coupang_reply_poster - INFO - === 페이지네이션 분석 시작 ===
2025-09-23 10:31:41 - backend.core.coupang_reply_poster - INFO - 페이지네이션 요소 개수: 40
2025-09-23 10:31:42 - backend.core.coupang_reply_poster - INFO -   버튼 27: 'POS 설치' (class: , data-at: , visible: True, enabled: True)
2025-09-23 10:31:42 - backend.core.coupang_reply_poster - INFO -   버튼 28: '휴대폰 앱 설치' (class: , data-at: , visible: True, enabled: True)
2025-09-23 10:31:42 - backend.core.coupang_reply_poster - INFO -   버튼 29: '약관 및 정책' (class: , data-at: , visible: True, enabled: True)
2025-09-23 10:31:42 - backend.core.coupang_reply_poster - INFO -   버튼 30: 'FAQ 보기' (class: , data-at: , visible: True, enabled: True)
2025-09-23 10:31:42 - backend.core.coupang_reply_poster - INFO -   버튼 36: '' (class: pagination-btn first-page-btn hide-btn, data-at: first-page-btn, visible: False, enabled: True)
2025-09-23 10:31:42 - backend.core.coupang_reply_poster - INFO -   버튼 37: '' (class: pagination-btn prev-btn hide-btn, data-at: prev-btn, visible: False, enabled: True)
2025-09-23 10:31:42 - backend.core.coupang_reply_poster - INFO -   버튼 38: '1' (class: active, data-at: , visible: True, enabled: True)
2025-09-23 10:31:42 - backend.core.coupang_reply_poster - INFO -   버튼 39: '' (class: pagination-btn next-btn hide-btn, data-at: next-btn, visible: False, enabled: True)
2025-09-23 10:31:42 - backend.core.coupang_reply_poster - INFO -   버튼 40: '' (class: pagination-btn last-page-btn hide-btn, data-at: last-page-btn, visible: False, enabled: True)
2025-09-23 10:31:42 - backend.core.coupang_reply_poster - INFO - 현재 페이지: 1
2025-09-23 10:31:42 - backend.core.coupang_reply_poster - INFO - 사용 가능한 페이지들: [1]
2025-09-23 10:31:42 - backend.core.coupang_reply_poster - INFO - 다음 페이지 버튼 사용 가능: False
2025-09-23 10:31:42 - backend.core.coupang_reply_poster - INFO - === 페이지네이션 분석 완료 ===
2025-09-23 10:31:42 - backend.core.coupang_reply_poster - INFO - 더 이상 페이지가 없습니다.
2025-09-23 10:31:42 - backend.core.coupang_reply_poster - INFO - 더 이상 페이지가 없습니다.
2025-09-23 10:31:42 - backend.core.coupang_reply_poster - WARNING - 모든 페이지에서 리뷰를 찾을 수 없음: 06G5G0
2025-09-23 10:31:42 - backend.core.coupang_reply_poster - WARNING - 리뷰 요소를 찾을 수 없습니다: 06G5G0
2025-09-23 10:31:42 - backend.core.coupang_reply_poster - WARNING - ❌ 리뷰 처리 실패: 06G5G0 - 결과 없음
2025-09-23 10:31:42 - backend.core.coupang_reply_poster - INFO - 🔄 리뷰 처리 시작: 1UA98S (총 처리 중: 9개)
2025-09-23 10:31:42 - backend.core.coupang_reply_poster - INFO - 답글 포스팅 시작: 윤** (ID: 1UA98S)
2025-09-23 10:31:42 - backend.core.coupang_reply_poster - INFO - 리뷰 검색 시작: ID=1UA98S, 이름=윤**
2025-09-23 10:31:42 - backend.core.coupang_reply_poster - INFO - 페이지 1에서 리뷰 검색 중...
2025-09-23 10:31:42 - backend.core.coupang_reply_poster - INFO - === 페이지네이션 분석 시작 ===
2025-09-23 10:31:42 - backend.core.coupang_reply_poster - INFO - 페이지네이션 요소 개수: 40
2025-09-23 10:31:42 - backend.core.coupang_reply_poster - INFO -   버튼 27: 'POS 설치' (class: , data-at: , visible: True, enabled: True)
2025-09-23 10:31:42 - backend.core.coupang_reply_poster - INFO -   버튼 28: '휴대폰 앱 설치' (class: , data-at: , visible: True, enabled: True)
2025-09-23 10:31:42 - backend.core.coupang_reply_poster - INFO -   버튼 29: '약관 및 정책' (class: , data-at: , visible: True, enabled: True)
2025-09-23 10:31:42 - backend.core.coupang_reply_poster - INFO -   버튼 30: 'FAQ 보기' (class: , data-at: , visible: True, enabled: True)
2025-09-23 10:31:42 - backend.core.coupang_reply_poster - INFO -   버튼 36: '' (class: pagination-btn first-page-btn hide-btn, data-at: first-page-btn, visible: False, enabled: True)
2025-09-23 10:31:42 - backend.core.coupang_reply_poster - INFO -   버튼 37: '' (class: pagination-btn prev-btn hide-btn, data-at: prev-btn, visible: False, enabled: True)
2025-09-23 10:31:42 - backend.core.coupang_reply_poster - INFO -   버튼 38: '1' (class: active, data-at: , visible: True, enabled: True)
2025-09-23 10:31:42 - backend.core.coupang_reply_poster - INFO -   버튼 39: '' (class: pagination-btn next-btn hide-btn, data-at: next-btn, visible: False, enabled: True)
2025-09-23 10:31:42 - backend.core.coupang_reply_poster - INFO -   버튼 40: '' (class: pagination-btn last-page-btn hide-btn, data-at: last-page-btn, visible: False, enabled: True)
2025-09-23 10:31:42 - backend.core.coupang_reply_poster - INFO - 현재 페이지: 1
2025-09-23 10:31:42 - backend.core.coupang_reply_poster - INFO - 사용 가능한 페이지들: [1]
2025-09-23 10:31:42 - backend.core.coupang_reply_poster - INFO - 다음 페이지 버튼 사용 가능: False
2025-09-23 10:31:42 - backend.core.coupang_reply_poster - INFO - === 페이지네이션 분석 완료 ===
2025-09-23 10:31:42 - backend.core.coupang_reply_poster - INFO - 더 이상 페이지가 없습니다.
2025-09-23 10:31:42 - backend.core.coupang_reply_poster - INFO - 더 이상 페이지가 없습니다.
2025-09-23 10:31:42 - backend.core.coupang_reply_poster - WARNING - 모든 페이지에서 리뷰를 찾을 수 없음: 1UA98S
2025-09-23 10:31:42 - backend.core.coupang_reply_poster - WARNING - 리뷰 요소를 찾을 수 없습니다: 1UA98S
2025-09-23 10:31:42 - backend.core.coupang_reply_poster - INFO - 재시도 준비 중: 1UA98S
2025-09-23 10:31:42 - backend.core.coupang_reply_poster - INFO - 🔁 재시도 1/2: 1UA98S
2025-09-23 10:31:44 - backend.core.coupang_reply_poster - INFO - 답글 포스팅 시작: 윤** (ID: 1UA98S)
2025-09-23 10:31:44 - backend.core.coupang_reply_poster - INFO - 리뷰 검색 시작: ID=1UA98S, 이름=윤**
2025-09-23 10:31:44 - backend.core.coupang_reply_poster - INFO - 페이지 1에서 리뷰 검색 중...
2025-09-23 10:31:44 - backend.core.coupang_reply_poster - INFO - === 페이지네이션 분석 시작 ===
2025-09-23 10:31:44 - backend.core.coupang_reply_poster - INFO - 페이지네이션 요소 개수: 40
2025-09-23 10:31:44 - backend.core.coupang_reply_poster - INFO -   버튼 27: 'POS 설치' (class: , data-at: , visible: True, enabled: True)
2025-09-23 10:31:44 - backend.core.coupang_reply_poster - INFO -   버튼 28: '휴대폰 앱 설치' (class: , data-at: , visible: True, enabled: True)
2025-09-23 10:31:44 - backend.core.coupang_reply_poster - INFO -   버튼 29: '약관 및 정책' (class: , data-at: , visible: True, enabled: True)
2025-09-23 10:31:44 - backend.core.coupang_reply_poster - INFO -   버튼 30: 'FAQ 보기' (class: , data-at: , visible: True, enabled: True)
2025-09-23 10:31:44 - backend.core.coupang_reply_poster - INFO -   버튼 36: '' (class: pagination-btn first-page-btn hide-btn, data-at: first-page-btn, visible: False, enabled: True)
2025-09-23 10:31:44 - backend.core.coupang_reply_poster - INFO -   버튼 37: '' (class: pagination-btn prev-btn hide-btn, data-at: prev-btn, visible: False, enabled: True)
2025-09-23 10:31:44 - backend.core.coupang_reply_poster - INFO -   버튼 38: '1' (class: active, data-at: , visible: True, enabled: True)
2025-09-23 10:31:44 - backend.core.coupang_reply_poster - INFO -   버튼 39: '' (class: pagination-btn next-btn hide-btn, data-at: next-btn, visible: False, enabled: True)
2025-09-23 10:31:44 - backend.core.coupang_reply_poster - INFO -   버튼 40: '' (class: pagination-btn last-page-btn hide-btn, data-at: last-page-btn, visible: False, enabled: True)
2025-09-23 10:31:44 - backend.core.coupang_reply_poster - INFO - 현재 페이지: 1
2025-09-23 10:31:44 - backend.core.coupang_reply_poster - INFO - 사용 가능한 페이지들: [1]
2025-09-23 10:31:44 - backend.core.coupang_reply_poster - INFO - 다음 페이지 버튼 사용 가능: False
2025-09-23 10:31:45 - backend.core.coupang_reply_poster - INFO - === 페이지네이션 분석 완료 ===
2025-09-23 10:31:45 - backend.core.coupang_reply_poster - INFO - 더 이상 페이지가 없습니다.
2025-09-23 10:31:45 - backend.core.coupang_reply_poster - INFO - 더 이상 페이지가 없습니다.
2025-09-23 10:31:45 - backend.core.coupang_reply_poster - WARNING - 모든 페이지에서 리뷰를 찾을 수 없음: 1UA98S
2025-09-23 10:31:45 - backend.core.coupang_reply_poster - WARNING - 리뷰 요소를 찾을 수 없습니다: 1UA98S
2025-09-23 10:31:45 - backend.core.coupang_reply_poster - INFO - 재시도 준비 중: 1UA98S
2025-09-23 10:31:45 - backend.core.coupang_reply_poster - INFO - 🔁 재시도 2/2: 1UA98S
2025-09-23 10:31:49 - backend.core.coupang_reply_poster - INFO - 답글 포스팅 시작: 윤** (ID: 1UA98S)
2025-09-23 10:31:49 - backend.core.coupang_reply_poster - INFO - 리뷰 검색 시작: ID=1UA98S, 이름=윤**
2025-09-23 10:31:49 - backend.core.coupang_reply_poster - INFO - 페이지 1에서 리뷰 검색 중...
2025-09-23 10:31:49 - backend.core.coupang_reply_poster - INFO - === 페이지네이션 분석 시작 ===
2025-09-23 10:31:49 - backend.core.coupang_reply_poster - INFO - 페이지네이션 요소 개수: 40
2025-09-23 10:31:49 - backend.core.coupang_reply_poster - INFO -   버튼 27: 'POS 설치' (class: , data-at: , visible: True, enabled: True)
2025-09-23 10:31:49 - backend.core.coupang_reply_poster - INFO -   버튼 28: '휴대폰 앱 설치' (class: , data-at: , visible: True, enabled: True)
2025-09-23 10:31:49 - backend.core.coupang_reply_poster - INFO -   버튼 29: '약관 및 정책' (class: , data-at: , visible: True, enabled: True)
2025-09-23 10:31:49 - backend.core.coupang_reply_poster - INFO -   버튼 30: 'FAQ 보기' (class: , data-at: , visible: True, enabled: True)
2025-09-23 10:31:49 - backend.core.coupang_reply_poster - INFO -   버튼 36: '' (class: pagination-btn first-page-btn hide-btn, data-at: first-page-btn, visible: False, enabled: True)
2025-09-23 10:31:49 - backend.core.coupang_reply_poster - INFO -   버튼 37: '' (class: pagination-btn prev-btn hide-btn, data-at: prev-btn, visible: False, enabled: True)
2025-09-23 10:31:49 - backend.core.coupang_reply_poster - INFO -   버튼 38: '1' (class: active, data-at: , visible: True, enabled: True)
2025-09-23 10:31:49 - backend.core.coupang_reply_poster - INFO -   버튼 39: '' (class: pagination-btn next-btn hide-btn, data-at: next-btn, visible: False, enabled: True)
2025-09-23 10:31:49 - backend.core.coupang_reply_poster - INFO -   버튼 40: '' (class: pagination-btn last-page-btn hide-btn, data-at: last-page-btn, visible: False, enabled: True)
2025-09-23 10:31:49 - backend.core.coupang_reply_poster - INFO - 현재 페이지: 1
2025-09-23 10:31:49 - backend.core.coupang_reply_poster - INFO - 사용 가능한 페이지들: [1]
2025-09-23 10:31:49 - backend.core.coupang_reply_poster - INFO - 다음 페이지 버튼 사용 가능: False
2025-09-23 10:31:49 - backend.core.coupang_reply_poster - INFO - === 페이지네이션 분석 완료 ===
2025-09-23 10:31:49 - backend.core.coupang_reply_poster - INFO - 더 이상 페이지가 없습니다.
2025-09-23 10:31:49 - backend.core.coupang_reply_poster - INFO - 더 이상 페이지가 없습니다.
2025-09-23 10:31:49 - backend.core.coupang_reply_poster - WARNING - 모든 페이지에서 리뷰를 찾을 수 없음: 1UA98S
2025-09-23 10:31:49 - backend.core.coupang_reply_poster - WARNING - 리뷰 요소를 찾을 수 없습니다: 1UA98S
2025-09-23 10:31:49 - backend.core.coupang_reply_poster - WARNING - ❌ 리뷰 처리 실패: 1UA98S - 결과 없음
2025-09-23 10:31:49 - backend.core.coupang_reply_poster - INFO - 🔄 리뷰 처리 시작: 0T7FTR (총 처리 중: 10개)
2025-09-23 10:31:49 - backend.core.coupang_reply_poster - INFO - 답글 포스팅 시작: 김** (ID: 0T7FTR)
2025-09-23 10:31:49 - backend.core.coupang_reply_poster - INFO - 리뷰 검색 시작: ID=0T7FTR, 이름=김**
2025-09-23 10:31:49 - backend.core.coupang_reply_poster - INFO - 페이지 1에서 리뷰 검색 중...
2025-09-23 10:31:49 - backend.core.coupang_reply_poster - INFO - === 페이지네이션 분석 시작 ===
2025-09-23 10:31:49 - backend.core.coupang_reply_poster - INFO - 페이지네이션 요소 개수: 40
2025-09-23 10:31:49 - backend.core.coupang_reply_poster - INFO -   버튼 27: 'POS 설치' (class: , data-at: , visible: True, enabled: True)
2025-09-23 10:31:49 - backend.core.coupang_reply_poster - INFO -   버튼 28: '휴대폰 앱 설치' (class: , data-at: , visible: True, enabled: True)
2025-09-23 10:31:49 - backend.core.coupang_reply_poster - INFO -   버튼 29: '약관 및 정책' (class: , data-at: , visible: True, enabled: True)
2025-09-23 10:31:49 - backend.core.coupang_reply_poster - INFO -   버튼 30: 'FAQ 보기' (class: , data-at: , visible: True, enabled: True)
2025-09-23 10:31:49 - backend.core.coupang_reply_poster - INFO -   버튼 36: '' (class: pagination-btn first-page-btn hide-btn, data-at: first-page-btn, visible: False, enabled: True)
2025-09-23 10:31:49 - backend.core.coupang_reply_poster - INFO -   버튼 37: '' (class: pagination-btn prev-btn hide-btn, data-at: prev-btn, visible: False, enabled: True)
2025-09-23 10:31:49 - backend.core.coupang_reply_poster - INFO -   버튼 38: '1' (class: active, data-at: , visible: True, enabled: True)
2025-09-23 10:31:49 - backend.core.coupang_reply_poster - INFO -   버튼 39: '' (class: pagination-btn next-btn hide-btn, data-at: next-btn, visible: False, enabled: True)
2025-09-23 10:31:49 - backend.core.coupang_reply_poster - INFO -   버튼 40: '' (class: pagination-btn last-page-btn hide-btn, data-at: last-page-btn, visible: False, enabled: True)
2025-09-23 10:31:49 - backend.core.coupang_reply_poster - INFO - 현재 페이지: 1
2025-09-23 10:31:49 - backend.core.coupang_reply_poster - INFO - 사용 가능한 페이지들: [1]
2025-09-23 10:31:49 - backend.core.coupang_reply_poster - INFO - 다음 페이지 버튼 사용 가능: False
2025-09-23 10:31:49 - backend.core.coupang_reply_poster - INFO - === 페이지네이션 분석 완료 ===
2025-09-23 10:31:49 - backend.core.coupang_reply_poster - INFO - 더 이상 페이지가 없습니다.
2025-09-23 10:31:49 - backend.core.coupang_reply_poster - INFO - 더 이상 페이지가 없습니다.
2025-09-23 10:31:49 - backend.core.coupang_reply_poster - WARNING - 모든 페이지에서 리뷰를 찾을 수 없음: 0T7FTR
2025-09-23 10:31:49 - backend.core.coupang_reply_poster - WARNING - 리뷰 요소를 찾을 수 없습니다: 0T7FTR
2025-09-23 10:31:49 - backend.core.coupang_reply_poster - INFO - 재시도 준비 중: 0T7FTR
2025-09-23 10:31:49 - backend.core.coupang_reply_poster - INFO - 🔁 재시도 1/2: 0T7FTR
2025-09-23 10:31:51 - backend.core.coupang_reply_poster - INFO - 답글 포스팅 시작: 김** (ID: 0T7FTR)
2025-09-23 10:31:51 - backend.core.coupang_reply_poster - INFO - 리뷰 검색 시작: ID=0T7FTR, 이름=김**
2025-09-23 10:31:51 - backend.core.coupang_reply_poster - INFO - 페이지 1에서 리뷰 검색 중...
2025-09-23 10:31:51 - backend.core.coupang_reply_poster - INFO - === 페이지네이션 분석 시작 ===
2025-09-23 10:31:51 - backend.core.coupang_reply_poster - INFO - 페이지네이션 요소 개수: 40
2025-09-23 10:31:52 - backend.core.coupang_reply_poster - INFO -   버튼 27: 'POS 설치' (class: , data-at: , visible: True, enabled: True)
2025-09-23 10:31:52 - backend.core.coupang_reply_poster - INFO -   버튼 28: '휴대폰 앱 설치' (class: , data-at: , visible: True, enabled: True)
2025-09-23 10:31:52 - backend.core.coupang_reply_poster - INFO -   버튼 29: '약관 및 정책' (class: , data-at: , visible: True, enabled: True)
2025-09-23 10:31:52 - backend.core.coupang_reply_poster - INFO -   버튼 30: 'FAQ 보기' (class: , data-at: , visible: True, enabled: True)
2025-09-23 10:31:52 - backend.core.coupang_reply_poster - INFO -   버튼 36: '' (class: pagination-btn first-page-btn hide-btn, data-at: first-page-btn, visible: False, enabled: True)
2025-09-23 10:31:52 - backend.core.coupang_reply_poster - INFO -   버튼 37: '' (class: pagination-btn prev-btn hide-btn, data-at: prev-btn, visible: False, enabled: True)
2025-09-23 10:31:52 - backend.core.coupang_reply_poster - INFO -   버튼 38: '1' (class: active, data-at: , visible: True, enabled: True)
2025-09-23 10:31:52 - backend.core.coupang_reply_poster - INFO -   버튼 39: '' (class: pagination-btn next-btn hide-btn, data-at: next-btn, visible: False, enabled: True)
2025-09-23 10:31:52 - backend.core.coupang_reply_poster - INFO -   버튼 40: '' (class: pagination-btn last-page-btn hide-btn, data-at: last-page-btn, visible: False, enabled: True)
2025-09-23 10:31:52 - backend.core.coupang_reply_poster - INFO - 현재 페이지: 1
2025-09-23 10:31:52 - backend.core.coupang_reply_poster - INFO - 사용 가능한 페이지들: [1]
2025-09-23 10:31:52 - backend.core.coupang_reply_poster - INFO - 다음 페이지 버튼 사용 가능: False
2025-09-23 10:31:52 - backend.core.coupang_reply_poster - INFO - === 페이지네이션 분석 완료 ===
2025-09-23 10:31:52 - backend.core.coupang_reply_poster - INFO - 더 이상 페이지가 없습니다.
2025-09-23 10:31:52 - backend.core.coupang_reply_poster - INFO - 더 이상 페이지가 없습니다.
2025-09-23 10:31:52 - backend.core.coupang_reply_poster - WARNING - 모든 페이지에서 리뷰를 찾을 수 없음: 0T7FTR
2025-09-23 10:31:52 - backend.core.coupang_reply_poster - WARNING - 리뷰 요소를 찾을 수 없습니다: 0T7FTR
2025-09-23 10:31:52 - backend.core.coupang_reply_poster - INFO - 재시도 준비 중: 0T7FTR
2025-09-23 10:31:52 - backend.core.coupang_reply_poster - INFO - 🔁 재시도 2/2: 0T7FTR
2025-09-23 10:31:56 - backend.core.coupang_reply_poster - INFO - 답글 포스팅 시작: 김** (ID: 0T7FTR)
2025-09-23 10:31:56 - backend.core.coupang_reply_poster - INFO - 리뷰 검색 시작: ID=0T7FTR, 이름=김**
2025-09-23 10:31:56 - backend.core.coupang_reply_poster - INFO - 페이지 1에서 리뷰 검색 중...
2025-09-23 10:31:56 - backend.core.coupang_reply_poster - INFO - === 페이지네이션 분석 시작 ===
2025-09-23 10:31:56 - backend.core.coupang_reply_poster - INFO - 페이지네이션 요소 개수: 40
2025-09-23 10:31:56 - backend.core.coupang_reply_poster - INFO -   버튼 27: 'POS 설치' (class: , data-at: , visible: True, enabled: True)
2025-09-23 10:31:56 - backend.core.coupang_reply_poster - INFO -   버튼 28: '휴대폰 앱 설치' (class: , data-at: , visible: True, enabled: True)
2025-09-23 10:31:56 - backend.core.coupang_reply_poster - INFO -   버튼 29: '약관 및 정책' (class: , data-at: , visible: True, enabled: True)
2025-09-23 10:31:56 - backend.core.coupang_reply_poster - INFO -   버튼 30: 'FAQ 보기' (class: , data-at: , visible: True, enabled: True)
2025-09-23 10:31:56 - backend.core.coupang_reply_poster - INFO -   버튼 36: '' (class: pagination-btn first-page-btn hide-btn, data-at: first-page-btn, visible: False, enabled: True)
2025-09-23 10:31:56 - backend.core.coupang_reply_poster - INFO -   버튼 37: '' (class: pagination-btn prev-btn hide-btn, data-at: prev-btn, visible: False, enabled: True)
2025-09-23 10:31:56 - backend.core.coupang_reply_poster - INFO -   버튼 38: '1' (class: active, data-at: , visible: True, enabled: True)
2025-09-23 10:31:56 - backend.core.coupang_reply_poster - INFO -   버튼 39: '' (class: pagination-btn next-btn hide-btn, data-at: next-btn, visible: False, enabled: True)
2025-09-23 10:31:56 - backend.core.coupang_reply_poster - INFO -   버튼 40: '' (class: pagination-btn last-page-btn hide-btn, data-at: last-page-btn, visible: False, enabled: True)
2025-09-23 10:31:56 - backend.core.coupang_reply_poster - INFO - 현재 페이지: 1
2025-09-23 10:31:56 - backend.core.coupang_reply_poster - INFO - 사용 가능한 페이지들: [1]
2025-09-23 10:31:56 - backend.core.coupang_reply_poster - INFO - 다음 페이지 버튼 사용 가능: False
2025-09-23 10:31:56 - backend.core.coupang_reply_poster - INFO - === 페이지네이션 분석 완료 ===
2025-09-23 10:31:56 - backend.core.coupang_reply_poster - INFO - 더 이상 페이지가 없습니다.
2025-09-23 10:31:56 - backend.core.coupang_reply_poster - INFO - 더 이상 페이지가 없습니다.
2025-09-23 10:31:56 - backend.core.coupang_reply_poster - WARNING - 모든 페이지에서 리뷰를 찾을 수 없음: 0T7FTR
2025-09-23 10:31:56 - backend.core.coupang_reply_poster - WARNING - 리뷰 요소를 찾을 수 없습니다: 0T7FTR
2025-09-23 10:31:56 - backend.core.coupang_reply_poster - WARNING - ❌ 리뷰 처리 실패: 0T7FTR - 결과 없음
2025-09-23 10:31:56 - backend.core.coupang_reply_poster - INFO - 🔄 리뷰 처리 시작: 000MV5 (총 처리 중: 11개)
2025-09-23 10:31:56 - backend.core.coupang_reply_poster - INFO - 답글 포스팅 시작: 정** (ID: 000MV5)
2025-09-23 10:31:56 - backend.core.coupang_reply_poster - INFO - 리뷰 검색 시작: ID=000MV5, 이름=정**
2025-09-23 10:31:56 - backend.core.coupang_reply_poster - INFO - 페이지 1에서 리뷰 검색 중...
2025-09-23 10:31:56 - backend.core.coupang_reply_poster - INFO - === 페이지네이션 분석 시작 ===
2025-09-23 10:31:56 - backend.core.coupang_reply_poster - INFO - 페이지네이션 요소 개수: 40
2025-09-23 10:31:56 - backend.core.coupang_reply_poster - INFO -   버튼 27: 'POS 설치' (class: , data-at: , visible: True, enabled: True)
2025-09-23 10:31:56 - backend.core.coupang_reply_poster - INFO -   버튼 28: '휴대폰 앱 설치' (class: , data-at: , visible: True, enabled: True)
2025-09-23 10:31:56 - backend.core.coupang_reply_poster - INFO -   버튼 29: '약관 및 정책' (class: , data-at: , visible: True, enabled: True)
2025-09-23 10:31:56 - backend.core.coupang_reply_poster - INFO -   버튼 30: 'FAQ 보기' (class: , data-at: , visible: True, enabled: True)
2025-09-23 10:31:56 - backend.core.coupang_reply_poster - INFO -   버튼 36: '' (class: pagination-btn first-page-btn hide-btn, data-at: first-page-btn, visible: False, enabled: True)
2025-09-23 10:31:56 - backend.core.coupang_reply_poster - INFO -   버튼 37: '' (class: pagination-btn prev-btn hide-btn, data-at: prev-btn, visible: False, enabled: True)
2025-09-23 10:31:56 - backend.core.coupang_reply_poster - INFO -   버튼 38: '1' (class: active, data-at: , visible: True, enabled: True)
2025-09-23 10:31:56 - backend.core.coupang_reply_poster - INFO -   버튼 39: '' (class: pagination-btn next-btn hide-btn, data-at: next-btn, visible: False, enabled: True)
2025-09-23 10:31:56 - backend.core.coupang_reply_poster - INFO -   버튼 40: '' (class: pagination-btn last-page-btn hide-btn, data-at: last-page-btn, visible: False, enabled: True)
2025-09-23 10:31:56 - backend.core.coupang_reply_poster - INFO - 현재 페이지: 1
2025-09-23 10:31:56 - backend.core.coupang_reply_poster - INFO - 사용 가능한 페이지들: [1]
2025-09-23 10:31:56 - backend.core.coupang_reply_poster - INFO - 다음 페이지 버튼 사용 가능: False
2025-09-23 10:31:57 - backend.core.coupang_reply_poster - INFO - === 페이지네이션 분석 완료 ===
2025-09-23 10:31:57 - backend.core.coupang_reply_poster - INFO - 더 이상 페이지가 없습니다.
2025-09-23 10:31:57 - backend.core.coupang_reply_poster - INFO - 더 이상 페이지가 없습니다.
2025-09-23 10:31:57 - backend.core.coupang_reply_poster - WARNING - 모든 페이지에서 리뷰를 찾을 수 없음: 000MV5
2025-09-23 10:31:57 - backend.core.coupang_reply_poster - WARNING - 리뷰 요소를 찾을 수 없습니다: 000MV5
2025-09-23 10:31:57 - backend.core.coupang_reply_poster - INFO - 재시도 준비 중: 000MV5
2025-09-23 10:31:57 - backend.core.coupang_reply_poster - INFO - 🔁 재시도 1/2: 000MV5
2025-09-23 10:31:59 - backend.core.coupang_reply_poster - INFO - 답글 포스팅 시작: 정** (ID: 000MV5)
2025-09-23 10:31:59 - backend.core.coupang_reply_poster - INFO - 리뷰 검색 시작: ID=000MV5, 이름=정**
2025-09-23 10:31:59 - backend.core.coupang_reply_poster - INFO - 페이지 1에서 리뷰 검색 중...
2025-09-23 10:31:59 - backend.core.coupang_reply_poster - INFO - === 페이지네이션 분석 시작 ===
2025-09-23 10:31:59 - backend.core.coupang_reply_poster - INFO - 페이지네이션 요소 개수: 40
2025-09-23 10:31:59 - backend.core.coupang_reply_poster - INFO -   버튼 27: 'POS 설치' (class: , data-at: , visible: True, enabled: True)
2025-09-23 10:31:59 - backend.core.coupang_reply_poster - INFO -   버튼 28: '휴대폰 앱 설치' (class: , data-at: , visible: True, enabled: True)
2025-09-23 10:31:59 - backend.core.coupang_reply_poster - INFO -   버튼 29: '약관 및 정책' (class: , data-at: , visible: True, enabled: True)
2025-09-23 10:31:59 - backend.core.coupang_reply_poster - INFO -   버튼 30: 'FAQ 보기' (class: , data-at: , visible: True, enabled: True)
2025-09-23 10:31:59 - backend.core.coupang_reply_poster - INFO -   버튼 36: '' (class: pagination-btn first-page-btn hide-btn, data-at: first-page-btn, visible: False, enabled: True)
2025-09-23 10:31:59 - backend.core.coupang_reply_poster - INFO -   버튼 37: '' (class: pagination-btn prev-btn hide-btn, data-at: prev-btn, visible: False, enabled: True)
2025-09-23 10:31:59 - backend.core.coupang_reply_poster - INFO -   버튼 38: '1' (class: active, data-at: , visible: True, enabled: True)
2025-09-23 10:31:59 - backend.core.coupang_reply_poster - INFO -   버튼 39: '' (class: pagination-btn next-btn hide-btn, data-at: next-btn, visible: False, enabled: True)
2025-09-23 10:31:59 - backend.core.coupang_reply_poster - INFO -   버튼 40: '' (class: pagination-btn last-page-btn hide-btn, data-at: last-page-btn, visible: False, enabled: True)
2025-09-23 10:31:59 - backend.core.coupang_reply_poster - INFO - 현재 페이지: 1
2025-09-23 10:31:59 - backend.core.coupang_reply_poster - INFO - 사용 가능한 페이지들: [1]
2025-09-23 10:31:59 - backend.core.coupang_reply_poster - INFO - 다음 페이지 버튼 사용 가능: False
2025-09-23 10:31:59 - backend.core.coupang_reply_poster - INFO - === 페이지네이션 분석 완료 ===
2025-09-23 10:31:59 - backend.core.coupang_reply_poster - INFO - 더 이상 페이지가 없습니다.
2025-09-23 10:31:59 - backend.core.coupang_reply_poster - INFO - 더 이상 페이지가 없습니다.
2025-09-23 10:31:59 - backend.core.coupang_reply_poster - WARNING - 모든 페이지에서 리뷰를 찾을 수 없음: 000MV5
2025-09-23 10:31:59 - backend.core.coupang_reply_poster - WARNING - 리뷰 요소를 찾을 수 없습니다: 000MV5
2025-09-23 10:31:59 - backend.core.coupang_reply_poster - INFO - 재시도 준비 중: 000MV5
2025-09-23 10:31:59 - backend.core.coupang_reply_poster - INFO - 🔁 재시도 2/2: 000MV5
2025-09-23 10:32:03 - backend.core.coupang_reply_poster - INFO - 답글 포스팅 시작: 정** (ID: 000MV5)
2025-09-23 10:32:03 - backend.core.coupang_reply_poster - INFO - 리뷰 검색 시작: ID=000MV5, 이름=정**
2025-09-23 10:32:03 - backend.core.coupang_reply_poster - INFO - 페이지 1에서 리뷰 검색 중...
2025-09-23 10:32:03 - backend.core.coupang_reply_poster - INFO - === 페이지네이션 분석 시작 ===
2025-09-23 10:32:03 - backend.core.coupang_reply_poster - INFO - 페이지네이션 요소 개수: 40
2025-09-23 10:32:03 - backend.core.coupang_reply_poster - INFO -   버튼 27: 'POS 설치' (class: , data-at: , visible: True, enabled: True)
2025-09-23 10:32:03 - backend.core.coupang_reply_poster - INFO -   버튼 28: '휴대폰 앱 설치' (class: , data-at: , visible: True, enabled: True)
2025-09-23 10:32:03 - backend.core.coupang_reply_poster - INFO -   버튼 29: '약관 및 정책' (class: , data-at: , visible: True, enabled: True)
2025-09-23 10:32:03 - backend.core.coupang_reply_poster - INFO -   버튼 30: 'FAQ 보기' (class: , data-at: , visible: True, enabled: True)
2025-09-23 10:32:03 - backend.core.coupang_reply_poster - INFO -   버튼 36: '' (class: pagination-btn first-page-btn hide-btn, data-at: first-page-btn, visible: False, enabled: True)
2025-09-23 10:32:03 - backend.core.coupang_reply_poster - INFO -   버튼 37: '' (class: pagination-btn prev-btn hide-btn, data-at: prev-btn, visible: False, enabled: True)
2025-09-23 10:32:03 - backend.core.coupang_reply_poster - INFO -   버튼 38: '1' (class: active, data-at: , visible: True, enabled: True)
2025-09-23 10:32:03 - backend.core.coupang_reply_poster - INFO -   버튼 39: '' (class: pagination-btn next-btn hide-btn, data-at: next-btn, visible: False, enabled: True)
2025-09-23 10:32:03 - backend.core.coupang_reply_poster - INFO -   버튼 40: '' (class: pagination-btn last-page-btn hide-btn, data-at: last-page-btn, visible: False, enabled: True)
2025-09-23 10:32:03 - backend.core.coupang_reply_poster - INFO - 현재 페이지: 1
2025-09-23 10:32:03 - backend.core.coupang_reply_poster - INFO - 사용 가능한 페이지들: [1]
2025-09-23 10:32:03 - backend.core.coupang_reply_poster - INFO - 다음 페이지 버튼 사용 가능: False
2025-09-23 10:32:03 - backend.core.coupang_reply_poster - INFO - === 페이지네이션 분석 완료 ===
2025-09-23 10:32:03 - backend.core.coupang_reply_poster - INFO - 더 이상 페이지가 없습니다.
2025-09-23 10:32:03 - backend.core.coupang_reply_poster - INFO - 더 이상 페이지가 없습니다.
2025-09-23 10:32:03 - backend.core.coupang_reply_poster - WARNING - 모든 페이지에서 리뷰를 찾을 수 없음: 000MV5
2025-09-23 10:32:03 - backend.core.coupang_reply_poster - WARNING - 리뷰 요소를 찾을 수 없습니다: 000MV5
2025-09-23 10:32:03 - backend.core.coupang_reply_poster - WARNING - ❌ 리뷰 처리 실패: 000MV5 - 결과 없음
2025-09-23 10:32:03 - backend.core.coupang_reply_poster - INFO - 🔄 리뷰 처리 시작: 0W6WAR (총 처리 중: 12개)
2025-09-23 10:32:03 - backend.core.coupang_reply_poster - INFO - 답글 포스팅 시작: 김** (ID: 0W6WAR)
2025-09-23 10:32:03 - backend.core.coupang_reply_poster - INFO - 리뷰 검색 시작: ID=0W6WAR, 이름=김**
2025-09-23 10:32:03 - backend.core.coupang_reply_poster - INFO - 페이지 1에서 리뷰 검색 중...
2025-09-23 10:32:03 - backend.core.coupang_reply_poster - INFO - === 페이지네이션 분석 시작 ===
2025-09-23 10:32:03 - backend.core.coupang_reply_poster - INFO - 페이지네이션 요소 개수: 40
2025-09-23 10:32:04 - backend.core.coupang_reply_poster - INFO -   버튼 27: 'POS 설치' (class: , data-at: , visible: True, enabled: True)
2025-09-23 10:32:04 - backend.core.coupang_reply_poster - INFO -   버튼 28: '휴대폰 앱 설치' (class: , data-at: , visible: True, enabled: True)
2025-09-23 10:32:04 - backend.core.coupang_reply_poster - INFO -   버튼 29: '약관 및 정책' (class: , data-at: , visible: True, enabled: True)
2025-09-23 10:32:04 - backend.core.coupang_reply_poster - INFO -   버튼 30: 'FAQ 보기' (class: , data-at: , visible: True, enabled: True)
2025-09-23 10:32:04 - backend.core.coupang_reply_poster - INFO -   버튼 36: '' (class: pagination-btn first-page-btn hide-btn, data-at: first-page-btn, visible: False, enabled: True)
2025-09-23 10:32:04 - backend.core.coupang_reply_poster - INFO -   버튼 37: '' (class: pagination-btn prev-btn hide-btn, data-at: prev-btn, visible: False, enabled: True)
2025-09-23 10:32:04 - backend.core.coupang_reply_poster - INFO -   버튼 38: '1' (class: active, data-at: , visible: True, enabled: True)
2025-09-23 10:32:04 - backend.core.coupang_reply_poster - INFO -   버튼 39: '' (class: pagination-btn next-btn hide-btn, data-at: next-btn, visible: False, enabled: True)
2025-09-23 10:32:04 - backend.core.coupang_reply_poster - INFO -   버튼 40: '' (class: pagination-btn last-page-btn hide-btn, data-at: last-page-btn, visible: False, enabled: True)
2025-09-23 10:32:04 - backend.core.coupang_reply_poster - INFO - 현재 페이지: 1
2025-09-23 10:32:04 - backend.core.coupang_reply_poster - INFO - 사용 가능한 페이지들: [1]
2025-09-23 10:32:04 - backend.core.coupang_reply_poster - INFO - 다음 페이지 버튼 사용 가능: False
2025-09-23 10:32:04 - backend.core.coupang_reply_poster - INFO - === 페이지네이션 분석 완료 ===
2025-09-23 10:32:04 - backend.core.coupang_reply_poster - INFO - 더 이상 페이지가 없습니다.
2025-09-23 10:32:04 - backend.core.coupang_reply_poster - INFO - 더 이상 페이지가 없습니다.
2025-09-23 10:32:04 - backend.core.coupang_reply_poster - WARNING - 모든 페이지에서 리뷰를 찾을 수 없음: 0W6WAR
2025-09-23 10:32:04 - backend.core.coupang_reply_poster - WARNING - 리뷰 요소를 찾을 수 없습니다: 0W6WAR
2025-09-23 10:32:04 - backend.core.coupang_reply_poster - INFO - 재시도 준비 중: 0W6WAR
2025-09-23 10:32:04 - backend.core.coupang_reply_poster - INFO - 🔁 재시도 1/2: 0W6WAR
2025-09-23 10:32:06 - backend.core.coupang_reply_poster - INFO - 답글 포스팅 시작: 김** (ID: 0W6WAR)
2025-09-23 10:32:06 - backend.core.coupang_reply_poster - INFO - 리뷰 검색 시작: ID=0W6WAR, 이름=김**
2025-09-23 10:32:06 - backend.core.coupang_reply_poster - INFO - 페이지 1에서 리뷰 검색 중...
2025-09-23 10:32:06 - backend.core.coupang_reply_poster - INFO - === 페이지네이션 분석 시작 ===
2025-09-23 10:32:06 - backend.core.coupang_reply_poster - INFO - 페이지네이션 요소 개수: 40
2025-09-23 10:32:06 - backend.core.coupang_reply_poster - INFO -   버튼 27: 'POS 설치' (class: , data-at: , visible: True, enabled: True)
2025-09-23 10:32:06 - backend.core.coupang_reply_poster - INFO -   버튼 28: '휴대폰 앱 설치' (class: , data-at: , visible: True, enabled: True)
2025-09-23 10:32:06 - backend.core.coupang_reply_poster - INFO -   버튼 29: '약관 및 정책' (class: , data-at: , visible: True, enabled: True)
2025-09-23 10:32:06 - backend.core.coupang_reply_poster - INFO -   버튼 30: 'FAQ 보기' (class: , data-at: , visible: True, enabled: True)
2025-09-23 10:32:06 - backend.core.coupang_reply_poster - INFO -   버튼 36: '' (class: pagination-btn first-page-btn hide-btn, data-at: first-page-btn, visible: False, enabled: True)
2025-09-23 10:32:06 - backend.core.coupang_reply_poster - INFO -   버튼 37: '' (class: pagination-btn prev-btn hide-btn, data-at: prev-btn, visible: False, enabled: True)
2025-09-23 10:32:06 - backend.core.coupang_reply_poster - INFO -   버튼 38: '1' (class: active, data-at: , visible: True, enabled: True)
2025-09-23 10:32:06 - backend.core.coupang_reply_poster - INFO -   버튼 39: '' (class: pagination-btn next-btn hide-btn, data-at: next-btn, visible: False, enabled: True)
2025-09-23 10:32:06 - backend.core.coupang_reply_poster - INFO -   버튼 40: '' (class: pagination-btn last-page-btn hide-btn, data-at: last-page-btn, visible: False, enabled: True)
2025-09-23 10:32:06 - backend.core.coupang_reply_poster - INFO - 현재 페이지: 1
2025-09-23 10:32:06 - backend.core.coupang_reply_poster - INFO - 사용 가능한 페이지들: [1]
2025-09-23 10:32:06 - backend.core.coupang_reply_poster - INFO - 다음 페이지 버튼 사용 가능: False
2025-09-23 10:32:06 - backend.core.coupang_reply_poster - INFO - === 페이지네이션 분석 완료 ===
2025-09-23 10:32:06 - backend.core.coupang_reply_poster - INFO - 더 이상 페이지가 없습니다.
2025-09-23 10:32:06 - backend.core.coupang_reply_poster - INFO - 더 이상 페이지가 없습니다.
2025-09-23 10:32:06 - backend.core.coupang_reply_poster - WARNING - 모든 페이지에서 리뷰를 찾을 수 없음: 0W6WAR
2025-09-23 10:32:06 - backend.core.coupang_reply_poster - WARNING - 리뷰 요소를 찾을 수 없습니다: 0W6WAR
2025-09-23 10:32:06 - backend.core.coupang_reply_poster - INFO - 재시도 준비 중: 0W6WAR
2025-09-23 10:32:06 - backend.core.coupang_reply_poster - INFO - 🔁 재시도 2/2: 0W6WAR
2025-09-23 10:32:10 - backend.core.coupang_reply_poster - INFO - 답글 포스팅 시작: 김** (ID: 0W6WAR)
2025-09-23 10:32:10 - backend.core.coupang_reply_poster - INFO - 리뷰 검색 시작: ID=0W6WAR, 이름=김**
2025-09-23 10:32:10 - backend.core.coupang_reply_poster - INFO - 페이지 1에서 리뷰 검색 중...
2025-09-23 10:32:10 - backend.core.coupang_reply_poster - INFO - === 페이지네이션 분석 시작 ===
2025-09-23 10:32:10 - backend.core.coupang_reply_poster - INFO - 페이지네이션 요소 개수: 40
2025-09-23 10:32:10 - backend.core.coupang_reply_poster - INFO -   버튼 27: 'POS 설치' (class: , data-at: , visible: True, enabled: True)
2025-09-23 10:32:10 - backend.core.coupang_reply_poster - INFO -   버튼 28: '휴대폰 앱 설치' (class: , data-at: , visible: True, enabled: True)
2025-09-23 10:32:10 - backend.core.coupang_reply_poster - INFO -   버튼 29: '약관 및 정책' (class: , data-at: , visible: True, enabled: True)
2025-09-23 10:32:10 - backend.core.coupang_reply_poster - INFO -   버튼 30: 'FAQ 보기' (class: , data-at: , visible: True, enabled: True)
2025-09-23 10:32:11 - backend.core.coupang_reply_poster - INFO -   버튼 36: '' (class: pagination-btn first-page-btn hide-btn, data-at: first-page-btn, visible: False, enabled: True)
2025-09-23 10:32:11 - backend.core.coupang_reply_poster - INFO -   버튼 37: '' (class: pagination-btn prev-btn hide-btn, data-at: prev-btn, visible: False, enabled: True)
2025-09-23 10:32:11 - backend.core.coupang_reply_poster - INFO -   버튼 38: '1' (class: active, data-at: , visible: True, enabled: True)
2025-09-23 10:32:11 - backend.core.coupang_reply_poster - INFO -   버튼 39: '' (class: pagination-btn next-btn hide-btn, data-at: next-btn, visible: False, enabled: True)
2025-09-23 10:32:11 - backend.core.coupang_reply_poster - INFO -   버튼 40: '' (class: pagination-btn last-page-btn hide-btn, data-at: last-page-btn, visible: False, enabled: True)
2025-09-23 10:32:11 - backend.core.coupang_reply_poster - INFO - 현재 페이지: 1
2025-09-23 10:32:11 - backend.core.coupang_reply_poster - INFO - 사용 가능한 페이지들: [1]
2025-09-23 10:32:11 - backend.core.coupang_reply_poster - INFO - 다음 페이지 버튼 사용 가능: False
2025-09-23 10:32:11 - backend.core.coupang_reply_poster - INFO - === 페이지네이션 분석 완료 ===
2025-09-23 10:32:11 - backend.core.coupang_reply_poster - INFO - 더 이상 페이지가 없습니다.
2025-09-23 10:32:11 - backend.core.coupang_reply_poster - INFO - 더 이상 페이지가 없습니다.
2025-09-23 10:32:11 - backend.core.coupang_reply_poster - WARNING - 모든 페이지에서 리뷰를 찾을 수 없음: 0W6WAR
2025-09-23 10:32:11 - backend.core.coupang_reply_poster - WARNING - 리뷰 요소를 찾을 수 없습니다: 0W6WAR
2025-09-23 10:32:11 - backend.core.coupang_reply_poster - WARNING - ❌ 리뷰 처리 실패: 0W6WAR - 결과 없음
2025-09-23 10:32:11 - backend.core.coupang_reply_poster - INFO - 🔄 리뷰 처리 시작: 0G437V (총 처리 중: 13개)
2025-09-23 10:32:11 - backend.core.coupang_reply_poster - INFO - 답글 포스팅 시작: 한** (ID: 0G437V)
2025-09-23 10:32:11 - backend.core.coupang_reply_poster - INFO - 리뷰 검색 시작: ID=0G437V, 이름=한**
2025-09-23 10:32:11 - backend.core.coupang_reply_poster - INFO - 페이지 1에서 리뷰 검색 중...
2025-09-23 10:32:11 - backend.core.coupang_reply_poster - INFO - === 페이지네이션 분석 시작 ===
2025-09-23 10:32:11 - backend.core.coupang_reply_poster - INFO - 페이지네이션 요소 개수: 40
2025-09-23 10:32:11 - backend.core.coupang_reply_poster - INFO -   버튼 27: 'POS 설치' (class: , data-at: , visible: True, enabled: True)
2025-09-23 10:32:11 - backend.core.coupang_reply_poster - INFO -   버튼 28: '휴대폰 앱 설치' (class: , data-at: , visible: True, enabled: True)
2025-09-23 10:32:11 - backend.core.coupang_reply_poster - INFO -   버튼 29: '약관 및 정책' (class: , data-at: , visible: True, enabled: True)
2025-09-23 10:32:11 - backend.core.coupang_reply_poster - INFO -   버튼 30: 'FAQ 보기' (class: , data-at: , visible: True, enabled: True)
2025-09-23 10:32:11 - backend.core.coupang_reply_poster - INFO -   버튼 36: '' (class: pagination-btn first-page-btn hide-btn, data-at: first-page-btn, visible: False, enabled: True)
2025-09-23 10:32:11 - backend.core.coupang_reply_poster - INFO -   버튼 37: '' (class: pagination-btn prev-btn hide-btn, data-at: prev-btn, visible: False, enabled: True)
2025-09-23 10:32:11 - backend.core.coupang_reply_poster - INFO -   버튼 38: '1' (class: active, data-at: , visible: True, enabled: True)
2025-09-23 10:32:11 - backend.core.coupang_reply_poster - INFO -   버튼 39: '' (class: pagination-btn next-btn hide-btn, data-at: next-btn, visible: False, enabled: True)
2025-09-23 10:32:11 - backend.core.coupang_reply_poster - INFO -   버튼 40: '' (class: pagination-btn last-page-btn hide-btn, data-at: last-page-btn, visible: False, enabled: True)
2025-09-23 10:32:11 - backend.core.coupang_reply_poster - INFO - 현재 페이지: 1
2025-09-23 10:32:11 - backend.core.coupang_reply_poster - INFO - 사용 가능한 페이지들: [1]
2025-09-23 10:32:11 - backend.core.coupang_reply_poster - INFO - 다음 페이지 버튼 사용 가능: False
2025-09-23 10:32:11 - backend.core.coupang_reply_poster - INFO - === 페이지네이션 분석 완료 ===
2025-09-23 10:32:11 - backend.core.coupang_reply_poster - INFO - 더 이상 페이지가 없습니다.
2025-09-23 10:32:11 - backend.core.coupang_reply_poster - INFO - 더 이상 페이지가 없습니다.
2025-09-23 10:32:11 - backend.core.coupang_reply_poster - WARNING - 모든 페이지에서 리뷰를 찾을 수 없음: 0G437V
2025-09-23 10:32:11 - backend.core.coupang_reply_poster - WARNING - 리뷰 요소를 찾을 수 없습니다: 0G437V
2025-09-23 10:32:11 - backend.core.coupang_reply_poster - INFO - 재시도 준비 중: 0G437V
2025-09-23 10:32:11 - backend.core.coupang_reply_poster - INFO - 🔁 재시도 1/2: 0G437V
2025-09-23 10:32:13 - backend.core.coupang_reply_poster - INFO - 답글 포스팅 시작: 한** (ID: 0G437V)
2025-09-23 10:32:13 - backend.core.coupang_reply_poster - INFO - 리뷰 검색 시작: ID=0G437V, 이름=한**
2025-09-23 10:32:13 - backend.core.coupang_reply_poster - INFO - 페이지 1에서 리뷰 검색 중...
2025-09-23 10:32:13 - backend.core.coupang_reply_poster - INFO - === 페이지네이션 분석 시작 ===
2025-09-23 10:32:13 - backend.core.coupang_reply_poster - INFO - 페이지네이션 요소 개수: 40
2025-09-23 10:32:13 - backend.core.coupang_reply_poster - INFO -   버튼 27: 'POS 설치' (class: , data-at: , visible: True, enabled: True)
2025-09-23 10:32:13 - backend.core.coupang_reply_poster - INFO -   버튼 28: '휴대폰 앱 설치' (class: , data-at: , visible: True, enabled: True)
2025-09-23 10:32:13 - backend.core.coupang_reply_poster - INFO -   버튼 29: '약관 및 정책' (class: , data-at: , visible: True, enabled: True)
2025-09-23 10:32:13 - backend.core.coupang_reply_poster - INFO -   버튼 30: 'FAQ 보기' (class: , data-at: , visible: True, enabled: True)
2025-09-23 10:32:13 - backend.core.coupang_reply_poster - INFO -   버튼 36: '' (class: pagination-btn first-page-btn hide-btn, data-at: first-page-btn, visible: False, enabled: True)
2025-09-23 10:32:13 - backend.core.coupang_reply_poster - INFO -   버튼 37: '' (class: pagination-btn prev-btn hide-btn, data-at: prev-btn, visible: False, enabled: True)
2025-09-23 10:32:13 - backend.core.coupang_reply_poster - INFO -   버튼 38: '1' (class: active, data-at: , visible: True, enabled: True)
2025-09-23 10:32:13 - backend.core.coupang_reply_poster - INFO -   버튼 39: '' (class: pagination-btn next-btn hide-btn, data-at: next-btn, visible: False, enabled: True)
2025-09-23 10:32:13 - backend.core.coupang_reply_poster - INFO -   버튼 40: '' (class: pagination-btn last-page-btn hide-btn, data-at: last-page-btn, visible: False, enabled: True)
2025-09-23 10:32:13 - backend.core.coupang_reply_poster - INFO - 현재 페이지: 1
2025-09-23 10:32:13 - backend.core.coupang_reply_poster - INFO - 사용 가능한 페이지들: [1]
2025-09-23 10:32:13 - backend.core.coupang_reply_poster - INFO - 다음 페이지 버튼 사용 가능: False
2025-09-23 10:32:14 - backend.core.coupang_reply_poster - INFO - === 페이지네이션 분석 완료 ===
2025-09-23 10:32:14 - backend.core.coupang_reply_poster - INFO - 더 이상 페이지가 없습니다.
2025-09-23 10:32:14 - backend.core.coupang_reply_poster - INFO - 더 이상 페이지가 없습니다.
2025-09-23 10:32:14 - backend.core.coupang_reply_poster - WARNING - 모든 페이지에서 리뷰를 찾을 수 없음: 0G437V
2025-09-23 10:32:14 - backend.core.coupang_reply_poster - WARNING - 리뷰 요소를 찾을 수 없습니다: 0G437V
2025-09-23 10:32:14 - backend.core.coupang_reply_poster - INFO - 재시도 준비 중: 0G437V
2025-09-23 10:32:14 - backend.core.coupang_reply_poster - INFO - 🔁 재시도 2/2: 0G437V
2025-09-23 10:32:18 - backend.core.coupang_reply_poster - INFO - 답글 포스팅 시작: 한** (ID: 0G437V)
2025-09-23 10:32:18 - backend.core.coupang_reply_poster - INFO - 리뷰 검색 시작: ID=0G437V, 이름=한**
2025-09-23 10:32:18 - backend.core.coupang_reply_poster - INFO - 페이지 1에서 리뷰 검색 중...
2025-09-23 10:32:18 - backend.core.coupang_reply_poster - INFO - === 페이지네이션 분석 시작 ===
2025-09-23 10:32:18 - backend.core.coupang_reply_poster - INFO - 페이지네이션 요소 개수: 40
2025-09-23 10:32:18 - backend.core.coupang_reply_poster - INFO -   버튼 27: 'POS 설치' (class: , data-at: , visible: True, enabled: True)
2025-09-23 10:32:18 - backend.core.coupang_reply_poster - INFO -   버튼 28: '휴대폰 앱 설치' (class: , data-at: , visible: True, enabled: True)
2025-09-23 10:32:18 - backend.core.coupang_reply_poster - INFO -   버튼 29: '약관 및 정책' (class: , data-at: , visible: True, enabled: True)
2025-09-23 10:32:18 - backend.core.coupang_reply_poster - INFO -   버튼 30: 'FAQ 보기' (class: , data-at: , visible: True, enabled: True)
2025-09-23 10:32:18 - backend.core.coupang_reply_poster - INFO -   버튼 36: '' (class: pagination-btn first-page-btn hide-btn, data-at: first-page-btn, visible: False, enabled: True)
2025-09-23 10:32:18 - backend.core.coupang_reply_poster - INFO -   버튼 37: '' (class: pagination-btn prev-btn hide-btn, data-at: prev-btn, visible: False, enabled: True)
2025-09-23 10:32:18 - backend.core.coupang_reply_poster - INFO -   버튼 38: '1' (class: active, data-at: , visible: True, enabled: True)
2025-09-23 10:32:18 - backend.core.coupang_reply_poster - INFO -   버튼 39: '' (class: pagination-btn next-btn hide-btn, data-at: next-btn, visible: False, enabled: True)
2025-09-23 10:32:18 - backend.core.coupang_reply_poster - INFO -   버튼 40: '' (class: pagination-btn last-page-btn hide-btn, data-at: last-page-btn, visible: False, enabled: True)
2025-09-23 10:32:18 - backend.core.coupang_reply_poster - INFO - 현재 페이지: 1
2025-09-23 10:32:18 - backend.core.coupang_reply_poster - INFO - 사용 가능한 페이지들: [1]
2025-09-23 10:32:18 - backend.core.coupang_reply_poster - INFO - 다음 페이지 버튼 사용 가능: False
2025-09-23 10:32:18 - backend.core.coupang_reply_poster - INFO - === 페이지네이션 분석 완료 ===
2025-09-23 10:32:18 - backend.core.coupang_reply_poster - INFO - 더 이상 페이지가 없습니다.
2025-09-23 10:32:18 - backend.core.coupang_reply_poster - INFO - 더 이상 페이지가 없습니다.
2025-09-23 10:32:18 - backend.core.coupang_reply_poster - WARNING - 모든 페이지에서 리뷰를 찾을 수 없음: 0G437V
2025-09-23 10:32:18 - backend.core.coupang_reply_poster - WARNING - 리뷰 요소를 찾을 수 없습니다: 0G437V
2025-09-23 10:32:18 - backend.core.coupang_reply_poster - WARNING - ❌ 리뷰 처리 실패: 0G437V - 결과 없음
2025-09-23 10:32:18 - backend.core.coupang_reply_poster - INFO - 🔄 리뷰 처리 시작: 17KVRU (총 처리 중: 14개)
2025-09-23 10:32:18 - backend.core.coupang_reply_poster - INFO - 답글 포스팅 시작: 신** (ID: 17KVRU)
2025-09-23 10:32:18 - backend.core.coupang_reply_poster - INFO - 리뷰 검색 시작: ID=17KVRU, 이름=신**
2025-09-23 10:32:18 - backend.core.coupang_reply_poster - INFO - 페이지 1에서 리뷰 검색 중...
2025-09-23 10:32:18 - backend.core.coupang_reply_poster - INFO - === 페이지네이션 분석 시작 ===
2025-09-23 10:32:18 - backend.core.coupang_reply_poster - INFO - 페이지네이션 요소 개수: 40
2025-09-23 10:32:18 - backend.core.coupang_reply_poster - INFO -   버튼 27: 'POS 설치' (class: , data-at: , visible: True, enabled: True)
2025-09-23 10:32:18 - backend.core.coupang_reply_poster - INFO -   버튼 28: '휴대폰 앱 설치' (class: , data-at: , visible: True, enabled: True)
2025-09-23 10:32:18 - backend.core.coupang_reply_poster - INFO -   버튼 29: '약관 및 정책' (class: , data-at: , visible: True, enabled: True)
2025-09-23 10:32:18 - backend.core.coupang_reply_poster - INFO -   버튼 30: 'FAQ 보기' (class: , data-at: , visible: True, enabled: True)
2025-09-23 10:56:26 - __main__ - INFO - 요기요 로그인 시작...
2025-09-23 10:56:29 - __main__ - INFO - 🎭 선택된 User-Agent: Mozilla/5.0 (Windows NT 10.0; Win64; x64) AppleWeb...
2025-09-23 10:56:30 - __main__ - INFO - [Network] 네트워크 인터셉트 활성화
2025-09-23 10:56:30 - __main__ - INFO - 🕵️ 스텔스 모드 로그인 시작...
2025-09-23 10:56:30 - __main__ - INFO - 🔍 로그인 전 브라우저 상태 검증...
2025-09-23 10:56:30 - __main__ - INFO - 페이지 제목: 
2025-09-23 10:56:30 - __main__ - INFO - WebGL 상태: 정상
2025-09-23 10:56:30 - __main__ - INFO - [Network] 네트워크 인터셉트 활성화
2025-09-23 10:56:30 - __main__ - ERROR - [Monitor] ERR 0.18s Unexpected token ';'
2025-09-23 10:56:30 - __main__ - ERROR - [Monitor] ERR 0.18s Unexpected token ';'
2025-09-23 10:56:31 - __main__ - ERROR - [Monitor] ERR 1.44s Unexpected token ';'
2025-09-23 10:56:31 - __main__ - ERROR - [Monitor] ERR 1.44s Unexpected token ';'
2025-09-23 11:01:55 - __main__ - INFO - 요기요 로그인 시작...
2025-09-23 11:17:22 - __main__ - INFO - 요기요 로그인 시작...
2025-09-23 11:17:24 - __main__ - INFO - 로그인 버튼 클릭 성공: button[type="submit"]
2025-09-23 11:17:25 - __main__ - INFO - 로그인 성공 - 페이지 이동 감지
2025-09-23 11:17:25 - __main__ - INFO - 로그인 성공 (URL: https://ceo.yogiyo.co.kr/)
2025-09-23 11:17:25 - __main__ - INFO - 리뷰 페이지로 이동 중...
2025-09-23 11:17:27 - __main__ - INFO - 리뷰 페이지 이동 완료
2025-09-23 11:17:27 - __main__ - INFO - 매장 선택: 1468227
2025-09-23 11:17:27 - __main__ - INFO - 드롭다운 클릭 성공: div.StoreSelector__SelectedStore-sc-1rowjsb-13
2025-09-23 11:18:53 - __main__ - INFO - 요기요 로그인 시작...
2025-09-23 11:18:55 - __main__ - INFO - 로그인 버튼 클릭 성공: button[type="submit"]
2025-09-23 11:18:55 - __main__ - ERROR - 로그인 중 오류: Target page, context or browser has been closed
2025-09-23 11:18:58 - __main__ - INFO - 🎭 선택된 User-Agent: Mozilla/5.0 (Windows NT 10.0; Win64; x64) AppleWeb...
2025-09-23 11:18:58 - __main__ - INFO - [Network] 네트워크 인터셉트 활성화
2025-09-23 11:18:58 - __main__ - INFO - 🕵️ 스텔스 모드 로그인 시작...
2025-09-23 11:18:58 - __main__ - INFO - 🔍 로그인 전 브라우저 상태 검증...
2025-09-23 11:18:58 - __main__ - INFO - 페이지 제목: 
2025-09-23 11:18:58 - __main__ - INFO - WebGL 상태: 정상
2025-09-23 11:18:58 - __main__ - INFO - [Network] 네트워크 인터셉트 활성화
2025-09-23 11:18:58 - __main__ - ERROR - [Monitor] ERR 0.17s Unexpected token ';'
2025-09-23 11:18:58 - __main__ - ERROR - [Monitor] ERR 0.17s Unexpected token ';'
2025-09-23 11:18:59 - __main__ - ERROR - [Monitor] ERR 0.57s Unexpected token ';'
2025-09-23 11:18:59 - __main__ - ERROR - [Monitor] ERR 0.57s Unexpected token ';'
2025-09-23 11:46:47 - __main__ - INFO - 요기요 로그인 시작...
2025-09-23 11:46:50 - __main__ - INFO - 로그인 버튼 클릭 성공: button[type="submit"]
2025-09-23 11:46:50 - __main__ - INFO - 로그인 성공 - 페이지 이동 감지
2025-09-23 11:46:50 - __main__ - INFO - 로그인 성공 (URL: https://ceo.yogiyo.co.kr/)
2025-09-23 11:46:50 - __main__ - INFO - 리뷰 페이지로 이동 중...
2025-09-23 11:46:52 - __main__ - INFO - 리뷰 페이지 이동 완료
2025-09-23 11:46:52 - __main__ - INFO - 매장 선택: 1468227
2025-09-23 11:46:52 - __main__ - INFO - 드롭다운 클릭 성공: div.StoreSelector__SelectedStore-sc-1rowjsb-13
2025-09-23 11:46:53 - __main__ - INFO - 매장 선택 완료: 1468227
2025-09-23 11:46:57 - __main__ - INFO - 미답변 탭 클릭 성공: 미답변 (0)
2025-09-23 11:46:57 - __main__ - INFO - 미답변 탭 클릭 완료
2025-09-23 11:46:57 - __main__ - INFO - 스크롤 1/15 진행 중...
2025-09-23 11:46:57 - __main__ - INFO - 리뷰 컨테이너 0개 발견
2025-09-23 11:46:57 - __main__ - INFO - 페이지 추출 완료 - 전체: 0개, 수집: 0개, 답글있어서 스킵: 0개
2025-09-23 11:46:57 - __main__ - INFO - 현재 페이지에서 0개 리뷰 발견
2025-09-23 11:46:57 - __main__ - INFO - 새로 추가된 리뷰: 0개, 총 리뷰: 0개
2025-09-23 11:47:00 - __main__ - INFO - 더 이상 스크롤할 수 없어 수집을 중단합니다.
2025-09-23 11:47:00 - __main__ - INFO - 무한 스크롤 완료 - 총 0개 리뷰 수집
2025-09-23 12:08:22 - __main__ - INFO - 요기요 로그인 시작...
2025-09-23 12:08:24 - __main__ - INFO - 로그인 버튼 클릭 성공: button[type="submit"]
2025-09-23 12:08:25 - __main__ - INFO - 로그인 성공 - 페이지 이동 감지
2025-09-23 12:08:25 - __main__ - INFO - 로그인 성공 (URL: https://ceo.yogiyo.co.kr/)
2025-09-23 12:08:25 - __main__ - INFO - 리뷰 페이지로 이동 중...
2025-09-23 12:25:34 - __main__ - INFO - 요기요 로그인 시작...
2025-09-23 12:25:36 - __main__ - INFO - 로그인 버튼 클릭 성공: button[type="submit"]
2025-09-23 12:25:37 - __main__ - INFO - 로그인 성공 - 페이지 이동 감지
2025-09-23 12:25:37 - __main__ - INFO - 로그인 성공 (URL: https://ceo.yogiyo.co.kr/)
2025-09-23 12:25:37 - __main__ - INFO - 리뷰 페이지로 이동 중...
2025-09-23 12:25:39 - __main__ - INFO - 리뷰 페이지 이동 완료
2025-09-23 12:25:39 - __main__ - INFO - 매장 선택: 1468227
2025-09-23 12:25:39 - __main__ - INFO - 드롭다운 클릭 성공: div.StoreSelector__SelectedStore-sc-1rowjsb-13
2025-09-23 12:25:40 - __main__ - INFO - 매장 선택 완료: 1468227
2025-09-23 12:25:44 - __main__ - INFO - 미답변 탭 클릭 성공: 미답변 (0)
2025-09-23 12:25:44 - __main__ - INFO - 미답변 탭 클릭 완료
2025-09-23 12:25:44 - __main__ - INFO - 스크롤 1/15 진행 중...
2025-09-23 12:25:44 - __main__ - INFO - 리뷰 컨테이너 0개 발견
2025-09-23 12:25:44 - __main__ - INFO - 페이지 추출 완료 - 전체: 0개, 수집: 0개, 답글있어서 스킵: 0개
2025-09-23 12:25:44 - __main__ - INFO - 현재 페이지에서 0개 리뷰 발견
2025-09-23 12:25:44 - __main__ - INFO - 새로 추가된 리뷰: 0개, 총 리뷰: 0개
2025-09-23 12:25:47 - __main__ - INFO - 더 이상 스크롤할 수 없어 수집을 중단합니다.
2025-09-23 12:25:47 - __main__ - INFO - 무한 스크롤 완료 - 총 0개 리뷰 수집
2025-09-23 12:25:50 - __main__ - INFO - 🎭 선택된 User-Agent: Mozilla/5.0 (Macintosh; Intel Mac OS X 10_15_7) Ap...
2025-09-23 12:25:50 - __main__ - INFO - [Network] 네트워크 인터셉트 활성화
2025-09-23 12:25:50 - __main__ - INFO - 🕵️ 스텔스 모드 로그인 시작...
2025-09-23 12:25:50 - __main__ - INFO - 🔍 로그인 전 브라우저 상태 검증...
2025-09-23 12:25:50 - __main__ - INFO - 페이지 제목: 
2025-09-23 12:25:50 - __main__ - INFO - WebGL 상태: 정상
2025-09-23 12:25:50 - __main__ - INFO - [Network] 네트워크 인터셉트 활성화
2025-09-23 12:25:50 - __main__ - ERROR - [Monitor] ERR 0.15s Unexpected token ';'
2025-09-23 12:25:50 - __main__ - ERROR - [Monitor] ERR 0.15s Unexpected token ';'
2025-09-23 12:25:50 - __main__ - ERROR - [Monitor] ERR 0.52s Unexpected token ';'
2025-09-23 12:25:50 - __main__ - ERROR - [Monitor] ERR 0.52s Unexpected token ';'
2025-09-23 12:25:51 - __main__ - ERROR - [Monitor] ERR 1.43s Unexpected token ';'
2025-09-23 12:25:51 - __main__ - ERROR - [Monitor] ERR 1.43s Unexpected token ';'
2025-09-23 12:25:58 - __main__ - INFO - [Monitor] 📋 클립보드 로그인 시작...
2025-09-23 12:25:58 - __main__ - INFO - [Monitor] ID 필드 랜덤 클릭: (970.4, 214.0)
2025-09-23 12:26:00 - __main__ - INFO - [Monitor] Ctrl+A 두 번 누름 (인간적 실수)
2025-09-23 12:26:02 - __main__ - INFO - [Monitor] ID 필드 재확인 클릭
2025-09-23 12:26:02 - __main__ - INFO - [Monitor] ID 입력 완료
2025-09-23 12:26:02 - __main__ - INFO - [Monitor] PW 필드 랜덤 클릭: (883.6, 303.2)
2025-09-23 12:26:05 - __main__ - INFO - [Monitor] PW 입력 완료
2025-09-23 12:26:07 - __main__ - INFO - [Monitor] 🎯 로그인 버튼 클릭...
2025-09-23 12:26:08 - __main__ - INFO - [Monitor] ✅ 랜덤 위치 클릭: (1033.7, 393.5)
2025-09-23 12:26:08 - __main__ - INFO - [Monitor] 🚀 로그인 버튼 클릭 완료 - 응답 대기 시작
2025-09-23 12:26:08 - __main__ - INFO - [Monitor] 로그인 API 응답 대기 중 (진단 기반 개선)...
2025-09-23 12:26:08 - __main__ - INFO - [Network] 로그인 API 요청 감지: POST https://store.coupangeats.com/api/v1/merchant/login
2025-09-23 12:26:17 - __main__ - WARNING - [Monitor] ⚠️ 8초 대기 완료 - 응답 지연 가능성
2025-09-23 12:26:19 - __main__ - WARNING - ❌ 로그인 실패 - 9번 더 시도 남음
2025-09-23 12:26:19 - __main__ - INFO - [Retry] 실패 유형 분석: timeout
2025-09-23 12:26:19 - __main__ - INFO - [Retry] 타임아웃 전략 적용
2025-09-23 12:26:34 - __main__ - ERROR - [Monitor] ERR 44.04s Unexpected token ';'
2025-09-23 12:26:34 - __main__ - ERROR - [Monitor] ERR 44.04s Unexpected token ';'
2025-09-23 12:26:34 - __main__ - ERROR - [Monitor] ERR 44.28s Unexpected token ';'
2025-09-23 12:26:34 - __main__ - ERROR - [Monitor] ERR 44.28s Unexpected token ';'
2025-09-23 12:26:35 - __main__ - ERROR - [Monitor] ERR 45.25s Unexpected token ';'
2025-09-23 12:26:35 - __main__ - ERROR - [Monitor] ERR 45.25s Unexpected token ';'
2025-09-23 12:26:37 - __main__ - INFO - 🕵️ 스텔스 모드 로그인 시작...
2025-09-23 12:26:37 - __main__ - INFO - 🔍 로그인 전 브라우저 상태 검증...
2025-09-23 12:26:37 - __main__ - INFO - 페이지 제목: 쿠팡이츠 사장님 포털
2025-09-23 12:26:37 - __main__ - INFO - WebGL 상태: 정상
2025-09-23 12:26:37 - __main__ - INFO - [Network] 네트워크 인터셉트 활성화
2025-09-23 12:26:37 - __main__ - ERROR - [Monitor] ERR 0.14s Unexpected token ';'
2025-09-23 12:26:37 - __main__ - ERROR - [Monitor] ERR 0.14s Unexpected token ';'
2025-09-23 12:26:37 - __main__ - ERROR - [Monitor] ERR 0.14s Unexpected token ';'
2025-09-23 12:26:37 - __main__ - ERROR - [Monitor] ERR 0.26s Unexpected token ';'
2025-09-23 12:26:37 - __main__ - ERROR - [Monitor] ERR 0.27s Unexpected token ';'
2025-09-23 12:26:37 - __main__ - ERROR - [Monitor] ERR 0.27s Unexpected token ';'
2025-09-23 12:26:38 - __main__ - ERROR - [Monitor] ERR 1.25s Unexpected token ';'
2025-09-23 12:26:38 - __main__ - ERROR - [Monitor] ERR 1.25s Unexpected token ';'
2025-09-23 12:26:38 - __main__ - ERROR - [Monitor] ERR 1.25s Unexpected token ';'
2025-09-23 12:26:45 - __main__ - INFO - [Monitor] 📋 클립보드 로그인 시작...
2025-09-23 12:26:45 - __main__ - INFO - [Monitor] ID 필드 랜덤 클릭: (925.2, 208.3)
2025-09-23 12:26:48 - __main__ - INFO - [Monitor] ID 입력 완료
2025-09-23 12:26:48 - __main__ - INFO - [Monitor] PW 필드 랜덤 클릭: (860.1, 271.1)
2025-09-23 12:27:21 - __main__ - WARNING - [Monitor] 클립보드 방식 실패, JavaScript 직접 입력으로 전환: Timeout 30000ms exceeded.
2025-09-23 12:27:21 - __main__ - INFO - [Fallback] ID 필드 랜덤 클릭: (957.3, 215.5)
2025-09-23 12:27:27 - __main__ - INFO - [Monitor] 🎯 로그인 버튼 클릭...
2025-09-23 12:27:28 - __main__ - INFO - [Monitor] ✅ 랜덤 위치 클릭: (1043.9, 408.8)
2025-09-23 12:27:28 - __main__ - INFO - [Monitor] 🚀 로그인 버튼 클릭 완료 - 응답 대기 시작
2025-09-23 12:27:28 - __main__ - INFO - [Monitor] 로그인 API 응답 대기 중 (진단 기반 개선)...
2025-09-23 12:27:28 - __main__ - INFO - [Network] 로그인 API 요청 감지: POST https://store.coupangeats.com/api/v1/merchant/login
2025-09-23 12:27:36 - __main__ - WARNING - [Monitor] ⚠️ 8초 대기 완료 - 응답 지연 가능성
2025-09-23 12:27:38 - __main__ - WARNING - ❌ 로그인 실패 - 8번 더 시도 남음
2025-09-23 12:27:38 - __main__ - INFO - [Retry] 실패 유형 분석: timeout
2025-09-23 12:27:38 - __main__ - INFO - [Retry] 타임아웃 전략 적용
2025-09-23 12:27:58 - __main__ - ERROR - [Monitor] ERR 81.13s Unexpected token ';'
2025-09-23 12:27:58 - __main__ - ERROR - [Monitor] ERR 81.13s Unexpected token ';'
2025-09-23 12:27:58 - __main__ - ERROR - [Monitor] ERR 81.13s Unexpected token ';'
2025-09-23 12:27:59 - __main__ - ERROR - [Monitor] ERR 82.28s Unexpected token ';'
2025-09-23 12:27:59 - __main__ - ERROR - [Monitor] ERR 82.28s Unexpected token ';'
2025-09-23 12:27:59 - __main__ - ERROR - [Monitor] ERR 82.28s Unexpected token ';'
2025-09-23 12:28:01 - __main__ - INFO - 🕵️ 스텔스 모드 로그인 시작...
2025-09-23 12:28:01 - __main__ - INFO - 🔍 로그인 전 브라우저 상태 검증...
2025-09-23 12:28:01 - __main__ - INFO - 페이지 제목: 쿠팡이츠 사장님 포털
2025-09-23 12:28:01 - __main__ - INFO - WebGL 상태: 정상
2025-09-23 12:28:01 - __main__ - INFO - [Network] 네트워크 인터셉트 활성화
2025-09-23 12:28:02 - __main__ - ERROR - [Monitor] ERR 0.16s Unexpected token ';'
2025-09-23 12:28:02 - __main__ - ERROR - [Monitor] ERR 0.16s Unexpected token ';'
2025-09-23 12:28:02 - __main__ - ERROR - [Monitor] ERR 0.16s Unexpected token ';'
2025-09-23 12:28:02 - __main__ - ERROR - [Monitor] ERR 0.16s Unexpected token ';'
2025-09-23 12:28:02 - __main__ - ERROR - [Monitor] ERR 0.33s Unexpected token ';'
2025-09-23 12:28:02 - __main__ - ERROR - [Monitor] ERR 0.33s Unexpected token ';'
2025-09-23 12:28:02 - __main__ - ERROR - [Monitor] ERR 0.33s Unexpected token ';'
2025-09-23 12:28:02 - __main__ - ERROR - [Monitor] ERR 0.33s Unexpected token ';'
2025-09-23 12:28:03 - __main__ - ERROR - [Monitor] ERR 1.30s Unexpected token ';'
2025-09-23 12:28:03 - __main__ - ERROR - [Monitor] ERR 1.30s Unexpected token ';'
2025-09-23 12:28:03 - __main__ - ERROR - [Monitor] ERR 1.30s Unexpected token ';'
2025-09-23 12:28:03 - __main__ - ERROR - [Monitor] ERR 1.30s Unexpected token ';'
2025-09-23 12:28:07 - __main__ - INFO - [Monitor] 📋 클립보드 로그인 시작...
2025-09-23 12:28:07 - __main__ - INFO - [Monitor] ID 필드 랜덤 클릭: (886.8, 224.1)
2025-09-23 12:28:10 - __main__ - INFO - [Monitor] ID 입력 완료
2025-09-23 12:28:10 - __main__ - INFO - [Monitor] PW 필드 랜덤 클릭: (905.1, 270.2)
2025-09-23 12:28:13 - __main__ - INFO - [Monitor] PW 입력 완료
2025-09-23 12:28:15 - __main__ - INFO - [Monitor] 🎯 로그인 버튼 클릭...
2025-09-23 12:28:16 - __main__ - INFO - [Monitor] ✅ 랜덤 위치 클릭: (963.3, 421.2)
2025-09-23 12:28:16 - __main__ - INFO - [Monitor] 🚀 로그인 버튼 클릭 완료 - 응답 대기 시작
2025-09-23 12:28:16 - __main__ - INFO - [Monitor] 로그인 API 응답 대기 중 (진단 기반 개선)...
2025-09-23 12:28:16 - __main__ - INFO - [Network] 로그인 API 요청 감지: POST https://store.coupangeats.com/api/v1/merchant/login
2025-09-23 12:28:24 - __main__ - WARNING - [Monitor] ⚠️ 8초 대기 완료 - 응답 지연 가능성
2025-09-23 12:28:26 - __main__ - WARNING - ❌ 로그인 실패 - 7번 더 시도 남음
2025-09-23 12:28:26 - __main__ - INFO - [Retry] 실패 유형 분석: timeout
2025-09-23 12:28:26 - __main__ - INFO - [Retry] 타임아웃 전략 적용
2025-09-23 12:28:51 - __main__ - ERROR - [Monitor] ERR 49.84s Unexpected token ';'
2025-09-23 12:28:51 - __main__ - ERROR - [Monitor] ERR 49.84s Unexpected token ';'
2025-09-23 12:28:51 - __main__ - ERROR - [Monitor] ERR 49.84s Unexpected token ';'
2025-09-23 12:28:51 - __main__ - ERROR - [Monitor] ERR 49.84s Unexpected token ';'
2025-09-23 12:28:53 - __main__ - ERROR - [Monitor] ERR 51.05s Unexpected token ';'
2025-09-23 12:28:53 - __main__ - ERROR - [Monitor] ERR 51.05s Unexpected token ';'
2025-09-23 12:28:53 - __main__ - ERROR - [Monitor] ERR 51.05s Unexpected token ';'
2025-09-23 12:28:53 - __main__ - ERROR - [Monitor] ERR 51.05s Unexpected token ';'
2025-09-23 12:28:55 - __main__ - INFO - 🕵️ 스텔스 모드 로그인 시작...
2025-09-23 12:28:55 - __main__ - INFO - 🔍 로그인 전 브라우저 상태 검증...
2025-09-23 12:28:55 - __main__ - INFO - 페이지 제목: 쿠팡이츠 사장님 포털
2025-09-23 12:28:55 - __main__ - INFO - WebGL 상태: 정상
2025-09-23 12:28:55 - __main__ - INFO - [Network] 네트워크 인터셉트 활성화
2025-09-23 12:28:55 - __main__ - ERROR - [Monitor] ERR 0.20s Unexpected token ';'
2025-09-23 12:28:55 - __main__ - ERROR - [Monitor] ERR 0.22s Unexpected token ';'
2025-09-23 12:28:55 - __main__ - ERROR - [Monitor] ERR 0.22s Unexpected token ';'
2025-09-23 12:28:55 - __main__ - ERROR - [Monitor] ERR 0.22s Unexpected token ';'
2025-09-23 12:28:55 - __main__ - ERROR - [Monitor] ERR 0.22s Unexpected token ';'
2025-09-23 12:28:55 - __main__ - ERROR - [Monitor] ERR 0.40s Unexpected token ';'
2025-09-23 12:28:55 - __main__ - ERROR - [Monitor] ERR 0.40s Unexpected token ';'
2025-09-23 12:28:55 - __main__ - ERROR - [Monitor] ERR 0.40s Unexpected token ';'
2025-09-23 12:28:55 - __main__ - ERROR - [Monitor] ERR 0.40s Unexpected token ';'
2025-09-23 12:28:55 - __main__ - ERROR - [Monitor] ERR 0.41s Unexpected token ';'
2025-09-23 12:28:56 - __main__ - ERROR - [Monitor] ERR 1.37s Unexpected token ';'
2025-09-23 12:28:56 - __main__ - ERROR - [Monitor] ERR 1.37s Unexpected token ';'
2025-09-23 12:28:56 - __main__ - ERROR - [Monitor] ERR 1.37s Unexpected token ';'
2025-09-23 12:28:56 - __main__ - ERROR - [Monitor] ERR 1.37s Unexpected token ';'
2025-09-23 12:28:56 - __main__ - ERROR - [Monitor] ERR 1.37s Unexpected token ';'
2025-09-23 12:29:00 - __main__ - INFO - [Monitor] 📋 클립보드 로그인 시작...
2025-09-23 12:29:00 - __main__ - INFO - [Monitor] ID 필드 랜덤 클릭: (1027.3, 191.6)
2025-09-23 12:29:04 - __main__ - INFO - [Monitor] ID 입력 완료
2025-09-23 12:29:04 - __main__ - INFO - [Monitor] PW 필드 랜덤 클릭: (848.6, 267.1)
2025-09-23 12:29:07 - __main__ - INFO - [Monitor] PW 입력 완료
2025-09-23 12:29:09 - __main__ - INFO - [Monitor] 🎯 로그인 버튼 클릭...
2025-09-23 12:29:10 - __main__ - INFO - [Monitor] ✅ 랜덤 위치 클릭: (903.1, 410.0)
2025-09-23 12:29:10 - __main__ - INFO - [Monitor] 🚀 로그인 버튼 클릭 완료 - 응답 대기 시작
2025-09-23 12:29:10 - __main__ - INFO - [Monitor] 로그인 API 응답 대기 중 (진단 기반 개선)...
2025-09-23 12:29:10 - __main__ - INFO - [Network] 로그인 API 요청 감지: POST https://store.coupangeats.com/api/v1/merchant/login
2025-09-23 12:29:18 - __main__ - WARNING - [Monitor] ⚠️ 8초 대기 완료 - 응답 지연 가능성
2025-09-23 12:29:20 - __main__ - WARNING - ❌ 로그인 실패 - 6번 더 시도 남음
2025-09-23 12:29:20 - __main__ - INFO - [Retry] 실패 유형 분석: timeout
2025-09-23 12:29:20 - __main__ - INFO - [Retry] 타임아웃 전략 적용
2025-09-23 12:29:52 - __main__ - ERROR - [Monitor] ERR 57.65s Unexpected token ';'
2025-09-23 12:29:52 - __main__ - ERROR - [Monitor] ERR 57.65s Unexpected token ';'
2025-09-23 12:29:52 - __main__ - ERROR - [Monitor] ERR 57.65s Unexpected token ';'
2025-09-23 12:29:52 - __main__ - ERROR - [Monitor] ERR 57.65s Unexpected token ';'
2025-09-23 12:29:52 - __main__ - ERROR - [Monitor] ERR 57.65s Unexpected token ';'
2025-09-23 12:29:53 - __main__ - ERROR - [Monitor] ERR 58.87s Unexpected token ';'
2025-09-23 12:29:53 - __main__ - ERROR - [Monitor] ERR 58.87s Unexpected token ';'
2025-09-23 12:29:53 - __main__ - ERROR - [Monitor] ERR 58.87s Unexpected token ';'
2025-09-23 12:29:53 - __main__ - ERROR - [Monitor] ERR 58.87s Unexpected token ';'
2025-09-23 12:29:53 - __main__ - ERROR - [Monitor] ERR 58.87s Unexpected token ';'
2025-09-23 12:29:55 - __main__ - INFO - 🕵️ 스텔스 모드 로그인 시작...
2025-09-23 12:29:55 - __main__ - INFO - 🔍 로그인 전 브라우저 상태 검증...
2025-09-23 12:29:55 - __main__ - INFO - 페이지 제목: 쿠팡이츠 사장님 포털
2025-09-23 12:29:55 - __main__ - INFO - WebGL 상태: 정상
2025-09-23 12:29:55 - __main__ - INFO - [Network] 네트워크 인터셉트 활성화
2025-09-23 12:29:56 - __main__ - ERROR - [Monitor] ERR 0.18s Unexpected token ';'
2025-09-23 12:29:56 - __main__ - ERROR - [Monitor] ERR 0.19s Unexpected token ';'
2025-09-23 12:29:56 - __main__ - ERROR - [Monitor] ERR 0.19s Unexpected token ';'
2025-09-23 12:29:56 - __main__ - ERROR - [Monitor] ERR 0.19s Unexpected token ';'
2025-09-23 12:29:56 - __main__ - ERROR - [Monitor] ERR 0.19s Unexpected token ';'
2025-09-23 12:29:56 - __main__ - ERROR - [Monitor] ERR 0.19s Unexpected token ';'
2025-09-23 12:29:56 - __main__ - ERROR - [Monitor] ERR 0.41s Unexpected token ';'
2025-09-23 12:29:56 - __main__ - ERROR - [Monitor] ERR 0.41s Unexpected token ';'
2025-09-23 12:29:56 - __main__ - ERROR - [Monitor] ERR 0.41s Unexpected token ';'
2025-09-23 12:29:56 - __main__ - ERROR - [Monitor] ERR 0.41s Unexpected token ';'
2025-09-23 12:29:56 - __main__ - ERROR - [Monitor] ERR 0.41s Unexpected token ';'
2025-09-23 12:29:56 - __main__ - ERROR - [Monitor] ERR 0.41s Unexpected token ';'
2025-09-23 12:29:57 - __main__ - ERROR - [Monitor] ERR 1.38s Unexpected token ';'
2025-09-23 12:29:57 - __main__ - ERROR - [Monitor] ERR 1.38s Unexpected token ';'
2025-09-23 12:29:57 - __main__ - ERROR - [Monitor] ERR 1.38s Unexpected token ';'
2025-09-23 12:29:57 - __main__ - ERROR - [Monitor] ERR 1.38s Unexpected token ';'
2025-09-23 12:29:57 - __main__ - ERROR - [Monitor] ERR 1.38s Unexpected token ';'
2025-09-23 12:29:57 - __main__ - ERROR - [Monitor] ERR 1.38s Unexpected token ';'
2025-09-23 12:30:04 - __main__ - INFO - [Monitor] 📋 클립보드 로그인 시작...
2025-09-23 12:30:04 - __main__ - INFO - [Monitor] ID 필드 랜덤 클릭: (1059.7, 217.0)
2025-09-23 12:30:07 - __main__ - INFO - [Monitor] ID 입력 완료
2025-09-23 12:30:07 - __main__ - INFO - [Monitor] PW 필드 랜덤 클릭: (1028.5, 299.3)
2025-09-23 12:30:11 - __main__ - INFO - [Monitor] PW 입력 완료
2025-09-23 12:30:13 - __main__ - INFO - [Monitor] 🎯 로그인 버튼 클릭...
2025-09-23 12:30:14 - __main__ - INFO - [Monitor] ✅ 랜덤 위치 클릭: (963.4, 417.6)
2025-09-23 12:30:14 - __main__ - INFO - [Monitor] 🚀 로그인 버튼 클릭 완료 - 응답 대기 시작
2025-09-23 12:30:14 - __main__ - INFO - [Monitor] 로그인 API 응답 대기 중 (진단 기반 개선)...
2025-09-23 12:30:14 - __main__ - INFO - [Network] 로그인 API 요청 감지: POST https://store.coupangeats.com/api/v1/merchant/login
2025-09-23 12:30:22 - __main__ - WARNING - [Monitor] ⚠️ 8초 대기 완료 - 응답 지연 가능성
2025-09-23 12:30:24 - __main__ - WARNING - ❌ 로그인 실패 - 5번 더 시도 남음
2025-09-23 12:30:24 - __main__ - INFO - [Retry] 실패 유형 분석: timeout
2025-09-23 12:30:24 - __main__ - INFO - [Retry] 타임아웃 전략 적용
2025-09-23 12:31:29 - backend.core.coupang_reply_poster - INFO - ⏰ 현재 시각: 2025-09-23T12:31:29.480722
2025-09-23 12:31:29 - backend.core.coupang_reply_poster - INFO - 📝 답글 등록 대기 중인 리뷰가 없습니다.
2025-09-23 12:46:27 - __main__ - INFO - 요기요 로그인 시작...
2025-09-23 12:46:29 - __main__ - INFO - 로그인 버튼 클릭 성공: button[type="submit"]
2025-09-23 12:46:30 - __main__ - INFO - 로그인 성공 - 페이지 이동 감지
2025-09-23 12:46:30 - __main__ - INFO - 로그인 성공 (URL: https://ceo.yogiyo.co.kr/)
2025-09-23 12:46:30 - __main__ - INFO - 리뷰 페이지로 이동 중...
2025-09-23 12:46:32 - __main__ - INFO - 리뷰 페이지 이동 완료
2025-09-23 12:46:32 - __main__ - INFO - 매장 선택: 1468227
2025-09-23 12:46:32 - __main__ - INFO - 드롭다운 클릭 성공: div.StoreSelector__SelectedStore-sc-1rowjsb-13
2025-09-23 13:18:29 - __main__ - INFO - 요기요 로그인 시작...
2025-09-23 13:18:31 - __main__ - INFO - 로그인 버튼 클릭 성공: button[type="submit"]
2025-09-23 13:18:33 - __main__ - INFO - 로그인 성공 - 페이지 이동 감지
2025-09-23 13:18:33 - __main__ - INFO - 로그인 성공 (URL: https://ceo.yogiyo.co.kr/)
2025-09-23 13:18:33 - __main__ - INFO - 리뷰 페이지로 이동 중...
2025-09-23 13:18:40 - __main__ - INFO - 🎭 선택된 User-Agent: Mozilla/5.0 (Windows NT 10.0; Win64; x64) AppleWeb...
2025-09-23 13:18:41 - __main__ - INFO - [Network] 네트워크 인터셉트 활성화
2025-09-23 13:18:41 - __main__ - INFO - 🕵️ 스텔스 모드 로그인 시작...
2025-09-23 13:18:41 - __main__ - INFO - 🔍 로그인 전 브라우저 상태 검증...
2025-09-23 13:18:41 - __main__ - INFO - 페이지 제목: 
2025-09-23 13:18:41 - __main__ - INFO - WebGL 상태: 정상
2025-09-23 13:18:41 - __main__ - INFO - [Network] 네트워크 인터셉트 활성화
2025-09-23 13:18:41 - __main__ - ERROR - [Monitor] ERR 0.15s Unexpected token ';'
2025-09-23 13:18:41 - __main__ - ERROR - [Monitor] ERR 0.15s Unexpected token ';'
2025-09-23 13:18:41 - __main__ - ERROR - [Monitor] ERR 0.61s Unexpected token ';'
2025-09-23 13:18:41 - __main__ - ERROR - [Monitor] ERR 0.61s Unexpected token ';'
2025-09-23 13:18:42 - __main__ - ERROR - [Monitor] ERR 1.49s Unexpected token ';'
2025-09-23 13:18:42 - __main__ - ERROR - [Monitor] ERR 1.49s Unexpected token ';'
2025-09-23 13:40:10 - __main__ - INFO - 요기요 로그인 시작...
2025-09-23 13:40:13 - __main__ - INFO - 로그인 버튼 클릭 성공: button[type="submit"]
2025-09-23 13:40:13 - __main__ - INFO - 로그인 성공 - 페이지 이동 감지
2025-09-23 13:40:13 - __main__ - INFO - 로그인 성공 (URL: https://ceo.yogiyo.co.kr/)
2025-09-23 13:40:13 - __main__ - INFO - 리뷰 페이지로 이동 중...
2025-09-23 13:40:15 - __main__ - INFO - 리뷰 페이지 이동 완료
2025-09-23 13:40:15 - __main__ - INFO - 매장 선택: 1468227
2025-09-23 13:40:15 - __main__ - INFO - 드롭다운 클릭 성공: div.StoreSelector__SelectedStore-sc-1rowjsb-13
2025-09-23 13:40:16 - __main__ - INFO - 매장 선택 완료: 1468227
2025-09-23 13:40:20 - __main__ - INFO - 미답변 탭 클릭 성공: 미답변 (0)
2025-09-23 13:40:20 - __main__ - INFO - 미답변 탭 클릭 완료
2025-09-23 13:40:20 - __main__ - INFO - 스크롤 1/15 진행 중...
2025-09-23 13:40:20 - __main__ - INFO - 리뷰 컨테이너 0개 발견
2025-09-23 13:40:20 - __main__ - INFO - 페이지 추출 완료 - 전체: 0개, 수집: 0개, 답글있어서 스킵: 0개
2025-09-23 13:40:20 - __main__ - INFO - 현재 페이지에서 0개 리뷰 발견
2025-09-23 13:40:20 - __main__ - INFO - 새로 추가된 리뷰: 0개, 총 리뷰: 0개
2025-09-23 13:40:23 - __main__ - INFO - 더 이상 스크롤할 수 없어 수집을 중단합니다.
2025-09-23 13:40:23 - __main__ - INFO - 무한 스크롤 완료 - 총 0개 리뷰 수집
2025-09-23 13:40:26 - __main__ - INFO - 🎭 선택된 User-Agent: Mozilla/5.0 (Windows NT 10.0; Win64; x64) AppleWeb...
2025-09-23 13:40:26 - __main__ - INFO - [Network] 네트워크 인터셉트 활성화
2025-09-23 13:40:26 - __main__ - INFO - 🕵️ 스텔스 모드 로그인 시작...
2025-09-23 13:40:26 - __main__ - INFO - 🔍 로그인 전 브라우저 상태 검증...
2025-09-23 13:40:26 - __main__ - INFO - 페이지 제목: 
2025-09-23 13:40:26 - __main__ - INFO - WebGL 상태: 정상
2025-09-23 13:40:26 - __main__ - INFO - [Network] 네트워크 인터셉트 활성화
2025-09-23 13:40:26 - __main__ - ERROR - [Monitor] ERR 0.13s Unexpected token ';'
2025-09-23 13:40:26 - __main__ - ERROR - [Monitor] ERR 0.13s Unexpected token ';'
2025-09-23 13:40:26 - __main__ - ERROR - [Monitor] ERR 0.49s Unexpected token ';'
2025-09-23 13:40:26 - __main__ - ERROR - [Monitor] ERR 0.49s Unexpected token ';'
2025-09-23 13:40:27 - __main__ - ERROR - [Monitor] ERR 1.39s Unexpected token ';'
2025-09-23 13:40:27 - __main__ - ERROR - [Monitor] ERR 1.39s Unexpected token ';'
2025-09-23 13:40:32 - __main__ - INFO - [Monitor] 📋 클립보드 로그인 시작...
2025-09-23 13:40:32 - __main__ - INFO - [Monitor] ID 필드 랜덤 클릭: (894.6, 221.4)
2025-09-23 13:40:35 - __main__ - INFO - [Monitor] ID 입력 완료
2025-09-23 13:40:35 - __main__ - INFO - [Monitor] PW 필드 랜덤 클릭: (899.4, 293.5)
2025-09-23 13:40:39 - __main__ - INFO - [Monitor] PW 입력 완료
2025-09-23 13:40:40 - __main__ - INFO - [Monitor] 🎯 로그인 버튼 클릭...
2025-09-23 13:40:41 - __main__ - INFO - [Monitor] ✅ 랜덤 위치 클릭: (889.5, 394.4)
2025-09-23 13:40:41 - __main__ - INFO - [Monitor] 🚀 로그인 버튼 클릭 완료 - 응답 대기 시작
2025-09-23 13:40:41 - __main__ - INFO - [Monitor] 로그인 API 응답 대기 중 (진단 기반 개선)...
2025-09-23 13:40:41 - __main__ - INFO - [Network] 로그인 API 요청 감지: POST https://store.coupangeats.com/api/v1/merchant/login
2025-09-23 13:40:42 - __main__ - ERROR - [Monitor] ERR 15.77s Unexpected token ';'
2025-09-23 13:40:42 - __main__ - ERROR - [Monitor] ERR 15.77s Unexpected token ';'
2025-09-23 13:40:42 - __main__ - INFO - [Monitor] ✅ URL 변경 감지! 로그인 성공: https://store.coupangeats.com/merchant/management
2025-09-23 13:40:42 - __main__ - INFO - [Monitor] ✅ 로그인 성공 확인됨
2025-09-23 13:40:42 - __main__ - INFO - ✅ 로그인 성공! (1번째 시도)
2025-09-23 13:40:42 - __main__ - INFO - [Retry] 성공 패턴 기록: 시도 1회 만에 성공
2025-09-23 13:40:42 - __main__ - INFO - 리뷰 페이지로 이동...
2025-09-23 13:40:42 - __main__ - ERROR - [Monitor] ERR 16.50s Unexpected token ';'
2025-09-23 13:40:42 - __main__ - ERROR - [Monitor] ERR 16.50s Unexpected token ';'
2025-09-23 13:40:44 - __main__ - ERROR - [Monitor] ERR 17.79s Unexpected token ';'
2025-09-23 13:40:44 - __main__ - ERROR - [Monitor] ERR 17.79s Unexpected token ';'
2025-09-23 13:40:46 - __main__ - INFO - 리뷰 페이지 이동 완료
2025-09-23 13:40:47 - __main__ - INFO - 모달 창 탐지 및 닫기 시작...
2025-09-23 13:40:47 - __main__ - INFO - 셀레니움 검증된 버튼 없음 - 다른 방법 시도
2025-09-23 13:40:47 - __main__ - INFO - ESC 키로 모달 닫기 시도...
2025-09-23 13:40:48 - __main__ - INFO - 빈 공간 클릭 시도...
2025-09-23 13:40:49 - __main__ - INFO - 기본 모달 닫기 시도 완료
2025-09-23 13:40:50 - __main__ - INFO - ✅ 모달 창 닫기 성공: button:has(svg)
2025-09-23 13:40:51 - __main__ - INFO - 모달 창 탐지 및 닫기 시작...
2025-09-23 13:40:51 - __main__ - INFO - 셀레니움 검증된 버튼 없음 - 다른 방법 시도
2025-09-23 13:40:51 - __main__ - INFO - ESC 키로 모달 닫기 시도...
2025-09-23 13:40:52 - __main__ - INFO - 빈 공간 클릭 시도...
2025-09-23 13:40:53 - __main__ - INFO - 기본 모달 닫기 시도 완료
2025-09-23 13:40:53 - __main__ - INFO - ✅ 모달 창 닫기 성공: button:has(svg)
2025-09-23 13:40:54 - __main__ - INFO - 매장 선택: 796094
2025-09-23 13:40:54 - __main__ - INFO - 드롭다운 버튼 발견: .button:has(svg)
2025-09-23 13:40:56 - __main__ - INFO - 매장 옵션 발견: .options li, 1개
2025-09-23 13:40:56 - __main__ - INFO - 매장 선택 완료: 큰손닭강정 직영점(796094)
2025-09-23 13:40:58 - __main__ - INFO - 날짜 필터 적용: 최근 7일
2025-09-23 13:40:58 - __main__ - INFO - 날짜 드롭다운 발견: .css-1rkgd7l.eylfi1j5
2025-09-23 13:41:00 - __main__ - INFO - 날짜 라디오 버튼 발견 (보임): label:has(input[type="radio"][value="1"])
2025-09-23 13:41:01 - __main__ - INFO - ✅ 최근 1주일 선택 클릭 성공
2025-09-23 13:41:03 - __main__ - INFO - ✅ 최근 1주일 선택 확인됨
2025-09-23 13:41:03 - __main__ - INFO - 미답변 탭 클릭
2025-09-23 13:41:03 - __main__ - INFO - 미답변 탭 발견: strong:has-text("미답변")
2025-09-23 13:41:03 - __main__ - INFO - 미답변 탭 클릭 완료
2025-09-23 13:41:06 - __main__ - INFO - 페이지 1 리뷰 수집 중...
2025-09-23 13:41:06 - __main__ - INFO - 테이블 기반 리뷰 추출 시작...
2025-09-23 13:41:06 - __main__ - INFO - tbody 요소 1개 발견
2025-09-23 13:41:06 - __main__ - INFO - tbody 내 tr 요소 5개 발견
2025-09-23 13:41:06 - __main__ - INFO - 리뷰 TR 1 발견: 전**2회 주문
2025-09-23
	

맵찔이라 약간 매운맛 했는데 적당히 맵고 너무 맛있어요 !

주문메뉴

(1인 세트) 바삭한 순살치킨 10가지맛 닭강정

주문번호

01E...
2025-09-23 13:41:06 - __main__ - INFO - 리뷰 TR 2 발견: 김**1회 주문
2025-09-23
	

너무맛있어여ㅠㅠㅠㅠ 처음주문했는데 닭강정은.여기로 정착....💫

주문메뉴

2~3인 세트) 부드럽고 싱싱한 100%닭다리살 닭강정

주문...
2025-09-23 13:41:06 - __main__ - INFO - 리뷰 TR 3 발견: 강**1회 주문
2025-09-23
	
주문메뉴

(1인 세트) 바삭한 순살치킨 10가지맛 닭강정

주문번호

0DB83Zㆍ2025-09-22(주문일)

수령방식

배달

사장님 ...
2025-09-23 13:41:06 - __main__ - INFO - 리뷰 TR 4 발견: 김**5회 주문
2025-09-22
	
주문메뉴

[大 두 마리 세트] 특제소스 수제명품닭강정 큰손닭강정

주문번호

1TCZWNㆍ2025-09-19(주문일)

수령방식

배달

...
2025-09-23 13:41:06 - __main__ - INFO - 리뷰 TR 5 발견: 유**1회 주문
2025-09-22
	

핫치즈 닭강정 너무 맛있어요!! 역시 시그니처 맞네요 ㅎㅎ👍🏻

주문메뉴

[핫 치즈] 반반 빅손순살 3~4인세트

주문번호

01EUJW...
2025-09-23 13:41:06 - __main__ - INFO - 총 5개의 리뷰 TR 발견
2025-09-23 13:41:06 - __main__ - INFO - TR 리뷰 1 추출 완료: 전** (5점) - 맵찔이라 약간 매운맛 했는데 적당히 맵고 너무 맛있어요...
2025-09-23 13:41:06 - __main__ - INFO - TR 리뷰 2 추출 완료: 김** (5점) - 너무맛있어여ㅠㅠㅠㅠ 처음주문했는데 닭강정은.여기로 정착...
2025-09-23 13:41:06 - __main__ - INFO - TR 리뷰 3 추출 완료: 강** (5점) - (1인 세트) 바삭한 순살치킨 10가지맛 닭강정...
2025-09-23 13:41:06 - __main__ - INFO - TR 리뷰 4 추출 완료: 김** (5점) - [大 두 마리 세트] 특제소스 수제명품닭강정 큰손닭강정...
2025-09-23 13:41:06 - __main__ - INFO - TR 리뷰 5 추출 완료: 유** (5점) - 핫치즈 닭강정 너무 맛있어요!! 역시 시그니처 맞네요 ...
2025-09-23 13:41:06 - __main__ - INFO - 페이지 1에서 5개 리뷰 수집
2025-09-23 13:41:06 - __main__ - INFO - 다음 페이지 버튼을 찾을 수 없습니다.
2025-09-23 13:41:06 - __main__ - INFO - 다음 페이지가 없습니다.
2025-09-23 13:41:06 - __main__ - INFO - 총 5개 리뷰 수집 완료
2025-09-23 13:41:06 - __main__ - INFO - 매장 UUID: 10447e32-328a-4f83-94b4-bb824ced5c75
2025-09-23 13:41:06 - __main__ - INFO - 리뷰 저장 완료: 전** (ID: 01E9M9)
2025-09-23 13:41:06 - __main__ - INFO - 리뷰 저장 완료: 김** (ID: 2WRN2E)
2025-09-23 13:41:06 - __main__ - INFO - 리뷰 저장 완료: 강** (ID: 0DB83Z)
2025-09-23 13:41:06 - __main__ - INFO - 리뷰 저장 완료: 김** (ID: 1TCZWN)
2025-09-23 13:41:06 - __main__ - INFO - 리뷰 저장 완료: 유** (ID: 01EUJW)
2025-09-23 13:41:06 - __main__ - INFO - 총 5개 리뷰 저장 완료
2025-09-23 13:52:04 - backend.core.coupang_reply_poster - INFO - ⏰ 현재 시각: 2025-09-23T13:52:04.965569
2025-09-23 13:52:05 - backend.core.coupang_reply_poster - INFO - ⏳ 답글 등록 대기: 2WRN2E (남은 시간: 10:07:55.034431)
2025-09-23 13:52:05 - backend.core.coupang_reply_poster - INFO - ⏳ 답글 등록 대기: 01E9M9 (남은 시간: 10:07:55.034431)
2025-09-23 13:52:05 - backend.core.coupang_reply_poster - INFO - ✅ 답글 등록 시간 도달: 01EUJW (예정: 2025-09-23T00:00:00)
2025-09-23 13:52:05 - backend.core.coupang_reply_poster - INFO - ⏳ 답글 등록 대기: 0DB83Z (남은 시간: 10:07:55.034431)
2025-09-23 13:52:05 - backend.core.coupang_reply_poster - INFO - ✅ 답글 등록 시간 도달: 1TCZWN (예정: 2025-09-23T00:00:00)
2025-09-23 13:52:05 - backend.core.coupang_reply_poster - INFO - 📋 schedulable_reply_date 필터링 결과:
2025-09-23 13:52:05 - backend.core.coupang_reply_poster - INFO -     - 전체 조회: 5개
2025-09-23 13:52:05 - backend.core.coupang_reply_poster - INFO -     - 즉시 처리: 2개
2025-09-23 13:52:05 - backend.core.coupang_reply_poster - INFO -     - 예약 대기: 3개
2025-09-23 13:52:05 - backend.core.coupang_reply_poster - INFO - 답글이 필요한 리뷰: 2개
2025-09-23 13:52:05 - backend.core.coupang_reply_poster - INFO - 🛡️ 중복 방지 시스템 활성화 - 현재 세션 리뷰 목록 저장 완료
2025-09-23 13:52:05 - backend.core.coupang_reply_poster - INFO - 🌐 연결 방식: 직접 연결 (프록시 비활성화)
2025-09-23 13:52:05 - backend.core.coupang_reply_poster - INFO - 🎭 User-Agent: 브라우저 기본값 사용
2025-09-23 13:52:06 - backend.core.coupang_reply_poster - INFO - 로그인 시도 1/5
2025-09-23 13:52:06 - backend.core.coupang_reply_poster - INFO - 🚀 Enhanced 쿠팡잇츠 로그인 시작...
2025-09-23 13:52:06 - backend.core.coupang_reply_poster - INFO - 로그인 페이지로 이동 중...
2025-09-23 13:52:10 - backend.core.coupang_reply_poster - INFO - [ReplyPoster] 📋 클립보드 로그인 시작...
2025-09-23 13:52:10 - backend.core.coupang_reply_poster - INFO - [ReplyPoster] ID 입력 완료
2025-09-23 13:52:11 - backend.core.coupang_reply_poster - INFO - [ReplyPoster] PW 입력 완료
2025-09-23 13:52:11 - backend.core.coupang_reply_poster - INFO - [ReplyPoster] 🎯 로그인 버튼 클릭...
2025-09-23 13:52:11 - backend.core.coupang_reply_poster - INFO - [ReplyPoster] ✅ 랜덤 위치 클릭: (768.3, 416.9)
2025-09-23 13:52:11 - backend.core.coupang_reply_poster - INFO - [ReplyPoster] 🚀 로그인 버튼 클릭 완료 - 응답 대기 시작
2025-09-23 13:52:11 - backend.core.coupang_reply_poster - INFO - [ReplyPoster] 빠른 실패 감지 중 (3초)...
2025-09-23 13:52:12 - backend.core.coupang_reply_poster - INFO - [ReplyPoster] URL 변경 감지! 성공 가능성 있음: https://store.coupangeats.com/merchant/management
2025-09-23 13:52:12 - backend.core.coupang_reply_poster - INFO - [ReplyPoster] 로그인 후 최종 URL: https://store.coupangeats.com/merchant/management
2025-09-23 13:52:12 - backend.core.coupang_reply_poster - INFO - [ReplyPoster] 로그인 성공 (URL 기준)
2025-09-23 13:52:12 - backend.core.coupang_reply_poster - INFO - 🎉 로그인 성공! (시도 1번째)
2025-09-23 13:52:12 - backend.core.coupang_reply_poster - INFO - 리뷰 페이지로 이동...
2025-09-23 13:52:15 - backend.core.coupang_reply_poster - INFO - 리뷰 페이지 이동 완료
2025-09-23 13:52:16 - backend.core.coupang_reply_poster - INFO - 모달 창 탐지 및 닫기 시작...
2025-09-23 13:52:16 - backend.core.coupang_reply_poster - INFO - 셀레니움 검증된 버튼 없음 - 다른 방법 시도
2025-09-23 13:52:16 - backend.core.coupang_reply_poster - INFO - ESC 키로 모달 닫기 시도...
2025-09-23 13:52:17 - backend.core.coupang_reply_poster - INFO - 빈 공간 클릭 시도...
2025-09-23 13:52:18 - backend.core.coupang_reply_poster - INFO - 기본 모달 닫기 시도 완료
2025-09-23 13:52:18 - backend.core.coupang_reply_poster - INFO - ✅ 모달 창 닫기 성공: button:has(svg)
2025-09-23 13:52:20 - backend.core.coupang_reply_poster - INFO - 모달 창 탐지 및 닫기 시작...
2025-09-23 13:52:20 - backend.core.coupang_reply_poster - INFO - 셀레니움 검증된 버튼 없음 - 다른 방법 시도
2025-09-23 13:52:20 - backend.core.coupang_reply_poster - INFO - ESC 키로 모달 닫기 시도...
2025-09-23 13:52:21 - backend.core.coupang_reply_poster - INFO - 빈 공간 클릭 시도...
2025-09-23 13:52:22 - backend.core.coupang_reply_poster - INFO - 기본 모달 닫기 시도 완료
2025-09-23 13:52:22 - backend.core.coupang_reply_poster - INFO - ✅ 모달 창 닫기 성공: button:has(svg)
2025-09-23 13:52:25 - backend.core.coupang_reply_poster - INFO - 모달 창 탐지 및 닫기 시작...
2025-09-23 13:52:25 - backend.core.coupang_reply_poster - INFO - 셀레니움 검증된 버튼 없음 - 다른 방법 시도
2025-09-23 13:52:25 - backend.core.coupang_reply_poster - INFO - ESC 키로 모달 닫기 시도...
2025-09-23 13:52:26 - backend.core.coupang_reply_poster - INFO - 빈 공간 클릭 시도...
2025-09-23 13:52:27 - backend.core.coupang_reply_poster - INFO - 기본 모달 닫기 시도 완료
2025-09-23 13:52:27 - backend.core.coupang_reply_poster - INFO - ✅ 모달 창 닫기 성공: button:has(svg)
2025-09-23 13:52:28 - backend.core.coupang_reply_poster - INFO - 모달 창 탐지 및 닫기 시작...
2025-09-23 13:52:28 - backend.core.coupang_reply_poster - INFO - 셀레니움 검증된 버튼 없음 - 다른 방법 시도
2025-09-23 13:52:28 - backend.core.coupang_reply_poster - INFO - ESC 키로 모달 닫기 시도...
2025-09-23 13:52:29 - backend.core.coupang_reply_poster - INFO - 빈 공간 클릭 시도...
2025-09-23 13:52:30 - backend.core.coupang_reply_poster - INFO - 기본 모달 닫기 시도 완료
2025-09-23 13:52:30 - backend.core.coupang_reply_poster - INFO - ✅ 모달 창 닫기 성공: button:has(svg)
2025-09-23 13:52:31 - backend.core.coupang_reply_poster - INFO - 매장 선택: 796094
2025-09-23 13:52:33 - backend.core.coupang_reply_poster - INFO - 매장 선택 완료: 큰손닭강정 직영점(796094)
2025-09-23 13:52:34 - backend.core.coupang_reply_poster - INFO - 날짜 필터 적용: 최근 7일
2025-09-23 13:52:34 - backend.core.coupang_reply_poster - INFO - 날짜 드롭다운 발견: .css-1rkgd7l.eylfi1j5
2025-09-23 13:52:36 - backend.core.coupang_reply_poster - INFO - 날짜 라디오 버튼 발견 (보임): label:has(input[type="radio"][value="1"])
2025-09-23 13:52:36 - backend.core.coupang_reply_poster - INFO - ✅ 최근 1주일 선택 클릭 성공
2025-09-23 13:52:38 - backend.core.coupang_reply_poster - INFO - 미답변 탭 클릭
2025-09-23 13:52:38 - backend.core.coupang_reply_poster - INFO - 미답변 탭 발견: strong:has-text("미답변")
2025-09-23 13:52:38 - backend.core.coupang_reply_poster - INFO - ✅ 미답변 탭 클릭 성공
2025-09-23 13:52:41 - backend.core.coupang_reply_poster - INFO - 🔄 리뷰 처리 시작: 01EUJW (총 처리 중: 1개)
2025-09-23 13:52:41 - backend.core.coupang_reply_poster - INFO - 답글 포스팅 시작: 유** (ID: 01EUJW)
2025-09-23 13:52:41 - backend.core.coupang_reply_poster - INFO - 리뷰 검색 시작: ID=01EUJW, 이름=유**
2025-09-23 13:52:41 - backend.core.coupang_reply_poster - INFO - 페이지 1에서 리뷰 검색 중...
2025-09-23 13:52:41 - backend.core.coupang_reply_poster - INFO - ✅ 주문번호 정확 매칭 성공: 01EUJW
2025-09-23 13:52:41 - backend.core.coupang_reply_poster - INFO - ✅ 테이블 행에서 답글 버튼 발견! (레벨 4)
2025-09-23 13:52:41 - backend.core.coupang_reply_poster - INFO - ✅ 리뷰 발견: 페이지 1
2025-09-23 13:52:43 - backend.core.coupang_reply_poster - INFO - 쿠팡이츠 등록 버튼 클릭 완료 (button.button.button-size--small.button--primaryContained:has-text("등록")): 01EUJW
2025-09-23 13:52:43 - backend.core.coupang_reply_poster - INFO - 등록 버튼 클릭 완료, DOM 변화 확인 중...
2025-09-23 13:52:43 - backend.core.coupang_reply_poster - INFO - ✅ Form이 사라짐 - 답글 등록 진행 확인 (0.5초)
2025-09-23 13:52:44 - backend.core.coupang_reply_poster - INFO - 🔍 쿠팡이츠 금지어 팝업 확인 중...
2025-09-23 13:52:44 - backend.core.coupang_reply_poster - INFO - ✅ 쿠팡이츠 금지어 팝업 없음 - 최종 등록 확인 중...
2025-09-23 13:52:44 - backend.core.coupang_reply_poster - INFO - 📱 최종 확인을 위해 페이지 새로고침...
2025-09-23 13:52:47 - backend.core.coupang_reply_poster - ERROR - ❌ 최종 확인 실패: 답글이 실제로 등록되지 않음
2025-09-23 13:52:48 - backend.core.coupang_reply_poster - INFO - 답글 상태 업데이트 완료: 88def645-7f65-4e9c-b311-23f6085214dc -> failed
2025-09-23 13:52:48 - backend.core.coupang_reply_poster - INFO - 재시도 준비 중: 01EUJW
2025-09-23 13:52:48 - backend.core.coupang_reply_poster - INFO - 🔁 재시도 1/2: 01EUJW
2025-09-23 13:52:50 - backend.core.coupang_reply_poster - INFO - 답글 포스팅 시작: 유** (ID: 01EUJW)
2025-09-23 13:52:50 - backend.core.coupang_reply_poster - INFO - 리뷰 검색 시작: ID=01EUJW, 이름=유**
2025-09-23 13:52:50 - backend.core.coupang_reply_poster - INFO - 페이지 1에서 리뷰 검색 중...
2025-09-23 13:52:50 - backend.core.coupang_reply_poster - INFO - === 페이지네이션 분석 시작 ===
2025-09-23 13:52:50 - backend.core.coupang_reply_poster - INFO - 페이지네이션 요소 개수: 46
2025-09-23 13:52:50 - backend.core.coupang_reply_poster - INFO -   버튼 27: 'POS 설치' (class: , data-at: , visible: True, enabled: True)
2025-09-23 13:52:50 - backend.core.coupang_reply_poster - INFO -   버튼 28: '휴대폰 앱 설치' (class: , data-at: , visible: True, enabled: True)
2025-09-23 13:52:50 - backend.core.coupang_reply_poster - INFO -   버튼 29: '약관 및 정책' (class: , data-at: , visible: True, enabled: True)
2025-09-23 13:52:50 - backend.core.coupang_reply_poster - INFO -   버튼 30: 'FAQ 보기' (class: , data-at: , visible: True, enabled: True)
2025-09-23 13:52:50 - backend.core.coupang_reply_poster - INFO -   버튼 42: '' (class: pagination-btn first-page-btn hide-btn, data-at: first-page-btn, visible: False, enabled: True)
2025-09-23 13:52:50 - backend.core.coupang_reply_poster - INFO -   버튼 43: '' (class: pagination-btn prev-btn hide-btn, data-at: prev-btn, visible: False, enabled: True)
2025-09-23 13:52:50 - backend.core.coupang_reply_poster - INFO -   버튼 44: '1' (class: active, data-at: , visible: True, enabled: True)
2025-09-23 13:52:50 - backend.core.coupang_reply_poster - INFO -   버튼 45: '' (class: pagination-btn next-btn hide-btn, data-at: next-btn, visible: False, enabled: True)
2025-09-23 13:52:50 - backend.core.coupang_reply_poster - INFO -   버튼 46: '' (class: pagination-btn last-page-btn hide-btn, data-at: last-page-btn, visible: False, enabled: True)
2025-09-23 13:52:50 - backend.core.coupang_reply_poster - INFO - 현재 페이지: 1
2025-09-23 13:52:50 - backend.core.coupang_reply_poster - INFO - 사용 가능한 페이지들: [1]
2025-09-23 13:52:50 - backend.core.coupang_reply_poster - INFO - 다음 페이지 버튼 사용 가능: False
2025-09-23 13:52:50 - backend.core.coupang_reply_poster - INFO - === 페이지네이션 분석 완료 ===
2025-09-23 13:52:50 - backend.core.coupang_reply_poster - INFO - 더 이상 페이지가 없습니다.
2025-09-23 13:52:50 - backend.core.coupang_reply_poster - INFO - 더 이상 페이지가 없습니다.
2025-09-23 13:52:50 - backend.core.coupang_reply_poster - WARNING - 모든 페이지에서 리뷰를 찾을 수 없음: 01EUJW
2025-09-23 13:52:50 - backend.core.coupang_reply_poster - WARNING - 리뷰 요소를 찾을 수 없습니다: 01EUJW
2025-09-23 13:52:50 - backend.core.coupang_reply_poster - INFO - 재시도 준비 중: 01EUJW
2025-09-23 13:52:50 - backend.core.coupang_reply_poster - INFO - 🔁 재시도 2/2: 01EUJW
2025-09-23 13:52:54 - backend.core.coupang_reply_poster - INFO - 답글 포스팅 시작: 유** (ID: 01EUJW)
2025-09-23 13:52:54 - backend.core.coupang_reply_poster - INFO - 리뷰 검색 시작: ID=01EUJW, 이름=유**
2025-09-23 13:52:54 - backend.core.coupang_reply_poster - INFO - 페이지 1에서 리뷰 검색 중...
2025-09-23 13:52:54 - backend.core.coupang_reply_poster - INFO - === 페이지네이션 분석 시작 ===
2025-09-23 13:52:54 - backend.core.coupang_reply_poster - INFO - 페이지네이션 요소 개수: 46
2025-09-23 13:52:54 - backend.core.coupang_reply_poster - INFO -   버튼 27: 'POS 설치' (class: , data-at: , visible: True, enabled: True)
2025-09-23 13:52:54 - backend.core.coupang_reply_poster - INFO -   버튼 28: '휴대폰 앱 설치' (class: , data-at: , visible: True, enabled: True)
2025-09-23 13:52:54 - backend.core.coupang_reply_poster - INFO -   버튼 29: '약관 및 정책' (class: , data-at: , visible: True, enabled: True)
2025-09-23 13:52:54 - backend.core.coupang_reply_poster - INFO -   버튼 30: 'FAQ 보기' (class: , data-at: , visible: True, enabled: True)
2025-09-23 13:52:54 - backend.core.coupang_reply_poster - INFO -   버튼 42: '' (class: pagination-btn first-page-btn hide-btn, data-at: first-page-btn, visible: False, enabled: True)
2025-09-23 13:52:54 - backend.core.coupang_reply_poster - INFO -   버튼 43: '' (class: pagination-btn prev-btn hide-btn, data-at: prev-btn, visible: False, enabled: True)
2025-09-23 13:52:54 - backend.core.coupang_reply_poster - INFO -   버튼 44: '1' (class: active, data-at: , visible: True, enabled: True)
2025-09-23 13:52:54 - backend.core.coupang_reply_poster - INFO -   버튼 45: '' (class: pagination-btn next-btn hide-btn, data-at: next-btn, visible: False, enabled: True)
2025-09-23 13:52:54 - backend.core.coupang_reply_poster - INFO -   버튼 46: '' (class: pagination-btn last-page-btn hide-btn, data-at: last-page-btn, visible: False, enabled: True)
2025-09-23 13:52:54 - backend.core.coupang_reply_poster - INFO - 현재 페이지: 1
2025-09-23 13:52:54 - backend.core.coupang_reply_poster - INFO - 사용 가능한 페이지들: [1]
2025-09-23 13:52:54 - backend.core.coupang_reply_poster - INFO - 다음 페이지 버튼 사용 가능: False
2025-09-23 13:52:55 - backend.core.coupang_reply_poster - INFO - === 페이지네이션 분석 완료 ===
2025-09-23 13:52:55 - backend.core.coupang_reply_poster - INFO - 더 이상 페이지가 없습니다.
2025-09-23 13:52:55 - backend.core.coupang_reply_poster - INFO - 더 이상 페이지가 없습니다.
2025-09-23 13:52:55 - backend.core.coupang_reply_poster - WARNING - 모든 페이지에서 리뷰를 찾을 수 없음: 01EUJW
2025-09-23 13:52:55 - backend.core.coupang_reply_poster - WARNING - 리뷰 요소를 찾을 수 없습니다: 01EUJW
2025-09-23 13:52:55 - backend.core.coupang_reply_poster - WARNING - ❌ 리뷰 처리 실패: 01EUJW - 결과 없음
2025-09-23 13:52:55 - backend.core.coupang_reply_poster - INFO - 🔄 리뷰 처리 시작: 1TCZWN (총 처리 중: 2개)
2025-09-23 13:52:55 - backend.core.coupang_reply_poster - INFO - 답글 포스팅 시작: 김** (ID: 1TCZWN)
2025-09-23 13:52:55 - backend.core.coupang_reply_poster - INFO - 리뷰 검색 시작: ID=1TCZWN, 이름=김**
2025-09-23 13:52:55 - backend.core.coupang_reply_poster - INFO - 페이지 1에서 리뷰 검색 중...
2025-09-23 13:52:55 - backend.core.coupang_reply_poster - INFO - ✅ 리뷰어 이름 정확 매칭 성공: 김**
2025-09-23 13:52:55 - backend.core.coupang_reply_poster - INFO - ⚠️ 교차 검증 실패: 예상 주문번호='1TCZWN', 실제='2WRN2Eㆍ2025-09-23(주문일)' - 계속 검색
2025-09-23 13:52:55 - backend.core.coupang_reply_poster - INFO - ⚠️ 교차 검증 실패: 예상 주문번호='1TCZWN', 실제='2WRN2Eㆍ2025-09-23(주문일)' - 계속 검색
2025-09-23 13:52:55 - backend.core.coupang_reply_poster - INFO - ⚠️ 교차 검증 실패: 예상 주문번호='1TCZWN', 실제='2WRN2Eㆍ2025-09-23(주문일)' - 계속 검색
2025-09-23 13:52:55 - backend.core.coupang_reply_poster - INFO - ⚠️ 교차 검증 실패: 예상 주문번호='1TCZWN', 실제='2WRN2Eㆍ2025-09-23(주문일)' - 계속 검색
2025-09-23 13:52:55 - backend.core.coupang_reply_poster - INFO - ⚠️ 교차 검증 실패: 예상 주문번호='1TCZWN', 실제='2WRN2Eㆍ2025-09-23(주문일)' - 계속 검색
2025-09-23 13:52:55 - backend.core.coupang_reply_poster - INFO - ⚠️ 교차 검증 실패: 예상 주문번호='1TCZWN', 실제='2WRN2Eㆍ2025-09-23(주문일)' - 계속 검색
2025-09-23 13:52:55 - backend.core.coupang_reply_poster - INFO - ⚠️ 교차 검증 실패: 예상 주문번호='1TCZWN', 실제='2WRN2Eㆍ2025-09-23(주문일)' - 계속 검색
2025-09-23 13:52:55 - backend.core.coupang_reply_poster - INFO - ⚠️ 교차 검증 실패: 예상 주문번호='1TCZWN', 실제='2WRN2Eㆍ2025-09-23(주문일)' - 계속 검색
2025-09-23 13:52:55 - backend.core.coupang_reply_poster - WARNING - 완전한 컨테이너를 찾지 못함, 리뷰어 요소 반환
2025-09-23 13:52:55 - backend.core.coupang_reply_poster - INFO - ✅ 리뷰 발견: 페이지 1
2025-09-23 13:52:55 - backend.core.coupang_reply_poster - WARNING - 답글 등록/수정 버튼을 찾을 수 없습니다: 1TCZWN
2025-09-23 13:52:55 - backend.core.coupang_reply_poster - INFO - 🔍 === 1TCZWN 리뷰 요소 내 버튼 디버깅 ===
2025-09-23 13:52:55 - backend.core.coupang_reply_poster - INFO - 🔘 버튼 0개 발견
2025-09-23 13:52:55 - backend.core.coupang_reply_poster - INFO - 🔗 링크 0개 발견
2025-09-23 13:52:55 - backend.core.coupang_reply_poster - INFO - 📄 요소 HTML (처음 500자): <b>김**</b><b>1회 주문</b>...
2025-09-23 13:52:55 - backend.core.coupang_reply_poster - INFO - 재시도 준비 중: 1TCZWN
2025-09-23 13:52:55 - backend.core.coupang_reply_poster - INFO - 🔁 재시도 1/2: 1TCZWN
2025-09-23 13:52:57 - backend.core.coupang_reply_poster - INFO - 답글 포스팅 시작: 김** (ID: 1TCZWN)
2025-09-23 13:52:57 - backend.core.coupang_reply_poster - INFO - 리뷰 검색 시작: ID=1TCZWN, 이름=김**
2025-09-23 13:52:57 - backend.core.coupang_reply_poster - INFO - 페이지 1에서 리뷰 검색 중...
2025-09-23 13:52:57 - backend.core.coupang_reply_poster - INFO - ✅ 리뷰어 이름 정확 매칭 성공: 김**
2025-09-23 13:52:57 - backend.core.coupang_reply_poster - INFO - ⚠️ 교차 검증 실패: 예상 주문번호='1TCZWN', 실제='2WRN2Eㆍ2025-09-23(주문일)' - 계속 검색
2025-09-23 13:52:57 - backend.core.coupang_reply_poster - INFO - ⚠️ 교차 검증 실패: 예상 주문번호='1TCZWN', 실제='2WRN2Eㆍ2025-09-23(주문일)' - 계속 검색
2025-09-23 13:52:57 - backend.core.coupang_reply_poster - INFO - ⚠️ 교차 검증 실패: 예상 주문번호='1TCZWN', 실제='2WRN2Eㆍ2025-09-23(주문일)' - 계속 검색
2025-09-23 13:52:57 - backend.core.coupang_reply_poster - INFO - ⚠️ 교차 검증 실패: 예상 주문번호='1TCZWN', 실제='2WRN2Eㆍ2025-09-23(주문일)' - 계속 검색
2025-09-23 13:52:57 - backend.core.coupang_reply_poster - INFO - ⚠️ 교차 검증 실패: 예상 주문번호='1TCZWN', 실제='2WRN2Eㆍ2025-09-23(주문일)' - 계속 검색
2025-09-23 13:52:57 - backend.core.coupang_reply_poster - INFO - ⚠️ 교차 검증 실패: 예상 주문번호='1TCZWN', 실제='2WRN2Eㆍ2025-09-23(주문일)' - 계속 검색
2025-09-23 13:52:57 - backend.core.coupang_reply_poster - INFO - ⚠️ 교차 검증 실패: 예상 주문번호='1TCZWN', 실제='2WRN2Eㆍ2025-09-23(주문일)' - 계속 검색
2025-09-23 13:52:57 - backend.core.coupang_reply_poster - INFO - ⚠️ 교차 검증 실패: 예상 주문번호='1TCZWN', 실제='2WRN2Eㆍ2025-09-23(주문일)' - 계속 검색
2025-09-23 13:52:57 - backend.core.coupang_reply_poster - WARNING - 완전한 컨테이너를 찾지 못함, 리뷰어 요소 반환
2025-09-23 13:52:57 - backend.core.coupang_reply_poster - INFO - ✅ 리뷰 발견: 페이지 1
2025-09-23 13:52:57 - backend.core.coupang_reply_poster - WARNING - 답글 등록/수정 버튼을 찾을 수 없습니다: 1TCZWN
2025-09-23 13:52:57 - backend.core.coupang_reply_poster - INFO - 🔍 === 1TCZWN 리뷰 요소 내 버튼 디버깅 ===
2025-09-23 13:52:57 - backend.core.coupang_reply_poster - INFO - 🔘 버튼 0개 발견
2025-09-23 13:52:57 - backend.core.coupang_reply_poster - INFO - 🔗 링크 0개 발견
2025-09-23 13:52:57 - backend.core.coupang_reply_poster - INFO - 📄 요소 HTML (처음 500자): <b>김**</b><b>1회 주문</b>...
2025-09-23 13:52:57 - backend.core.coupang_reply_poster - INFO - 재시도 준비 중: 1TCZWN
2025-09-23 13:52:57 - backend.core.coupang_reply_poster - INFO - 🔁 재시도 2/2: 1TCZWN
2025-09-23 13:53:01 - backend.core.coupang_reply_poster - INFO - 답글 포스팅 시작: 김** (ID: 1TCZWN)
2025-09-23 13:53:01 - backend.core.coupang_reply_poster - INFO - 리뷰 검색 시작: ID=1TCZWN, 이름=김**
2025-09-23 13:53:01 - backend.core.coupang_reply_poster - INFO - 페이지 1에서 리뷰 검색 중...
2025-09-23 13:53:01 - backend.core.coupang_reply_poster - INFO - ✅ 리뷰어 이름 정확 매칭 성공: 김**
2025-09-23 13:53:01 - backend.core.coupang_reply_poster - INFO - ⚠️ 교차 검증 실패: 예상 주문번호='1TCZWN', 실제='2WRN2Eㆍ2025-09-23(주문일)' - 계속 검색
2025-09-23 13:53:01 - backend.core.coupang_reply_poster - INFO - ⚠️ 교차 검증 실패: 예상 주문번호='1TCZWN', 실제='2WRN2Eㆍ2025-09-23(주문일)' - 계속 검색
2025-09-23 13:53:01 - backend.core.coupang_reply_poster - INFO - ⚠️ 교차 검증 실패: 예상 주문번호='1TCZWN', 실제='2WRN2Eㆍ2025-09-23(주문일)' - 계속 검색
2025-09-23 13:53:01 - backend.core.coupang_reply_poster - INFO - ⚠️ 교차 검증 실패: 예상 주문번호='1TCZWN', 실제='2WRN2Eㆍ2025-09-23(주문일)' - 계속 검색
2025-09-23 13:53:01 - backend.core.coupang_reply_poster - INFO - ⚠️ 교차 검증 실패: 예상 주문번호='1TCZWN', 실제='2WRN2Eㆍ2025-09-23(주문일)' - 계속 검색
2025-09-23 13:53:01 - backend.core.coupang_reply_poster - INFO - ⚠️ 교차 검증 실패: 예상 주문번호='1TCZWN', 실제='2WRN2Eㆍ2025-09-23(주문일)' - 계속 검색
2025-09-23 13:53:01 - backend.core.coupang_reply_poster - INFO - ⚠️ 교차 검증 실패: 예상 주문번호='1TCZWN', 실제='2WRN2Eㆍ2025-09-23(주문일)' - 계속 검색
2025-09-23 13:53:01 - backend.core.coupang_reply_poster - INFO - ⚠️ 교차 검증 실패: 예상 주문번호='1TCZWN', 실제='2WRN2Eㆍ2025-09-23(주문일)' - 계속 검색
2025-09-23 13:53:01 - backend.core.coupang_reply_poster - WARNING - 완전한 컨테이너를 찾지 못함, 리뷰어 요소 반환
2025-09-23 13:53:01 - backend.core.coupang_reply_poster - INFO - ✅ 리뷰 발견: 페이지 1
2025-09-23 13:53:01 - backend.core.coupang_reply_poster - WARNING - 답글 등록/수정 버튼을 찾을 수 없습니다: 1TCZWN
2025-09-23 13:53:01 - backend.core.coupang_reply_poster - INFO - 🔍 === 1TCZWN 리뷰 요소 내 버튼 디버깅 ===
2025-09-23 13:53:01 - backend.core.coupang_reply_poster - INFO - 🔘 버튼 0개 발견
2025-09-23 13:53:01 - backend.core.coupang_reply_poster - INFO - 🔗 링크 0개 발견
2025-09-23 13:53:01 - backend.core.coupang_reply_poster - INFO - 📄 요소 HTML (처음 500자): <b>김**</b><b>1회 주문</b>...
2025-09-23 13:53:01 - backend.core.coupang_reply_poster - WARNING - ❌ 리뷰 처리 실패: 1TCZWN - 결과 없음
